text,teks_bersih,teks_normal,teks_stopwords,teks_stemmed,teks_terjemah
"Thank You Girls! Btw aku juga main game horor romantis hantu ganteng, judul gamenya Homicipher.
Ini link videonya Gurls: https://www.youtube.com/watch?v=ynNGYMdDZZw&t=9s
Next kita cobain Story nya Caleb guys!

Yuk Join Discord paling rame se-Indonesia buat cari temen!: https://discord.com/invite/motionime
Festival Motionime Fest coming soon 2025: https://www.instagram.com/motionimefest",thank you girls btw aku juga main game horor romantis hantu ganteng judul gamenya homicipher ini link videonya gurls next kita cobain story nya caleb guys yuk join discord paling rame seindonesia buat cari temen festival motionime fest coming soon,thank you girls by the way aku juga main game horor romantis hantu ganteng judul gamenya homicipher ini link videonya gurls next kita cobain story nya caleb guys yuk join discord paling rame seindonesia buat cari temen festival motionime fest coming soon,thank you girls by the way main game horor romantis hantu ganteng judul gamenya homicipher link videonya gurls next cobain story nya caleb guys yuk join discord rame seindonesia cari temen festival motionime fest coming soon,thank you girls by the way main game horor romantis hantu ganteng judul gamenya homicipher link video gurls next cobain story nya caleb guys yuk join discord rame indonesia cari temen festival motionime fest coming soon,thank you girls by the way play romantic horror game handsome ghost game title homicipher link video gurls next try caleb's story guys let's join discord rame indonesia looking for friends motionime fest festival coming soon
ngulang nonton 💙,ngulang nonton,mengulang nonton,mengulang nonton,ulang nonton,watch it again
AKU SUKA BANG WINDAH MAIN GAME INIII HAPPY BGTTTTT❤❤ AKU NGULANG LAGI NONTON INII,aku suka bang windah main game iniii happy bgttttt aku ngulang lagi nonton inii,aku suka bang windah main game ini happy banget aku mengulang lagi nonton inii,suka bang windah main game happy banget mengulang nonton inii,suka bang windah main game happy banget ulang nonton ini,"Bro, Windah likes playing games, really happy to watch this again"
"puncak komedi ""eh tapi gini anj. it doesn't work, dia ganteng anying""",puncak komedi eh tapi gini anj it doesnt work dia ganteng anying,puncak komedi eh tapi gini anjir it doesnt work dia ganteng anying,puncak komedi eh gini anjir it doesnt work ganteng anying,puncak komedi eh gin anjir it doesnt work ganteng anying,peak comedy eh gin anjir it doesn't work handsome anying
bang,bang,bang,bang,bang,bro
xavier itu my kisah bg,xavier itu my kisah bg,xavier itu my kisah bang,xavier my kisah bang,xavier my kisah bang,Xavier my story bro
finally bang makasih udah mainin game ini😊,finally bang makasih udah mainin game ini,finally bang makasih sudah mainin game ini,finally bang makasih mainin game,finally bang makasih mainin game,"finally bro, thanks for playing the game"
ini yg full skrinsut itu bukan😂,ini yg full skrinsut itu bukan,ini yang full skrinsut itu bukan,full skrinsut,full skrinsut,full screenshot
semangat bang windahhh,semangat bang windahhh,semangat bang windahhh,semangat bang windahhh,semangat bang windahhh,"Keep your spirits up, Windahhh"
"kesini gr"" tau bg windah main game ada suami ku😂😞",kesini gr tau bg windah main game ada suami ku,kesini gara-gara tau bang windah main game ada suami ku,kesini gara-gara tau bang windah main game suami ku,kesini gara-gara tau bang windah main game suami ku,I came here because I knew my husband was playing games
I LOVE SYLUS!!❤️⚪,i love sylus,i love sylus,i love sylus,i love sylus,i love sylus
geli dikit tapi tetap nonton,geli dikit tapi tetap nonton,geli dikit tapi tetap nonton,geli dikit nonton,geli dikit nonton,a little amused to watch
2:26:20,,,,,
BANG UNLOCK CALEB DI STORY HOMECOMING WINGS LAHHHHHHH CALEB STORY NYA COMPLICATED BANG SERU TRAGIS DRAMATIS GANTENG,bang unlock caleb di story homecoming wings lahhhhhhh caleb story nya complicated bang seru tragis dramatis ganteng,bang unlock caleb di story homecoming wings lahhhhhhh caleb story nya complicated bang seru tragis dramatis ganteng,bang unlock caleb story homecoming wings lahhhhhhh caleb story nya complicated bang seru tragis dramatis ganteng,bang unlock caleb story homecoming wings lahhhhhhh caleb story nya complicated bang seru tragis dramatis ganteng,"bro, unlock the caleb story, homecoming wings, lahhhhhhh, caleb's story is complicated, bro, exciting, tragic, dramatic, handsome"
43:22,,,,,
51:41 mirip banget bang aku susah bedain kamu sama zayne 😍,mirip banget bang aku susah bedain kamu sama zayne,mirip banget bang aku susah bedain kamu sama zayne,banget bang susah bedain zayne,banget bang susah bedain zayne,It's really hard to tell Zayne apart
bang Winda jelek,bang winda jelek,bang winda jelek,bang winda jelek,bang winda jelek,"Bro, Winda is ugly"
Bang sebenernya lu bisa review semua 5 star nya di battle>>>training wkwkwkkw ga perlu gacha buat coba😂,bang sebenernya lu bisa review semua star nya di battletraining wkwkwkkw ga perlu gacha buat coba,bang sebenernya lu bisa review semua star nya di battletraining tertawa ga perlu gacha buat coba,bang sebenernya lu review star nya battletraining tertawa ga gacha coba,bang sebenernya lu review star nya battletraining tertawa ga gacha coba,"Bro, actually, you're reviewing the star of BattleTraining, laughing or not, don't you try it?"
"Ini jujur game keren si, meskipun ini game dibuat untuk cwek,tapi desain² karakter cowoknya beuhh gokil sih bner² mahal desain²nya",ini jujur game keren si meskipun ini game dibuat untuk cwektapi desain karakter cowoknya beuhh gokil sih bner mahal desainnya,ini jujur game keren si meskipun ini game dibuat untuk cwektapi desain karakter cowoknya beuhh gokil sih bner mahal desainnya,jujur game keren si game cwektapi desain karakter cowoknya beuhh gokil sih bner mahal desainnya,jujur game keren si game cwektapi desain karakter cowok beuhh gokil sih bner mahal desain,"Honestly, the girl's game is cool, but the boy character designs are really crazy, really expensive designs"
dibilang so keren tapi di screenshoot😭,dibilang so keren tapi di screenshoot,dibilang so keren tapi di screenshoot,dibilang so keren screenshoot,bilang so keren screenshoot,said so cool screenshot
"Love you bang windah, akhirnya main ini juga",love you bang windah akhirnya main ini juga,love you bang windah akhirnya main ini juga,love you bang windah main,love you bang windah main,love you bro windah main
bangg. lanjutin fear and hunger 2 dong banggg,bangg lanjutin fear and hunger dong banggg,bangg lanjutin fear and hunger dong banggg,bangg lanjutin fear and hunger banggg,bangg lanjutin fear and hunger banggg,Proud to continue Fear and Hunger bro
​@FebrianPutraTriatama Aku lebih ganteng Febri,febrianputratriatama aku lebih ganteng febri,febrianputratriatama aku lebih ganteng febri,febrianputratriatama ganteng febri,febrianputratriatama ganteng febri,febrianputratriatama handsome febri
"GG bang dari aku bocil Sylus, maaf yh tadi aku spam sylus, hehe. THANK YOU BANG BRANDO ❤",gg bang dari aku bocil sylus maaf yh tadi aku spam sylus hehe thank you bang brando,gg bang dari aku bocil sylus maaf yh tadi aku spam sylus hehe thank you bang brando,gg bang bocil sylus maaf yh spam sylus hehe thank you bang brando,gg bang bocil sylus maaf yh spam sylus hehe thank you bang brando,gg bro bocil sylus sorry spam sylus hehe thank you bro brando
lopyuuu bang windahh,lopyuuu bang windahh,lopyuuu bang windahh,lopyuuu bang windahh,lopyuuu bang windahh,lopyuuu bro windahh
"Thanks bang udah review game kesukaan ku, sehat slalu ya bang",thanks bang udah review game kesukaan ku sehat slalu ya bang,thanks bang sudah review game kesukaan ku sehat slalu ya bang,thanks bang review game kesukaan ku sehat slalu ya bang,thanks bang review game suka ku sehat slalu ya bang,"thanks bro, for the review of the game I like, stay healthy, bro"
gg papa windah!!!❤❤,gg papa windah,gg papa windah,gg papa windah,gg papa windah,no papa windah
RESPECTT!! makasiii bang windah uda mainnnn😚,respectt makasiii bang windah uda mainnnn,respectt makasiii bang windah uda mainnnn,respectt makasiii bang windah uda mainnnn,respectt makasiii bang windah uda mainnnn,"Respect, thanks bro, Windah for playing"
lopee banget sama bang windah 🥰🥰,lopee banget sama bang windah,lopee banget sama bang windah,lopee banget bang windah,lopee banget bang windah,"really lopee, bro, beautiful"
bang seret ga lanjut bang,bang seret ga lanjut bang,bang seret ga lanjut bang,bang seret ga bang,bang seret ga bang,"bro, isn't it dragging?"
"keren bang, aku bocil rafayel",keren bang aku bocil rafayel,keren bang aku bocil rafayel,keren bang bocil rafayel,keren bang bocil rafayel,cool bro little boy rafayel
bang lanjut homichiper 🥹,bang lanjut homichiper,bang lanjut homichiper,bang homichiper,bang homichiper,bro homichiper
Gas main game ini lgi bang,gas main game ini lgi bang,gas main game ini lgi bang,gas main game lgi bang,gas main game lgi bang,Gas playing games again bro
"Banggg lanjut main game homichiperrr plssss, mau liatt banh sereettt 😭😭😭😭😭",banggg lanjut main game homichiperrr plssss mau liatt banh sereettt,banggg lanjut main game homichiperrr plssss mau liatt banh sereettt,banggg main game homichiperrr plssss liatt banh sereettt,banggg main game homichiperrr plssss liatt banh sereettt,proud to play the game homichiperrr plssss check it out banh sereettt
woi lanjutin homichiper jangan cuma ngomong doang😠😠😠😠😠😠😡😤😤😰,woi lanjutin homichiper jangan cuma ngomong doang,woi lanjutin homichiper jangan cuma ngomong doang,woi lanjutin homichiper ngomong doang,woi lanjutin homichiper ngomong doang,"Wow, just keep talking homichiper"
gg bang dari aku bocil Rafayel & Caleb 🦫🦫,gg bang dari aku bocil rafayel caleb,gg bang dari aku bocil rafayel caleb,gg bang bocil rafayel caleb,gg bang bocil rafayel caleb,gg bang bang rafayel caleb
Gg btw aku bocil sylus bang,gg btw aku bocil sylus bang,gg by the way aku bocil sylus bang,gg by the way bocil sylus bang,gg by the way bocil sylus bang,gg by the way bocil sylus bro
Gg bang aku bocil caleb,gg bang aku bocil caleb,gg bang aku bocil caleb,gg bang bocil caleb,gg bang bocil caleb,gg bro little boy caleb
"​ @AkunBaru-u2u omg bocil caleb, you such a cutie person, ❤❤",akunbaruuu omg bocil caleb you such a cutie person,akunbaruuu omg bocil caleb you such a cutie person,akunbaruuu omg bocil caleb you such a cutie person,akunbaruuu omg bocil caleb you such a cutie person,"new account omg what a kid, Caleb you are such a cutie person"
Witch cry 2 kapn bng,witch cry kapn bng,witch cry kapn bng,witch cry kapn bng,witch cry kapn bng,witch cry when bro
 @WindahBasudara  makasih bang,windahbasudara makasih bang,windahbasudara makasih bang,windahbasudara makasih bang,windahbasudara makasih bang,windahbasudara thank you bro
"​@FebrianPutraTriatama yaudah sih bang, kan emang cakep semua",febrianputratriatama yaudah sih bang kan emang cakep semua,febrianputratriatama yaudah sih bang kan emang cakep semua,febrianputratriatama yaudah sih bang emang cakep,febrianputratriatama yaudah sih bang emang cakep,"Febrianputratriatama, yes, bro, he's really cute"
Bang klo mau cari game cozy open world kyk genshin coba main Infinity Nikki (ga maksa yah),bang klo mau cari game cozy open world kyk genshin coba main infinity nikki ga maksa yah,bang klo mau cari game cozy open world kyk genshin coba main infinity nikki ga maksa yah,bang klo cari game cozy open world kyk genshin coba main infinity nikki ga maksa yah,bang klo cari game cozy open world kyk genshin coba main infinity nikki ga maksa yah,"Bro, if you're looking for a cozy open world game like Genshin, try playing Infinity Nikki, don't force it"
GG bang aku bocil rafayel,gg bang aku bocil rafayel,gg bang aku bocil rafayel,gg bang bocil rafayel,gg bang bocil rafayel,gg bro little boy rafayel
Nice!!,nice,nice,nice,nice,nice
Bang windah main dong moonlight crush ada bahasa indonesia game story pacaran,bang windah main dong moonlight crush ada bahasa indonesia game story pacaran,bang windah main dong moonlight crush ada bahasa indonesia game story pacaran,bang windah main moonlight crush bahasa indonesia game story pacaran,bang windah main moonlight crush bahasa indonesia game story pacar,Bang Windah main Moonlight Crush Indonesian language game story boyfriend
tengkiyu dah ngasih spoilernya bang 😂👍 dari dulu masih mikir2 main ini game,tengkiyu dah ngasih spoilernya bang dari dulu masih mikir main ini game,tengkiyu dah ngasih spoilernya bang dari dulu masih mikir main ini game,tengkiyu dah ngasih spoilernya bang mikir main game,tengkiyu dah ngasih spoilernya bang mikir main game,"Tengkiyu has given the spoiler bro, thinking about playing the game"
bang plis main fear and hunger yg game kedua bang aku bocil fear and hunger,bang plis main fear and hunger yg game kedua bang aku bocil fear and hunger,bang tolong main fear and hunger yang game kedua bang aku bocil fear and hunger,bang tolong main fear and hunger game bang bocil fear and hunger,bang tolong main fear and hunger game bang bocil fear and hunger,"bro, please play the fear and hunger game, bro, kid, fear and hunger"
Bang aku tungguhin caleb atory nya,bang aku tungguhin caleb atory nya,bang aku tungguhin caleb atory nya,bang tungguhin caleb atory nya,bang tungguhin caleb atory nya,"bro, wait for the caleb atory"
keren bang aku istri sylus,keren bang aku istri sylus,keren bang aku istri sylus,keren bang istri sylus,keren bang istri sylus,Sylus's wife is cool
Lanjutt bang main game ini :D,lanjutt bang main game ini d,lanjutt bang main game ini d,lanjutt bang main game d,lanjutt bang main game d,continue playing games bro d
"Bang lanjutin game bang seret dong bang plis, udh seskreb laik n komen nih",bang lanjutin game bang seret dong bang plis udh seskreb laik n komen nih,bang lanjutin game bang seret dong bang tolong udh seskreb laik n komen nih,bang lanjutin game bang seret bang tolong udh seskreb laik n komen nih,bang lanjutin game bang seret bang tolong udh seskreb laik n komen nih,"bro, continue the game bro, drag it bro, please make it as creative as possible and comment"
You're welcome. Sebenernya tadinya aku tim Xavier - Rafael (not your type) tapi setuju Caleb keren banget huhu,youre welcome sebenernya tadinya aku tim xavier rafael not your type tapi setuju caleb keren banget huhu,youre welcome sebenernya tadinya aku tim xavier rafael not your type tapi setuju caleb keren banget huhu,youre welcome sebenernya tim xavier rafael not your type setuju caleb keren banget huhu,youre welcome sebenernya tim xavier rafael not your type tuju caleb keren banget huhu,you're welcome actually xavier rafael team not your type caleb's goal is really cool huhu
"Main lagi bang, masih nungguin part 2 sampe sekarang😔",main lagi bang masih nungguin part sampe sekarang,main lagi bang masih nungguin part sampe sekarang,main bang nungguin part sampe,main bang nungguin part sampe,"I'm playing, waiting for the part to arrive"
BANG MANA JANJIMU YANG MW COBAIN STORYNYA CALEB 🙄🙄,bang mana janjimu yang mw cobain storynya caleb,bang mana janjimu yang mw cobain storynya caleb,bang janjimu mw cobain storynya caleb,bang janji mw cobain storynya caleb,"Bro, promise I'll try Caleb's story"
ohmayygot,ohmayygot,ohmayygot,ohmayygot,ohmayygot,ohmayygot
bang lanjutin itu juga plisss,bang lanjutin itu juga plisss,bang lanjutin itu juga plisss,bang lanjutin plisss,bang lanjutin plisss,"bro, continue pls"
Aku bocil semuanya bangg,aku bocil semuanya bangg,aku bocil semuanya bangg,bocil bangg,bocil bangg,I'm so stupid
Keren banget game ya aku suka bang,keren banget game ya aku suka bang,keren banget game ya aku suka bang,keren banget game ya suka bang,keren banget game ya suka bang,"Very cool game, I like it bro"
Typo meski sudah diedit,typo meski sudah diedit,typo meski sudah diedit,typo diedit,typo edit,typo edit
 @WindahBasudara  cara bisa main gem homichiper gimana bang?,windahbasudara cara bisa main gem homichiper gimana bang,windahbasudara cara bisa main gem homichiper gimana bang,windahbasudara main gem homichiper gimana bang,windahbasudara main gem homichiper gimana bang,how do you play gem homichiper bro?
"Gg bang thank you juga, lanjutin lagi dong wkwk dri bocil caleb",gg bang thank you juga lanjutin lagi dong wkwk dri bocil caleb,gg bang thank you juga lanjutin lagi dong tertawa dri bocil caleb,gg bang thank you lanjutin tertawa dri bocil caleb,gg bang thank you lanjutin tertawa dri bocil caleb,"gg bro, thank you, continue laughing from Bocil Caleb"
Makasih boy,makasih boy,makasih boy,makasih boy,makasih boy,thanks boy
Lanjutin banggg gameeee nyaaa,lanjutin banggg gameeee nyaaa,lanjutin banggg gameeee nyaaa,lanjutin banggg gameeee nyaaa,lanjutin banggg gameeee nyaaa,keep going with your gameeee nyaaa
Bang i love dedemit,bang i love dedemit,bang i love dedemit,bang i love dedemit,bang i love dedemit,"bro, I love you"
Terlahir kembali sebagai  uchiha windah 🗿,terlahir kembali sebagai uchiha windah,terlahir kembali sebagai uchiha windah,terlahir uchiha windah,lahir uchiha windah,Uchiha Windah was born
"Baru lanjut nonton, gelo bg 1jt",baru lanjut nonton gelo bg jt,baru lanjut nonton gelo bang jt,nonton gelo bang jt,nonton gelo bang jt,watch gelo bro jt
"@FebrianPutraTriatama selera ganteng orang-orang beda-beda, bukan berarti lu bilang dia ganteng semua oranh bkln setuju, begitu pula sebaliknya.",febrianputratriatama selera ganteng orangorang bedabeda bukan berarti lu bilang dia ganteng semua oranh bkln setuju begitu pula sebaliknya,febrianputratriatama selera ganteng orangorang bedabeda bukan berarti lu bilang dia ganteng semua oranh bkln setuju begitu pula sebaliknya,febrianputratriatama selera ganteng orangorang bedabeda lu bilang ganteng oranh bkln setuju,febrianputratriatama selera ganteng orangorang bedabeda lu bilang ganteng oranh bkln tuju,febrianputratriatama tastes in handsome people are different you say handsome people don't go for it
PLIS CALEB BANG 😭😭😭,plis caleb bang,tolong caleb bang,tolong caleb bang,tolong caleb bang,"Caleb, please bro"
 @MarsellAzuela   Caleg itu nyalonin diri kan,marsellazuela caleg itu nyalonin diri kan,marsellazuela caleg itu nyalonin diri kan,marsellazuela caleg nyalonin,marsellazuela caleg nyalonin,marsellazuela legislative candidate running for office
"​@FebrianPutraTriatama ya trs? emng ad yg peduli ganteng atau gk? disini hnya untuk have fun bkn buat nge banding²in ganteng itu ganteng ini, gausah oot beda lapak disini bahas game love and deepspace BUKAN game efootball",febrianputratriatama ya trs emng ad yg peduli ganteng atau gk disini hnya untuk have fun bkn buat nge bandingin ganteng itu ganteng ini gausah oot beda lapak disini bahas game love and deepspace bukan game efootball,febrianputratriatama ya trs emng ad yang peduli ganteng atau gk disini hnya untuk have fun bkn buat nge bandingin ganteng itu ganteng ini gausah oot beda lapak disini bahas game love and deepspace bukan game efootball,febrianputratriatama ya trs emng ad peduli ganteng gk hnya have fun bkn nge bandingin ganteng ganteng gausah oot beda lapak bahas game love and deepspace game efootball,febrianputratriatama ya trs emng ad peduli ganteng gk hnya have fun bkn nge bandingin ganteng ganteng gausah oot beda lapak bahas game love and deepspace game efootball,February
" @WindahBasudara   stop spam, aku lebih ganteng dari pada game ini maupun semua game, tapi kamu ada benernya Febri ini game halu sakit akut,  tapi nikmatin aja daripada diserang bocil halu.",windahbasudara stop spam aku lebih ganteng dari pada game ini maupun semua game tapi kamu ada benernya febri ini game halu sakit akut tapi nikmatin aja daripada diserang bocil halu,windahbasudara stop spam aku lebih ganteng dari pada game ini maupun semua game tapi kamu ada benernya febri ini game halu sakit akut tapi nikmatin saja daripada diserang bocil halu,windahbasudara stop spam ganteng game game benernya febri game halu sakit akut nikmatin diserang bocil halu,windahbasudara stop spam ganteng game game benernya febri game halu sakit akut nikmatin serang bocil halu,windahbasudara stop spam handsome game game febri game halu acute pain enjoy serang bocil halu
 @WindahBasudara  gg bang aku bocil zayne,windahbasudara gg bang aku bocil zayne,windahbasudara gg bang aku bocil zayne,windahbasudara gg bang bocil zayne,windahbasudara gg bang bocil zayne,windahbasudara gg bang bocil zayne
Makasi bang,makasi bang,makasi bang,makasi bang,makas bang,thanks bro
Storynya Caleb bang. Seru pollll,storynya caleb bang seru pollll,storynya caleb bang seru pollll,storynya caleb bang seru pollll,storynya caleb bang seru pollll,"Caleb's story is really exciting, bro"
GG bangggg di tunggu yg versi caleb nyaaaaaaa,gg bangggg di tunggu yg versi caleb nyaaaaaaa,gg bangggg di tunggu yang versi caleb nyaaaaaaa,gg bangggg tunggu versi caleb nyaaaaaaa,gg bangggg tunggu versi caleb nyaaaaaaa,gg excitedly waiting for Caleb's version
"bang windah aku download lad karna yg cyborg caleb, lanjutin yaa bang storynya, up level biar lanjut story yang duluu",bang windah aku download lad karna yg cyborg caleb lanjutin yaa bang storynya up level biar lanjut story yang duluu,bang windah aku download lad karna yang cyborg caleb lanjutin yaa bang storynya up level biar lanjut story yang duluu,bang windah download lad karna cyborg caleb lanjutin yaa bang storynya up level biar story duluu,bang windah download lad karna cyborg caleb lanjutin yaa bang storynya up level biar story duluu,"Bro, Windah, download lad because of Cyborg Caleb, please continue, bro, the story is up to level so the story goes first"
Aku menunggu live nya tapi aku jga telat  Kerna lagi kerja 😭😭🤣,aku menunggu live nya tapi aku jga telat kerna lagi kerja,aku menunggu live nya tapi aku jga telat kerna lagi kerja,menunggu live nya jga telat kerna kerja,tunggu live nya jga telat kerna kerja,"Wait for the live, don't be late for work"
"​@FebrianPutraTriatama Yaahh bacoootttt😮, gausah bawa2 opini lu, terserah bang windah dia mau bilang Gantengan yg mana, kalau menurut lu Gantengan game yg itu Yaudah, lagipun cewek2 kan cuma ngatain cowok yang iri, kalau lu tersinggung berarti lu juga iri dong🤪",febrianputratriatama yaahh bacoootttt gausah bawa opini lu terserah bang windah dia mau bilang gantengan yg mana kalau menurut lu gantengan game yg itu yaudah lagipun cewek kan cuma ngatain cowok yang iri kalau lu tersinggung berarti lu juga iri dong,febrianputratriatama yaahh bacoootttt gausah bawa opini lu terserah bang windah dia mau bilang gantengan yang mana kalau menurut lu gantengan game yang itu yaudah lagipun cewek kan cuma ngatain cowok yang iri kalau lu tersinggung berarti lu juga iri dong,febrianputratriatama yaahh bacoootttt gausah bawa opini lu terserah bang windah bilang gantengan lu gantengan game yaudah lagipun cewek ngatain cowok iri lu tersinggung lu iri,febrianputratriatama yaahh bacoootttt gausah bawa opini lu serah bang windah bilang ganteng lu ganteng game yaudah lagi cewek ngatain cowok iri lu singgung lu iri,February
GG bang aku bocil rafayel,gg bang aku bocil rafayel,gg bang aku bocil rafayel,gg bang bocil rafayel,gg bang bocil rafayel,gg bro little boy rafayel
BANG KAPAN STORY CALEB BANG,bang kapan story caleb bang,bang kapan story caleb bang,bang story caleb bang,bang story caleb bang,"bro, caleb's story bro"
LANJUTIN HOMICIPHER BNGGG,lanjutin homicipher bnggg,lanjutin homicipher bnggg,lanjutin homicipher bnggg,lanjutin homicipher bnggg,keep going bro homicipher
TY BANG,ty bang,ty bang,ty bang,ty bang,Ty bro
BANG ayo main lagi mumpung banner lagi specialnya Zayneee,bang ayo main lagi mumpung banner lagi specialnya zayneee,bang ayo main lagi mumpung banner lagi specialnya zayneee,bang ayo main mumpung banner specialnya zayneee,bang ayo main mumpung banner specialnya zayneee,"Bro, let's play while the special banner is Zayneee"
" @WindahBasudara  BANG WINDAHH, LANJUTIN YG CALEBB BANG, SKIN TERBARUNYA CALEB KEREN BANGET LOH EFEKNYAA",windahbasudara bang windahh lanjutin yg calebb bang skin terbarunya caleb keren banget loh efeknyaa,windahbasudara bang windahh lanjutin yang calebb bang skin terbarunya caleb keren banget loh efeknyaa,windahbasudara bang windahh lanjutin calebb bang skin terbarunya caleb keren banget loh efeknyaa,windahbasudara bang windahh lanjutin calebb bang skin baru caleb keren banget loh efeknyaa,"windahbasudara bro windahh keep going calebb bro caleb's new skin is really cool, the effect is really cool"
CEPET BANG COBA STORY CALEBBB,cepet bang coba story calebbb,cepet bang coba story calebbb,cepet bang coba story calebbb,cepet bang coba story calebbb,"Quick bro, try the story calebbb"
Bang main ini lagi doonggggss😭😭😭🙏🙏🙏🙏,bang main ini lagi doonggggss,bang main ini lagi doonggggss,bang main doonggggss,bang main doonggggss,"Bro, play please"
Bang ayo yg calleb bang,bang ayo yg calleb bang,bang ayo yang calleb bang,bang ayo calleb bang,bang ayo calleb bang,"bro, come on, call me bro"
😊😊,,,,,
"BAAANGGG ayooo coba storynya caleebb!! Tanggal 28 maret kemarin, ada myth baru dia diriliss!!",baaanggg ayooo coba storynya caleebb tanggal maret kemarin ada myth baru dia diriliss,baaanggg ayooo coba storynya caleebb tanggal maret kemarin ada myth baru dia diriliss,baaanggg ayooo coba storynya caleebb tanggal maret kemarin myth diriliss,baaanggg ayooo coba storynya caleebb tanggal maret kemarin myth diriliss,"Baaanggg, come on, try the story, Caleebb, last March, Myth was released"
Bang kalo gak salah si eve sama sylus bang,bang kalo gak salah si eve sama sylus bang,bang kalo gak salah si eve sama sylus bang,bang kalo gak salah si eve sylus bang,bang kalo gak salah si eve sylus bang,"Bro, if I'm not mistaken, it's Eve Sylus, bro"
😘,,,,,
Girls 💅🏻🌺,girls,girls,girls,girls,girls
Makasih bang ☺☺☺☺,makasih bang,makasih bang,makasih bang,makasih bang,thanks bro
keren bg,keren bg,keren bang,keren bang,keren bang,cool bro
lanjut dong bang game homiciper nya,lanjut dong bang game homiciper nya,lanjut dong bang game homiciper nya,bang game homiciper nya,bang game homiciper nya,"bro, the homiciper game"
"inget di menit 2:58:28, yg ngeyel🤢🤮",inget di menit yg ngeyel,inget di menit yang ngeyel,inget menit ngeyel,inget menit ngeyel,remember the annoying minutes
banyakin koleksi game cewe bang😭,banyakin koleksi game cewe bang,banyakin koleksi game cewe bang,banyakin koleksi game cewe bang,banyakin koleksi game cewe bang,Big collection of games for girls bro
"Thank you bangg, salam dari bocil rafayel✌🏻✌🏻✌🏻",thank you bangg salam dari bocil rafayel,thank you bangg salam dari bocil rafayel,thank you bangg salam bocil rafayel,thank you bangg salam bocil rafayel,"thank you, bro, greetings from Bocil Rafayel"
Bang sekalian buka bond nya Sylus yg MC nyelinap ke kamar Sylus 😭,bang sekalian buka bond nya sylus yg mc nyelinap ke kamar sylus,bang sekalian buka bond nya sylus yang mc nyelinap ke kamar sylus,bang buka bond nya sylus mc nyelinap kamar sylus,bang buka bond nya sylus mc nyelinap kamar sylus,"Bro, open the bond, Sylus MC sneaks into Sylus' room"
@JustHan22  eh iyaa ini lucu bgt bang😭,justhan eh iyaa ini lucu bgt bang,justhan eh iyaa ini lucu banget bang,justhan eh iyaa lucu banget bang,justhan eh iyaa lucu banget bang,"Justhan eh yes, it's really funny bro"
 @WindahBasudara  mending main ini aja bang dripda lanjutin game tdi,windahbasudara mending main ini aja bang dripda lanjutin game tdi,windahbasudara mending main ini saja bang dripda lanjutin game tdi,windahbasudara mending main bang dripda lanjutin game tdi,windahbasudara mending main bang dripda lanjutin game tdi,windahbasudara better play bro dripda continue the game
"game kesukaan cewe mulu bg yg di mainin, kali kali gitu game kesukaan cowo di mainin",game kesukaan cewe mulu bg yg di mainin kali kali gitu game kesukaan cowo di mainin,game kesukaan cewe mulu bang yang di mainin kali kali gitu game kesukaan cowo di mainin,game kesukaan cewe mulu bang mainin kali kali gitu game kesukaan cowo mainin,game suka cewe mulu bang mainin kali kali gitu game suka cowo mainin,"It's a game that girls like to play, bro, it's a game that guys like to play"
udah sering kocak ​ @ViannKaramoyy ,udah sering kocak viannkaramoyy,sudah sering kocak viannkaramoyy,kocak viannkaramoyy,kocak viannkaramoyy,hilarious viannkaramoyy
"​ @ViannKaramoyy udah sering anjir, game cewe kan baru dimainin 2 kali, homichiper sama ini",viannkaramoyy udah sering anjir game cewe kan baru dimainin kali homichiper sama ini,viannkaramoyy sudah sering anjir game cewe kan baru dimainin kali homichiper sama ini,viannkaramoyy anjir game cewe dimainin kali homichiper,viannkaramoyy anjir game cewe dimainin kali homichiper,viannkaramoyy anjir game for girls played this time homichiper
ahayy😮,ahayy,ahayy,ahayy,ahayy,ahayy
daripada lu pribumi,daripada lu pribumi,daripada lu pribumi,lu pribumi,lu pribumi,you're native
🎉,,,,,
Lanjutin story kalo mau ketemu sama Caleb 😢😢,lanjutin story kalo mau ketemu sama caleb,lanjutin story kalo mau ketemu sama caleb,lanjutin story kalo ketemu caleb,lanjutin story kalo ketemu caleb,Continue the story if you meet Caleb
Boy Winda bersaudara kenapa nggak sekalian main Roblox,boy winda bersaudara kenapa nggak sekalian main roblox,boy winda bersaudara kenapa nggak sekalian main roblox,boy winda bersaudara nggak main roblox,boy winda saudara nggak main roblox,"Boy Winda, you don't play Roblox"
Jgan bng,jgan bng,jgan bng,jgan bng,jgan bng,don't bro
Zayne,zayne,zayne,zayne,zayne,Zayne
Cewek yg nonton  ini,cewek yg nonton ini,cewek yang nonton ini,cewek nonton,cewek nonton,girl watching
"udah hampir setahun gue rewatch ini lagi wkwk, semoga ada part 2 bang windah main ini, mainin story caleb",udah hampir setahun gue rewatch ini lagi wkwk semoga ada part bang windah main ini mainin story caleb,sudah hampir setahun gue rewatch ini lagi tertawa semoga ada part bang windah main ini mainin story caleb,setahun gue rewatch tertawa semoga part bang windah main mainin story caleb,tahun gue rewatch tertawa moga part bang windah main mainin story caleb,"This year I'm rewatching and laughing, hopefully Bang Windah's part will play along with Caleb's story"
"yaampun baru liat ni video nd baca kolom komentar,ciwi indo banyak yg maen dong❤❤",yaampun baru liat ni video nd baca kolom komentarciwi indo banyak yg maen dong,yaampun baru liat ni video nd baca kolom komentarciwi indo banyak yang maen dong,yaampun liat ni video nd baca kolom komentarciwi indo maen,yaampun liat ni video nd baca kolom komentarciwi indo maen,"Oh my gosh, look at this video and read the comments column Ciwi Indo Main"
Bng kpn lanjut main love and deepspace lagi?,bng kpn lanjut main love and deepspace lagi,bng kpn lanjut main love and deepspace lagi,bng kpn main love and deepspace,bng kpn main love and deepspace,"bro, when to play love and deepspace"
Bang lanjut story caleb dong☹️🙏,bang lanjut story caleb dong,bang lanjut story caleb dong,bang story caleb,bang story caleb,bro story caleb
bang winduy kapan lanjut story caleb nyaaa^^,bang winduy kapan lanjut story caleb nyaaa,bang winduy kapan lanjut story caleb nyaaa,bang winduy story caleb nyaaa,bang winduy story caleb nyaaa,Bro Winduy Caleb's story
seru bgt 3 jam yg ga kerasa wkwkw tp sedih caleb ga diunlock:(((,seru bgt jam yg ga kerasa wkwkw tp sedih caleb ga diunlock,seru banget jam yang ga kerasa tertawa tp sedih caleb ga diunlock,seru banget jam ga kerasa tertawa tp sedih caleb ga diunlock,seru banget jam ga rasa tertawa tp sedih caleb ga diunlock,It was really fun when I didn't feel like laughing but it was sad that Caleb wasn't unlocked
Terakhir bang tenangin diri lo😢😮,terakhir bang tenangin diri lo,terakhir bang tenangin diri lo,bang tenangin lo,bang tenangin lo,"bro, calm down"
"Aku baru liat sekarang, telat 11 bulan 😅🎉",aku baru liat sekarang telat bulan,aku baru liat sekarang telat bulan,liat telat,liat telat,look late
tenangin diri lo,tenangin diri lo,tenangin diri lo,tenangin lo,tenangin lo,calm down
bang lanjut story caleb yaa,bang lanjut story caleb yaa,bang lanjut story caleb yaa,bang story caleb yaa,bang story caleb yaa,"Bro, Caleb's story"
sumpah pengen download tapi ram kagak cukup🙂🙂,sumpah pengen download tapi ram kagak cukup,sumpah pengen download tapi ram kagak cukup,sumpah pengen download ram kagak,sumpah ken download ram kagak,I swear I can't download RAM
"Pesona sylus luar biasa sih, mangkanya cewe cewe suka termasuk aku juga",pesona sylus luar biasa sih mangkanya cewe cewe suka termasuk aku juga,pesona sylus luar biasa sih mangkanya cewe cewe suka termasuk aku juga,pesona sylus sih mangkanya cewe cewe suka,pesona sylus sih mangkanya cewe cewe suka,The charm of Sylus is that girls really like it
Kalo di ganti cwok jadi boy love bg 😹🤭,kalo di ganti cwok jadi boy love bg,kalo di ganti cwok jadi boy love bang,kalo ganti cwok boy love bang,kalo ganti cwok boy love bang,if you change to boy boy love bro
"Saylus jagoan gua 😎🥶
Favorit gua ini saylus",saylus jagoan gua favorit gua ini saylus,saylus jagoan gua favorit gua ini saylus,saylus jagoan gua favorit gua saylus,saylus jago gua favorit gua saylus,"saylus is good, my favorite is saylus"
"sama kaa, seharusnya pilih story ke3 dibawahnya sylus warna kuning",sama kaa seharusnya pilih story ke dibawahnya sylus warna kuning,sama kaa seharusnya pilih story ke dibawahnya sylus warna kuning,kaa pilih story dibawahnya sylus warna kuning,kaa pilih story bawah sylus warna kuning,Kaa select the story under the yellow sylus
Sama kak😂,sama kak,sama kak,kak,kak,Sis
Berapa emang? Sisain 30gb+ di aku size nya 35gb,berapa emang sisain gb di aku size nya gb,berapa emang sisain gb di aku size nya gb,emang sisain gb size nya gb,emang sisain gb size nya gb,I'm leaving the size GB
Duh telet 10 bulan gak ngaruh😂,duh telet bulan gak ngaruh,duh telet bulan gak ngaruh,duh telet gak ngaruh,duh telet gak ngaruh,"Oh, being too late doesn't matter"
"GAMEE INII EMANGG SESERUU ITUU PLCC, sukaaa bangett :3",gamee inii emangg seseruu ituu plcc sukaaa bangett,gamee inii emangg seseruu ituu plcc sukaaa bangett,gamee inii emangg seseruu ituu plcc sukaaa bangett,gamee ini emangg seseruu ituu plcc sukaaa bangett,"This game is really that fun, I really like it"
o,o,o,o,o,o
gada niatin lanjutin ini kah bang? 😔,gada niatin lanjutin ini kah bang,gada niatin lanjutin ini kah bang,gada niatin lanjutin kah bang,gada niatin lanjutin kah bang,"I have no intention of continuing, bro"
"48:42 aku mau ditelpon caleb, bang, eh udh stiap hari sih🤭",aku mau ditelpon caleb bang eh udh stiap hari sih,aku mau ditelpon caleb bang eh udh stiap hari sih,ditelpon caleb bang eh udh stiap sih,telpon caleb bang eh udh stiap sih,"Call Caleb, bro, I'm ready"
"""Badannya macho wajahnya tampan"" aka CALEB, itu jg favorit ku banggggg",badannya macho wajahnya tampan aka caleb itu jg favorit ku banggggg,badannya macho wajahnya tampan aka caleb itu juga favorit ku banggggg,badannya macho wajahnya tampan aka caleb favorit ku banggggg,badan macho wajah tampan aka caleb favorit ku banggggg,"macho body, handsome face, aka my favorite caleb, bro"
Thank you bang windah uda mainin gamee inii buat kitaa semuaa🎉,thank you bang windah uda mainin gamee inii buat kitaa semuaa,thank you bang windah uda mainin gamee inii buat kitaa semuaa,thank you bang windah uda mainin gamee inii kitaa semuaa,thank you bang windah uda mainin gamee ini kitaa semuaa,"Thank you, bro, Windah for playing this game, all of us"
Bang windah Islam bukan?? kok bilang astagfirullah,bang windah islam bukan kok bilang astagfirullah,bang windah islam bukan kok bilang astagfirullah,bang windah islam bilang astagfirullah,bang windah islam bilang astagfirullah,Bang Windah Islam said astagfirullah
cwook gw isi nya semua nya tuh,cwook gw isi nya semua nya tuh,cwook gw isi nya semua nya tuh,cwook gw isi nya nya tuh,cwook gw isi nya nya tuh,"Guys, I'm going to fill it in"
"Bang, makasih banyak udah mainin game ini. Dan paling aku suka adalah karakter Zayne, intinya makasih banyak banggg 🥺❤",bang makasih banyak udah mainin game ini dan paling aku suka adalah karakter zayne intinya makasih banyak banggg,bang makasih banyak sudah mainin game ini dan paling aku suka adalah karakter zayne intinya makasih banyak banggg,bang makasih mainin game suka karakter zayne intinya makasih banggg,bang makasih mainin game suka karakter zayne inti makasih banggg,"bro, thanks for playing the game, I like the character Zayne, core, thank you bro"
Makasi bang udah mau mainin game ini yaa. Makasih untuk ga standar ganda ☺️,makasi bang udah mau mainin game ini yaa makasih untuk ga standar ganda,makasi bang sudah mau mainin game ini yaa makasih untuk ga standar ganda,makasi bang mainin game yaa makasih ga standar ganda,makas bang mainin game yaa makasih ga standar ganda,"Thanks for playing the game, thanks for not having double standards"
lanjut bang 😭,lanjut bang,lanjut bang,bang,bang,bro
"Gw sebagai penyuka game lads yang ga bisa install karna keterbatasan penyimpanan di hp sungguh sangat berterimakasih kepada bang windah,makasih banget udh mainin game ini 🥹",gw sebagai penyuka game lads yang ga bisa install karna keterbatasan penyimpanan di hp sungguh sangat berterimakasih kepada bang windahmakasih banget udh mainin game ini,gw sebagai penyuka game lads yang ga bisa install karna keterbatasan penyimpanan di hp sungguh sangat berterimakasih kepada bang windahmakasih banget udh mainin game ini,gw penyuka game lads ga install karna keterbatasan penyimpanan hp sungguh berterimakasih bang windahmakasih banget udh mainin game,gw suka game lads ga install karna batas simpan hp sungguh berterimakasih bang windahmakasih banget udh mainin game,"I like the game, lads, I didn't install it because of the cellphone storage limit, really thank you, bro, Windah, thank you very much for playing the game"
Wah. Jujur gw baru tau bang windah pernah main lads,wah jujur gw baru tau bang windah pernah main lads,wah jujur gw baru tau bang windah pernah main lads,jujur gw tau bang windah main lads,jujur gw tau bang windah main lads,"Honestly, I know bro, Windah plays lads"
gelisah banget liatin pas topup😭😭😭,gelisah banget liatin pas topup,gelisah banget liatin pas topup,gelisah banget liatin pas topup,gelisah banget liatin pas topup,I'm really nervous looking at it when I top it up
terimakasih bangg udh main game inii❤ respect sama bg windahh. bikin part 2 dong banggg,terimakasih bangg udh main game inii respect sama bg windahh bikin part dong banggg,terimakasih bangg udh main game inii respect sama bang windahh bikin part dong banggg,terimakasih bangg udh main game inii respect bang windahh bikin part banggg,terimakasih bangg udh main game ini respect bang windahh bikin part banggg,"Thank you bro for playing this game. Respect bro, Windahh, you made this part, bro"
"Kalian jijik Ama ini game, cw ngeliat lu juga sebaliknya
Ngeri bngt org gk pernah ngaca ✋😭🤚",kalian jijik ama ini game cw ngeliat lu juga sebaliknya ngeri bngt org gk pernah ngaca,kalian jijik ama ini game cw ngeliat lu juga sebaliknya ngeri bngt org gk pernah ngaca,jijik ama game cw ngeliat lu ngeri bngt org gk ngaca,jijik ama game cw ngeliat lu ngeri bngt org gk ngaca,I'm disgusted by games when I see you're so horrified that people can't read
gue cowo pengen main karna gameplay dan grafiknya,gue cowo pengen main karna gameplay dan grafiknya,gue cowo pengen main karna gameplay dan grafiknya,gue cowo pengen main karna gameplay grafiknya,gue cowo ken main karna gameplay grafik,I'm a guy who wants to play because of the graphic gameplay
❤❤❤❤❤❤❤❤❤,,,,,
❤❤❤❤❤,,,,,
"51:50 pengen muntah gua liatnya, jangan ke pd an bang",pengen muntah gua liatnya jangan ke pd an bang,pengen muntah gua liatnya jangan ke pd an bang,pengen muntah gua liatnya pd an bang,ken muntah gua liat pd an bang,I'm going to vomit when I look at you bro
Lanjyut pls bangg,lanjyut pls bangg,lanjyut tolong bangg,lanjyut tolong bangg,lanjyut tolong bangg,carry on please bro
Ini live yang openingnya sampe 3x wkwkwk,ini live yang openingnya sampe x wkwkwk,ini live yang openingnya sampe x tertawa,live openingnya sampe x tertawa,live openingnya sampe x tertawa,The live opening made me laugh
Harus main sampai level atas. Baru kerasa kalo game ini ada susahnya. Kalo masih 3 jam main ya tentu aja belum ketemu sulitnya. Tapi susah/mudah tergantung masing-masing playernya 😃,harus main sampai level atas baru kerasa kalo game ini ada susahnya kalo masih jam main ya tentu aja belum ketemu sulitnya tapi susahmudah tergantung masingmasing playernya,harus main sampai level atas baru kerasa kalo game ini ada susahnya kalo masih jam main ya tentu saja belum ketemu sulitnya tapi susahmudah tergantung masingmasing playernya,main level kerasa kalo game susahnya kalo jam main ya ketemu sulitnya susahmudah tergantung masingmasing playernya,main level rasa kalo game susah kalo jam main ya ketemu sulit susahmudah gantung masingmasing playernya,"Play at the level of feeling, if the game is difficult, if you play for hours, you will find it difficult, difficult, easy, depending on each player"
"Bang, mau nanya kalau dari android, makan 23Gb ya? 
Soalnya waktu pertama kali download makan 3gb, tahu2 5 menit setelah login jadi 23Gb😮",bang mau nanya kalau dari android makan gb ya soalnya waktu pertama kali download makan gb tahu menit setelah login jadi gb,bang mau nanya kalau dari android makan gb ya soalnya waktu pertama kali download makan gb tahu menit setelah login jadi gb,bang nanya android makan gb ya kali download makan gb menit login gb,bang nanya android makan gb ya kali download makan gb menit login gb,"Bro, I'm asking for Android, eat GB, yes, download it, eat GB, login GB minutes"
itu ofline gk bg,itu ofline gk bg,itu ofline gk bang,ofline gk bang,ofline gk bang,offline or not bro
"Gemes bngt, bisa lanjutin ga bang❤❤",gemes bngt bisa lanjutin ga bang,gemes bngt bisa lanjutin ga bang,gemes bngt lanjutin ga bang,gemes bngt lanjutin ga bang,Are you really excited about continuing or not?
"aselinya Sylus tuh green flag parah, cuman ketutupan tampangnya aja wkwk",aselinya sylus tuh green flag parah cuman ketutupan tampangnya aja wkwk,aselinya sylus tuh green flag parah cuman ketutupan tampangnya saja tertawa,aselinya sylus tuh green flag parah cuman ketutupan tampangnya tertawa,aselinya sylus tuh green flag parah cuman tutup tampang tertawa,"In fact, Sylus is a serious green flag, just covering his face laughing"
"7:29 kalau gitu, jadinya beda genre dong 😭",kalau gitu jadinya beda genre dong,kalau gitu jadinya beda genre dong,gitu beda genre,gitu beda genre,that's a different genre
BANG WINDAH LANJUT CERITANYAA PLSS,bang windah lanjut ceritanyaa plss,bang windah lanjut ceritanyaa plss,bang windah ceritanyaa plss,bang windah ceritanyaa plss,"Bro, what's the story pls?"
Itu kalo mau unlock Caleb. Harus main story Homecoming Wings itu.😊😊,itu kalo mau unlock caleb harus main story homecoming wings itu,itu kalo mau unlock caleb harus main story homecoming wings itu,kalo unlock caleb main story homecoming wings,kalo unlock caleb main story homecoming wings,If you unlock Caleb main story Homecoming Wings
"Sumpah ketawa bgt pas bang winda bilang klo evolnya ayel air, padahal mah api dan dia tuh ""GOD SEA""🤣🤣🤣🤣🔥🔥🔥🔥🫂",sumpah ketawa bgt pas bang winda bilang klo evolnya ayel air padahal mah api dan dia tuh god sea,sumpah ketawa banget pas bang winda bilang klo evolnya ayel air padahal mah api dan dia tuh god sea,sumpah ketawa banget pas bang winda bilang klo evolnya ayel air mah api tuh god sea,sumpah ketawa banget pas bang winda bilang klo evolnya ayel air mah api tuh god sea,"I swear, I really laughed when Winda said that if Evol is the word water, fire is God Sea"
"bang main game ini lagi dungg, mw yg chapter homecoming wings, itu story yg cyborg banghh",bang main game ini lagi dungg mw yg chapter homecoming wings itu story yg cyborg banghh,bang main game ini lagi dungg mw yang chapter homecoming wings itu story yang cyborg banghh,bang main game dungg mw chapter homecoming wings story cyborg banghh,bang main game dungg mw chapter homecoming wings story cyborg banghh,"bro, play the game dungg mw chapter homecoming wings story cyborg bro"
Wah gak nyangka bang windah maen lads ! 😃✨,wah gak nyangka bang windah maen lads,wah gak nyangka bang windah maen lads,gak nyangka bang windah maen lads,gak nyangka bang windah maen lads,I didn't expect Windah to play Lads
Bangh pengen bangh windah lanjutin inii😭😭💔🥀,bangh pengen bangh windah lanjutin inii,bangh pengen bangh windah lanjutin inii,bangh pengen bangh windah lanjutin inii,bangh ken bangh windah lanjutin ini,bangh ken bangh windah continue this
Kok punya ku gak ada suara ya😢,kok punya ku gak ada suara ya,kok punya ku gak ada suara ya,ku gak suara ya,ku gak suara ya,I don't have a sound
Ganteng dan cakep sekali game nya 😋😋,ganteng dan cakep sekali game nya,ganteng dan cakep sekali game nya,ganteng cakep game nya,ganteng cakep game nya,the game is handsome and beautiful
Aku muncrat nonton ini bang,aku muncrat nonton ini bang,aku muncrat nonton ini bang,muncrat nonton bang,muncrat nonton bang,squirt watching bro
"mau main juga tapi gue gabisa bahasa inggris woi, eh btw bisa ubah jadi b indo ga gasih?",mau main juga tapi gue gabisa bahasa inggris woi eh btw bisa ubah jadi b indo ga gasih,mau main juga tapi gue gabisa bahasa inggris woi eh by the way bisa ubah jadi b indo ga gasih,main gue gabisa bahasa inggris woi eh by the way ubah b indo ga gasih,main gue gabisa bahasa inggris woi eh by the way ubah b indo ga gasih,"I can't play English, wow, by the way, changing to Indonesian doesn't work"
AWWWFFF SYLUSS 💋💋,a syluss,a syluss,a syluss,a syluss,a syluss
"iya kak, lebih malah, punya ku aja 29gb 😞😞",iya kak lebih malah punya ku aja gb,iya kak lebih malah punya ku saja gb,iya kak ku gb,iya kak ku gb,"yes, bro, bro"
​ @reizqqa makanya gue sedih gak bisa mainnya😢,reizqqa makanya gue sedih gak bisa mainnya,reizqqa makanya gue sedih gak bisa mainnya,reizqqa gue sedih gak mainnya,reizqqa gue sedih gak main,Reizqqa I'm sad I can't play
"mjb, iya kak. punya aku di update baru ini aja uda 46gb an",mjb iya kak punya aku di update baru ini aja uda gb an,mjb iya kak punya aku di update baru ini saja uda gb an,mjb iya kak update uda gb an,mjb iya kak update uda gb an,"MJB Yes, bro, I've updated GB"
​ @caeelume KKAK BANYAK BGTT. punya ku aja cuma 33gb 😭😭,caeelume kkak banyak bgtt punya ku aja cuma gb,caeelume kkak banyak bgtt punya ku saja cuma gb,caeelume kkak bgtt ku gb,caeelume kkak bgtt ku gb,caeelume sis I really like it gb
Iya😢,iya,iya,iya,iya,Yes
Lanjut dongggg plsss,lanjut dongggg plsss,lanjut dongggg plsss,dongggg plsss,dongggg plsss,please plsss
ekspresi bang windah bikin ngakak,ekspresi bang windah bikin ngakak,ekspresi bang windah bikin ngakak,ekspresi bang windah bikin ngakak,ekspresi bang windah bikin ngakak,Bang Windah's expression makes you laugh
Masih menunggu part 2😭,masih menunggu part,masih menunggu part,menunggu part,tunggu part,wait part
Yg penting Sylus gua punyaa😂❤,yg penting sylus gua punyaa,yang penting sylus gua punyaa,sylus gua punyaa,sylus gua punyaa,I have a sylus
I love it when straight men get flustered over fictional hot men 😌,i love it when straight men get flustered over fictional hot men,i love it when straight men get flustered over fictional hot men,i love it when straight men get flustered over fictional hot men,i love it when straight men get flustered over fictional hot men,i love it when straight men get flustered over fictional hot men
Love and deepspace 👈🏻🥰🤭🎉🎉🎉🎉🎉🎉🎉 1000000😊 you too,love and deepspace you too,love and deepspace you too,love and deepspace you too,love and deepspace you too,love and deepspace you too
Love and deepspace 👈🏻 good morning how was go ahead and get u and deepspace BTS world like love you too we can go for it on your own and deepspace BTS reaction on your porch or ❤ good for a quick walk and white rice and beans for it works for me 🎉🎉🎉🎉🎉🎉🎉🎉🎉🎉🎉 infinity xpad,love and deepspace good morning how was go ahead and get u and deepspace bts world like love you too we can go for it on your own and deepspace bts reaction on your porch or good for a quick walk and white rice and beans for it works for me infinity xpad,love and deepspace good morning how was go ahead and get u and deepspace bts world like love you too we can go for it on your own and deepspace bts reaction on your porch or good for a quick walk and white rice and beans for it works for me infinity xpad,love and deepspace good morning how was go ahead and get u and deepspace bts world like love you too we can go for it on your own and deepspace bts reaction on your porch or good for a quick walk and white rice and beans for it works for me infinity xpad,love and deepspace good morning how was go ahead and get u and deepspace bts world like love you too we can go for it on your own and deepspace bts reaction on your porch or good for a quick walk and white rice and beans for it works for me infinity xpad,love and deepspace good morning how was go ahead and get u and deepspace bts world like love you too we can go for it on your own and deepspace bts reaction on your porch or good for a quick walk and white rice and beans for it works for me infinity xpad
"Yang pada nge hate ni game pada kenapa sih🙄
Rata rata orang yang nge hate ni game kalah saing sama karakter nya😹",yang pada nge hate ni game pada kenapa sih rata rata orang yang nge hate ni game kalah saing sama karakter nya,yang pada nge hate ni game pada kenapa sih rata rata orang yang nge hate ni game kalah saing sama karakter nya,nge hate ni game sih orang nge hate ni game kalah saing karakter nya,nge hate ni game sih orang nge hate ni game kalah saing karakter nya,"People hate this game, people hate this game because the characters are less competitive"
Bang lanjutin yang ini dongg,bang lanjutin yang ini dongg,bang lanjutin yang ini dongg,bang lanjutin dongg,bang lanjutin dongg,"bro, keep going, bro"
nah cowo2 pdhl bs belajar dr ini game buat pdkt biar ga cringe😭 makasiiii banggg,nah cowo pdhl bs belajar dr ini game buat pdkt biar ga cringe makasiiii banggg,nah cowo pdhl bs belajar dari ini game buat pdkt biar ga cringe makasiiii banggg,cowo pdhl bs belajar game pdkt biar ga cringe makasiiii banggg,cowo pdhl bs ajar game pdkt biar ga cringe makasiiii banggg,"Guys can even teach PDKT games so they don't get cringy, thanks bro"
lanjut main ini bg,lanjut main ini bg,lanjut main ini bang,main bang,main bang,play bro
"thank u bg udh mainin game nya, aku jadi ngerti dikit dikit sma game nya karena bru main 🤭",thank u bg udh mainin game nya aku jadi ngerti dikit dikit sma game nya karena bru main,thank u bang udh mainin game nya aku jadi ngerti dikit dikit sma game nya karena bru main,thank u bang udh mainin game nya ngerti dikit dikit sma game nya bru main,thank u bang udh mainin game nya ngerti dikit dikit sma game nya bru main,"Thank you bro, for playing the game, you understand a little bit of the game, bro"
"judul lagunya 'love and deepspace' bang, dinyanyikan sama sarah brightman. lagunya emang enakk",judul lagunya love and deepspace bang dinyanyikan sama sarah brightman lagunya emang enakk,judul lagunya love and deepspace bang dinyanyikan sama sarah brightman lagunya emang enakk,judul lagunya love and deepspace bang dinyanyikan sarah brightman lagunya emang enakk,judul lagu love and deepspace bang nyanyi sarah brightman lagu emang enakk,"the title of the song is love and deepspace, sung by Sarah Brightman, the song is really good"
lakik gwee njirrr😎🫰,lakik gwee njirrr,lakik gwee njirrr,lakik gwee njirrr,lakik gwee njirrr,male gwee njirrr
LANJUTIN BANG MAINNYA,lanjutin bang mainnya,lanjutin bang mainnya,lanjutin bang mainnya,lanjutin bang main,continue playing bro
ikutan mesam-mesem liat ekspresi bang windah tiap scene romance 😁 battle nya gokil semua yaa! gapernah main tapi kayanya seru nih,ikutan mesammesem liat ekspresi bang windah tiap scene romance battle nya gokil semua yaa gapernah main tapi kayanya seru nih,ikutan mesammesem liat ekspresi bang windah tiap scene romance battle nya gokil semua yaa gapernah main tapi kayanya seru nih,ikutan mesammesem liat ekspresi bang windah scene romance battle nya gokil yaa gapernah main kayanya seru nih,ikut mesammesem liat ekspresi bang windah scene romance battle nya gokil yaa gapernah main kaya seru nih,"Join me and see Bro Windah's expression in the romance battle scene, the romance battle scene is crazy, I've never played this so exciting"
"terima kasih banyak bang windah di tengah hiruk pikuk orang orang judge game ini, soalnya aku setuju sama bang windah ""there's nothing wrong with this game""",terima kasih banyak bang windah di tengah hiruk pikuk orang orang judge game ini soalnya aku setuju sama bang windah theres nothing wrong with this game,terima kasih banyak bang windah di tengah hiruk pikuk orang orang judge game ini soalnya aku setuju sama bang windah theres nothing wrong with this game,terima kasih bang windah hiruk pikuk orang orang judge game setuju bang windah theres nothing wrong with this game,terima kasih bang windah hiruk pikuk orang orang judge game tuju bang windah theres nothing wrong with this game,"Thank you, Bang Windah. There's nothing wrong with this game"
Akhirnya ada yg main gamenya pacar ku🤭,akhirnya ada yg main gamenya pacar ku,akhirnya ada yang main gamenya pacar ku,main gamenya pacar ku,main gamenya pacar ku,playing my girlfriend's game
"rafayel kiri untuk baca
rafayel mahasiswa ui
zayne berpikir
zayne bermain main
xavier tukang recall",rafayel kiri untuk baca rafayel mahasiswa ui zayne berpikir zayne bermain main xavier tukang recall,rafayel kiri untuk baca rafayel mahasiswa ui zayne berpikir zayne bermain main xavier tukang recall,rafayel kiri baca rafayel mahasiswa ui zayne berpikir zayne bermain main xavier tukang recall,rafayel kiri baca rafayel mahasiswa ui zayne pikir zayne main main xavier tukang recall,Rafayel left read Rafayel UI student Zayne thought Zayne was playing around with Xavier being a recall worker
Eve,eve,eve,eve,eve,Eve
Lockert,lockert,lockert,lockert,lockert,lockert
Evelym,evelym,evelym,evelym,evelym,evelym
Mimisan brutal,mimisan brutal,mimisan brutal,mimisan brutal,mimisan brutal,brutal nosebleeds
2:27:29,,,,,
"ngakakk banget nonton bang bang windah main game ini thankyou thankyou wkwkw, tiap ada scene so sweet ngakak banget ama ekspresi bang windah ampe nangis",ngakakk banget nonton bang bang windah main game ini thankyou thankyou wkwkw tiap ada scene so sweet ngakak banget ama ekspresi bang windah ampe nangis,ngakakk banget nonton bang bang windah main game ini thankyou thankyou tertawa tiap ada scene so sweet ngakak banget ama ekspresi bang windah ampe nangis,ngakakk banget nonton bang bang windah main game thankyou thankyou tertawa scene so sweet ngakak banget ama ekspresi bang windah ampe nangis,ngakakk banget nonton bang bang windah main game thankyou thankyou tertawa scene so sweet ngakak banget ama ekspresi bang windah ampe nang,I really laughed watching Bang Windah play the game thank you thank you laughing at the scene so sweet I really laughed with Bang Windah's expression until Nang
Wkwk mantap bang main jg 😂👍🏻 mau coba sih tapi unduhnya aja banyak banget 😌,wkwk mantap bang main jg mau coba sih tapi unduhnya aja banyak banget,tertawa mantap bang main juga mau coba sih tapi unduhnya saja banyak banget,tertawa mantap bang main coba sih unduhnya banget,tertawa mantap bang main coba sih unduh banget,"Great laugh, bro, try downloading it, really"
"13:18 ngakak kali wkwk,mulus karena game wkwk",ngakak kali wkwkmulus karena game wkwk,ngakak kali wkwkmulus karena game tertawa,ngakak kali wkwkmulus game tertawa,ngakak kali wkwkmulus game tertawa,"I'm laughing out loud, the game is laughing smoothly"
"tau kok bang lu tertekan, udah bang udah 😭",tau kok bang lu tertekan udah bang udah,tau kok bang lu tertekan sudah bang sudah,tau bang lu tertekan bang,tau bang lu tekan bang,"You know, you press it bro"
"Biar caleb bisa dipake harus mainin storynya dulu bang. Gilaaa 3 jam gue enjoy banget nontonnya, makasih bang udah nemenin kerja dikator sampe makan siang dikantor",biar caleb bisa dipake harus mainin storynya dulu bang gilaaa jam gue enjoy banget nontonnya makasih bang udah nemenin kerja dikator sampe makan siang dikantor,biar caleb bisa dipake harus mainin storynya dulu bang gilaaa jam gue enjoy banget nontonnya makasih bang sudah nemenin kerja dikator sampe makan siang dikantor,biar caleb dipake mainin storynya bang gilaaa jam gue enjoy banget nontonnya makasih bang nemenin kerja dikator sampe makan siang dikantor,biar caleb dipake mainin storynya bang gilaaa jam gue enjoy banget nontonnya makasih bang nemenin kerja dikator sampe makan siang kantor,"Let me use Caleb to play the story, bro, it's crazy, I really enjoyed watching it, thank you bro, accompany me to work at the office until lunch at the office"
anjerr di maininn dongg 😭,anjerr di maininn dongg,anjerr di maininn dongg,anjerr maininn dongg,anjerr maininn dongg,please play
Ya ngegay lah anying klo mc ny cwoo 😭😭😭,ya ngegay lah anying klo mc ny cwoo,ya ngegay lah anying klo mc ny cwoo,ya ngegay anying klo mc ny cwoo,ya ngegay anying klo mc ny cwoo,"Yes, it's gay when the MC is Cwoo"
"huwaaa sayang bangettt,
padahal Caleb udah bisa buka disini, buka aja di HomeComing chapte 1-3 udah dapatt",huwaaa sayang bangettt padahal caleb udah bisa buka disini buka aja di homecoming chapte udah dapatt,huwaaa sayang bangettt padahal caleb sudah bisa buka disini buka saja di homecoming chapte sudah dapatt,huwaaa sayang bangettt caleb buka buka homecoming chapte dapatt,huwaaa sayang bangettt caleb buka buka homecoming chapte dapatt,"Wow, that's a shame, Caleb opened the homecoming chapter, got it"
😂,,,,,
Wah jadi pengen main,wah jadi pengen main,wah jadi pengen main,pengen main,ken main,ken play
"kak windah yang mainin. aku yang malu😅,",kak windah yang mainin aku yang malu,kak windah yang mainin aku yang malu,kak windah mainin malu,kak windah mainin malu,Sis Windah is playing embarrassed
😍,,,,,
"Cowok2 Indonesian ternyata banyak yang insecure, i feel bad for you 😢",cowok indonesian ternyata banyak yang insecure i feel bad for you,cowok indonesian ternyata banyak yang insecure i feel bad for you,cowok indonesian insecure i feel bad for you,cowok indonesian insecure i feel bad for you,insecure indonesian guy i feel bad for you
Astagaaaaaaaaaaa,astagaaaaaaaaaaa,astagaaaaaaaaaaa,astagaaaaaaaaaaa,astagaaaaaaaaaaa,oh my gosh
2:43:21 wkwkwkw sama bang akupun juga stress banget ini😂😂,wkwkwkw sama bang akupun juga stress banget ini,tertawa sama bang akupun juga stress banget ini,tertawa bang akupun stress banget,tertawa bang aku stress banget,"laugh bro, I'm really stressed"
2:42:00 bang windah aja ke pusingan ama gatcha nya wkwkwkw apalagi aku bang udh pusing bngt hahahaha,bang windah aja ke pusingan ama gatcha nya wkwkwkw apalagi aku bang udh pusing bngt hahahaha,bang windah saja ke pusingan ama gatcha nya tertawa apalagi aku bang udh pusing bngt hahahaha,bang windah pusingan ama gatcha nya tertawa bang udh pusing bngt hahahaha,bang windah pusing ama gatcha nya tertawa bang udh pusing bngt hahahaha,"Bro, Windah is dizzy and the gatcha is laughing, bro, I'm really dizzy hahahaha"
KETAWAAA BGTTT YAA😭,ketawaaa bgttt yaa,ketawaaa bgttt yaa,ketawaaa bgttt yaa,ketawaaa bgttt yaa,I laughed so much yeah
Bang ayo lanjutin love and deep space,bang ayo lanjutin love and deep space,bang ayo lanjutin love and deep space,bang ayo lanjutin love and deep space,bang ayo lanjutin love and deep space,"bro, let's continue love and deep space"
Bang coba liat yang date nya ada yang sus😭🙏,bang coba liat yang date nya ada yang sus,bang coba liat yang date nya ada yang sus,bang coba liat date nya sus,bang coba liat date nya sus,"bro, try looking at the date"
"bang windah ayo main lagii, story calebb",bang windah ayo main lagii story calebb,bang windah ayo main lagii story calebb,bang windah ayo main lagii story calebb,bang windah ayo main lagi story calebb,"Bro, Windah, let's play Calebb's story again"
"Aku laki-laki, tetapi hal yang paling aku benci dalam dunia ini adalah ""budaya pria tradisional yang kolot""",aku lakilaki tetapi hal yang paling aku benci dalam dunia ini adalah budaya pria tradisional yang kolot,aku lakilaki tetapi hal yang paling aku benci dalam dunia ini adalah budaya pria tradisional yang kolot,lakilaki benci dunia budaya pria tradisional kolot,lakilaki benci dunia budaya pria tradisional kolot,Men hate the old-fashioned world of traditional men's culture
harusnya di game ditambah anomali yang kanan bawah biar tambah ganteng,harusnya di game ditambah anomali yang kanan bawah biar tambah ganteng,harusnya di game ditambah anomali yang kanan bawah biar tambah ganteng,game ditambah anomali kanan biar ganteng,game tambah anomali kanan biar ganteng,the game adds the right anomaly to make it handsome
Rafayel ❤❤❤❤,rafayel,rafayel,rafayel,rafayel,rafayel
bang kalo mau caleb muncul di cafe harus buka story nya dia dulu yang homecoming wings baru bisa muncul.,bang kalo mau caleb muncul di cafe harus buka story nya dia dulu yang homecoming wings baru bisa muncul,bang kalo mau caleb muncul di cafe harus buka story nya dia dulu yang homecoming wings baru bisa muncul,bang kalo caleb muncul cafe buka story nya homecoming wings muncul,bang kalo caleb muncul cafe buka story nya homecoming wings muncul,"Bro, if Caleb shows up at the cafe, open the story, Homecoming Wings will appear"
jago sama uang licin licin😂,jago sama uang licin licin,jago sama uang licin licin,jago uang licin licin,jago uang licin licin,good at slippery money
sulis😋😋,sulis,sulis,sulis,sulis,sulis
1:59:40,,,,,
Bang windah yg main aku yg senyum²👉👈😁,bang windah yg main aku yg senyum,bang windah yang main aku yang senyum,bang windah main senyum,bang windah main senyum,Bang Windah is playing with a smile
baru sadar sylus mirip aamon🤭,baru sadar sylus mirip aamon,baru sadar sylus mirip aamon,sadar sylus aamon,sadar sylus aamon,aware of Sylus Aamon
Lanjutin bang,lanjutin bang,lanjutin bang,lanjutin bang,lanjutin bang,carry on bro
isinya lucu semua😭😭,isinya lucu semua,isinya lucu semua,isinya lucu,isi lucu,funny content
Kamu guy bg,kamu guy bg,kamu guy bang,guy bang,guy bang,guy bro
Itu semua suami ku jangan di ambil bang Windah 😭😭😭😭😭😭😭,itu semua suami ku jangan di ambil bang windah,itu semua suami ku jangan di ambil bang windah,suami ku ambil bang windah,suami ku ambil bang windah,My husband took Bang Windah
6:27  itu Sylus bang,itu sylus bang,itu sylus bang,sylus bang,sylus bang,Sylus bro
sayluss I love you❤,sayluss i love you,sayluss i love you,sayluss i love you,sayluss i love you,sayluss i love you
yang rambut putih sangar banget ya gess wkwkwkw ngakak banget,yang rambut putih sangar banget ya gess wkwkwkw ngakak banget,yang rambut putih sangar banget ya gess tertawa ngakak banget,rambut putih sangar banget ya gess tertawa ngakak banget,rambut putih sangar banget ya gess tertawa ngakak banget,"White hair is really scary, gess, you really laugh out loud"
"Xavier karakter favorit aku!!!!!
krn ganteng bgt😍",xavier karakter favorit aku krn ganteng bgt,xavier karakter favorit aku krn ganteng banget,xavier karakter favorit krn ganteng banget,xavier karakter favorit krn ganteng banget,Xavier is my favorite character because he is so handsome
Lah bukannya semu pria guy yah?,lah bukannya semu pria guy yah,lah bukannya semu pria guy yah,semu pria guy yah,semu pria guy yah,"he's all a guy, right?"
temen gw sampe gendeng cuma gr gr mikirin cwo2 nih game😭literly gw juga ketularan mikirin sylus👾👾,temen gw sampe gendeng cuma gr gr mikirin cwo nih gameliterly gw juga ketularan mikirin sylus,temen gw sampe gendeng cuma gara-gara gara-gara mikirin cwo nih gameliterly gw juga ketularan mikirin sylus,temen gw sampe gendeng gara-gara gara-gara mikirin cwo nih gameliterly gw ketularan mikirin sylus,temen gw sampe gendeng gara-gara gara-gara mikirin cwo nih gameliterly gw tular mikirin sylus,"my friend got mad because he was thinking about this guy, gameliterally, I got infected thinking about Sylus"
Yo girls thanks juga girlssss 💅🏻,yo girls thanks juga girlssss,yo girls thanks juga girlssss,yo girls thanks girlssss,yo girls thanks girlssss,yo girls thanks girlssss
BANG LANJUT DONGG☹️,bang lanjut dongg,bang lanjut dongg,bang dongg,bang dongg,"bro, bro"
LUCU BGT PLSSS😭,lucu bgt plsss,lucu banget plsss,lucu banget plsss,lucu banget plsss,really funny pls
"Bagus memang sih gamenyaa, romantis bagus juga",bagus memang sih gamenyaa romantis bagus juga,bagus memang sih gamenyaa romantis bagus juga,bagus sih gamenyaa romantis bagus,bagus sih gamenyaa romantis bagus,It's a good romantic game
"bg, sylus emg gntng😔🙏",bg sylus emg gntng,bang sylus emg gntng,bang sylus emg gntng,bang sylus emg gntng,"Bro, Sylus is really handsome"
26:53 aku bggg mau pegangg🥰,aku bggg mau pegangg,aku bggg mau pegangg,bggg pegangg,bggg pegangg,bggg hold it
"aku udah nonton berulang kali tapi tetep aja lucu 😭 apalagi yg 2:21:31 ""jangan grepe aku sylus"", btw bang windah gamau lanjut main lagi kah? kangen bet",aku udah nonton berulang kali tapi tetep aja lucu apalagi yg jangan grepe aku sylus btw bang windah gamau lanjut main lagi kah kangen bet,aku sudah nonton berulang kali tapi tetep saja lucu apalagi yang jangan grepe aku sylus by the way bang windah gamau lanjut main lagi kah kangen bet,nonton berulang kali tetep lucu grepe sylus by the way bang windah gamau main kah kangen bet,nonton ulang kali tetep lucu grepe sylus by the way bang windah gamau main kah kangen bet,"rewatch it again, it's still funny, grepe sylus by the way, bro, windah, don't want to play, do you miss it?"
kok ga dilanjutin bang,kok ga dilanjutin bang,kok ga dilanjutin bang,ga dilanjutin bang,ga dilanjutin bang,Don't continue bro
BANG WINDAH LANJUTIN STORY CALEB PLISSSS,bang windah lanjutin story caleb plissss,bang windah lanjutin story caleb plissss,bang windah lanjutin story caleb plissss,bang windah lanjutin story caleb plissss,"Bro, Windah, continue Caleb's story, pls"
WANJIR BENERAN DIMAININ?! 😅,wanjir beneran dimainin,wanjir beneran dimainin,wanjir beneran dimainin,wanjir beneran dimainin,wanjir really played
bang lanjutin ceritanya si caleb😋😋😋😋,bang lanjutin ceritanya si caleb,bang lanjutin ceritanya si caleb,bang lanjutin ceritanya si caleb,bang lanjutin cerita si caleb,"bro, continue with Caleb's story"
"bangggg lanjut caleb bang, mythnya udah keluar 🤩🤩🤩",bangggg lanjut caleb bang mythnya udah keluar,bangggg lanjut caleb bang mythnya sudah keluar,bangggg caleb bang mythnya,bangggg caleb bang mythnya,"Banggggg Caleb, bang the myth"
act of maksa dong wkwkwk🤣,act of maksa dong wkwkwk,act of maksa dong tertawa,act of maksa tertawa,act of maksa tertawa,act of forced laughter
"makasih udah main game ini bangg, akhirnya bisa nonton seru2an main game LaDS sama yutuber indo😭❤",makasih udah main game ini bangg akhirnya bisa nonton seruan main game lads sama yutuber indo,makasih sudah main game ini bangg akhirnya bisa nonton seruan main game lads sama yutuber indo,makasih main game bangg nonton seruan main game lads yutuber indo,makasih main game bangg nonton seru main game lads yutuber indo,"Thank you for playing the game, I'm proud to watch the fun of playing games, Indonesian YouTuber lads"
main game ini bikin tantrum,main game ini bikin tantrum,main game ini bikin tantrum,main game bikin tantrum,main game bikin tantrum,playing games makes you tantrum
lanjut story calebb bangg,lanjut story calebb bangg,lanjut story calebb bangg,story calebb bangg,story calebb bangg,story calebb proud
main infinity nikki bg windah,main infinity nikki bg windah,main infinity nikki bang windah,main infinity nikki bang windah,main infinity nikki bang windah,play infinity nikki bang windah
2:06:54 ngakak ku liat bang windah terdiam smpe ternganga pas Sylus muncul wkwkwk maka langsung auto SS pula 🤣🤣🤣🤣,ngakak ku liat bang windah terdiam smpe ternganga pas sylus muncul wkwkwk maka langsung auto ss pula,ngakak ku liat bang windah terdiam smpe ternganga pas sylus muncul tertawa maka langsung auto ss pula,ngakak ku liat bang windah terdiam smpe ternganga pas sylus muncul tertawa langsung auto ss,ngakak ku liat bang windah diam smpe nganga pas sylus muncul tertawa langsung auto ss,"I couldn't help but laugh when I saw Bro, Windah was so quiet that he dropped his jaw when Sylus appeared and laughed straight into auto ss"
SYLUSS OMGGG GANTENGG BANGETTT COYYYYYY 😮😮,syluss omggg gantengg bangettt coyyyyyy,syluss omggg gantengg bangettt coyyyyyy,syluss omggg gantengg bangettt coyyyyyy,syluss omggg gantengg bangettt coyyyyyy,Syluss omggg so handsome coyyyyyy
mood aku langsung naik karna liat bang windah main,mood aku langsung naik karna liat bang windah main,mood aku langsung naik karna liat bang windah main,mood langsung karna liat bang windah main,mood langsung karna liat bang windah main,I immediately got into the mood because I saw Bang Windah playing
"lanjut main bang,story caleb",lanjut main bangstory caleb,lanjut main bangstory caleb,main bangstory caleb,main bangstory caleb,play bangstory caleb
"BANG DI SKIN CALEB YG BARU MC BERANTEM SAMBIL DIGENDONG, AYO MAIN LAGIIII",bang di skin caleb yg baru mc berantem sambil digendong ayo main lagiiii,bang di skin caleb yang baru mc berantem sambil digendong ayo main lagiiii,bang skin caleb mc berantem digendong ayo main lagiiii,bang skin caleb mc antem gendong ayo main lagiiii,bro skin caleb mc antem carry let's play again
"rata"" nya cwe yg komen",rata nya cwe yg komen,rata nya cwe yang komen,nya cwe komen,nya cwe komen,you're commenting
aku sayang zayne bang,aku sayang zayne bang,aku sayang zayne bang,sayang zayne bang,sayang zayne bang,I love Zayne bro
Kok aku dizayne itu nggak bisa,kok aku dizayne itu nggak bisa,kok aku dizayne itu nggak bisa,dizayne nggak,dizayne nggak,dizayne no
"26:57 GUAA BANG, GUA CITA CITANYA MENGELUS DADA XAVIER 😥😥😥😥",guaa bang gua cita citanya mengelus dada xavier,guaa bang gua cita citanya mengelus dada xavier,guaa bang gua cita citanya mengelus dada xavier,guaa bang gua cita cita elus dada xavier,I want to stroke Xavier's chest
bg windah ayo lanjutinn 😿😿😿🙏🙏🙏🙏,bg windah ayo lanjutinn,bang windah ayo lanjutinn,bang windah ayo lanjutinn,bang windah ayo lanjutinn,"Bro, come on, let's continue"
Kebanyakan cewe² jelek komentar andainya dia suami ku 🗿😂🤣,kebanyakan cewe jelek komentar andainya dia suami ku,kebanyakan cewe jelek komentar andainya dia suami ku,kebanyakan cewe jelek komentar andainya suami ku,banyak cewe jelek komentar andai suami ku,Many bad girls comment on my husband
BANG MAKASI UDAH MAININ GAME INI ❤❤🎉🎉🎉,bang makasi udah mainin game ini,bang makasi sudah mainin game ini,bang makasi mainin game,bang makas mainin game,"bro, thanks for playing the game"
BANGG LANJUT CALEBBBBPLISSSS SWEET BGT TU DOI,bangg lanjut calebbbbplissss sweet bgt tu doi,bangg lanjut calebbbbplissss sweet banget tu doi,bangg calebbbbplissss sweet banget tu doi,bangg calebbbbplissss sweet banget tu doi,proud calebbbbplissss that's really sweet
Windah famboy,windah famboy,windah famboy,windah famboy,windah famboy,windah famboy
bang itu game buat 18+,bang itu game buat,bang itu game buat,bang game,bang game,bro game
bang aku baru nonton,bang aku baru nonton,bang aku baru nonton,bang nonton,bang nonton,"bro, watch it"
GUYSS SPILL ID NYA BANG WINDOWS DONK,guyss spill id nya bang windows donk,guyss spill id nya bang windows donk,guyss spill id nya bang windows donk,guyss spill id nya bang windows donk,"Guys, the spill ID is Windows, bro"
"ini game tulisan b inggrisnya bisa diganti ga jdi b indo gtu, kalo suara ya bagusan inggris sih, tapi plis tulisannya bisa jdi indo ga gtu 😭🙏🏻",ini game tulisan b inggrisnya bisa diganti ga jdi b indo gtu kalo suara ya bagusan inggris sih tapi plis tulisannya bisa jdi indo ga gtu,ini game tulisan b inggrisnya bisa diganti ga jdi b indo gtu kalo suara ya bagusan inggris sih tapi tolong tulisannya bisa jdi indo ga gtu,game tulisan b inggrisnya diganti ga jdi b indo gtu kalo suara ya bagusan inggris sih tolong tulisannya jdi indo ga gtu,game tulis b inggris ganti ga jdi b indo gtu kalo suara ya bagus inggris sih tolong tulis jdi indo ga gtu,game write b english change ga to b indo so if the voice is good english please write to b indo or not like that
"Lovee bangett dengan reaksi bang windahh main game inihh,brusaha gitu biar sesalting mungkin demi ngehibur para fans cwek😭🔥",lovee bangett dengan reaksi bang windahh main game inihhbrusaha gitu biar sesalting mungkin demi ngehibur para fans cwek,lovee bangett dengan reaksi bang windahh main game inihhbrusaha gitu biar sesalting mungkin demi ngehibur para fans cwek,lovee bangett reaksi bang windahh main game inihhbrusaha gitu biar sesalting ngehibur fans cwek,lovee bangett reaksi bang windahh main game inihhbrusaha gitu biar sesalting ngehibur fans cwek,I really love Bro Windah's reaction to playing this game. He's trying so hard to entertain the female fans.
"Alamak, rafayel punyaku😋",alamak rafayel punyaku,alamak rafayel punyaku,alamak rafayel punyaku,alamak rafayel punya,Alamak Rafayel has it
apa nama youtuber yg hate game ini ges? mau lihat bentukan si anomali nya,apa nama youtuber yg hate game ini ges mau lihat bentukan si anomali nya,apa nama youtuber yang hate game ini ges mau lihat bentukan si anomali nya,nama youtuber hate game ges lihat bentukan si anomali nya,nama youtuber hate game ges lihat bentuk si anomali nya,"the name of the YouTuber hate game, look at the shape of the anomaly"
Calebb bangg,calebb bangg,calebb bangg,calebb bangg,calebb bangg,Caleb is proud
2:07:18 BEUH🎉,beuh,beuh,beuh,beuh,ugh
Kek ganteng aja lu😂,kek ganteng aja lu,seperti ganteng saja lu,ganteng lu,ganteng lu,you're handsome
anjay jelek,anjay jelek,anjay jelek,anjay jelek,anjay jelek,Anjay is ugly
lanjut bang,lanjut bang,lanjut bang,bang,bang,bro
"Noh kayak yg bang windah bilang, buat cowok2 hrsnya nyontoh sikap dr karakter game ini biar setidaknya lo tdk jd pecundang dan bisa ngetreat cewe dgn benar",noh kayak yg bang windah bilang buat cowok hrsnya nyontoh sikap dr karakter game ini biar setidaknya lo tdk jd pecundang dan bisa ngetreat cewe dgn benar,noh kayak yang bang windah bilang buat cowok hrsnya nyontoh sikap dari karakter game ini biar setidaknya lo tidak jd pecundang dan bisa ngetreat cewe dgn benar,noh kayak bang windah bilang cowok hrsnya nyontoh sikap karakter game biar lo jd pecundang ngetreat cewe dgn,noh kayak bang windah bilang cowok hrsnya nyontoh sikap karakter game biar lo jd cundang ngetreat cewe dgn,"No, it's like Bang Windah said that guys should copy the behavior of game characters so that you will be a loser in treating girls with"
"tp emang theres nothing wrong with this game karena aku main pas puasa pun juga ga gimana gimana? fokus battle, mainan claw machine, main kartu, uograde memory card, dll. jadi stereotip yg beredar bahwa game ini lba bla bla itu belum tentu bener ya. thank u bang windah udah membuktikan",tp emang theres nothing wrong with this game karena aku main pas puasa pun juga ga gimana gimana fokus battle mainan claw machine main kartu uograde memory card dll jadi stereotip yg beredar bahwa game ini lba bla bla itu belum tentu bener ya thank u bang windah udah membuktikan,tp emang theres nothing wrong with this game karena aku main pas puasa pun juga ga gimana gimana fokus battle mainan claw machine main kartu uograde memory card dll jadi stereotip yang beredar bahwa game ini lba bla bla itu belum tentu bener ya thank u bang windah sudah membuktikan,tp emang theres nothing wrong with this game main pas puasa ga gimana gimana fokus battle mainan claw machine main kartu uograde memory card dll stereotip beredar game lba bla bla bener ya thank u bang windah membuktikan,tp emang theres nothing wrong with this game main pas puasa ga gimana gimana fokus battle main claw machine main kartu uograde memory card dll stereotip edar game lba bla bla bener ya thank u bang windah bukti,"but there's nothing wrong with this game, playing while fasting, how do you focus, battle, play claw machine, play cards, upgrade memory cards, etc. stereotypes circulating around LBA games, blah, blah, it's true, thank you bro, windah, proof"
"Caleb story nya bagus juga bangggg!!!, Story paling bawah. Yang Homecoming Wings",caleb story nya bagus juga bangggg story paling bawah yang homecoming wings,caleb story nya bagus juga bangggg story paling bawah yang homecoming wings,caleb story nya bagus bangggg story homecoming wings,caleb story nya bagus bangggg story homecoming wings,"Caleb's story is really good, homecoming wings story"
"BANG MAKASIH YAAA,AKU GABISA MAIN GAME INI JADI BISAAA LIAT DI BG WINDAH AJAA EHEHE",bang makasih yaaaaku gabisa main game ini jadi bisaaa liat di bg windah ajaa ehehe,bang makasih yaaaaku gabisa main game ini jadi bisaaa liat di bang windah ajaa ehehe,bang makasih yaaaaku gabisa main game bisaaa liat bang windah ajaa ehehe,bang makasih yaaaaku gabisa main game bisaaa liat bang windah ajaa ehehe,"bro, thanks, I can't play games, I can just look at Windah bro, ehehe"
2:45:40,,,,,
Ayo lanjut lagi bang❤,ayo lanjut lagi bang,ayo lanjut lagi bang,ayo bang,ayo bang,come on bro
1:35:28 pliss bang komuk lu😂,pliss bang komuk lu,pliss bang komuk lu,pliss bang komuk lu,pliss bang komuk lu,pls bro comuk you
bang aku kaget ternyata bang windah main ini😂😂,bang aku kaget ternyata bang windah main ini,bang aku kaget ternyata bang windah main ini,bang kaget bang windah main,bang kaget bang windah main,"Bro, you're surprised that Windah is playing"
"""1 hal yg gw pelajari, ini feeling gw game ini mengajarkan kita cowok cowok untuk bisa lebih mendekati/pdkt sama cewek"" BANG, KAMUU BENERRR BANGETT. TRIMAKASIH BANG WINDAH UDAH MAININ GAME INI, KRNA DEVICE KU KURANG MEMADAI JADI AKU MEMUTUSKAN UNTUK NONTON INI, AKU RESPECT BGT SM BANG WINDAH. ASLII 😼😼😼‼️‼️‼️⭐🌟✨✨✨🌟",hal yg gw pelajari ini feeling gw game ini mengajarkan kita cowok cowok untuk bisa lebih mendekatipdkt sama cewek bang kamuu benerrr bangett trimakasih bang windah udah mainin game ini krna device ku kurang memadai jadi aku memutuskan untuk nonton ini aku respect bgt sm bang windah aslii,hal yang gw pelajari ini feeling gw game ini mengajarkan kita cowok cowok untuk bisa lebih mendekatipdkt sama cewek bang kamuu benerrr bangett trimakasih bang windah sudah mainin game ini krna device ku kurang memadai jadi aku memutuskan untuk nonton ini aku respect banget sm bang windah aslii,gw pelajari feeling gw game mengajarkan cowok cowok mendekatipdkt cewek bang kamuu benerrr bangett trimakasih bang windah mainin game krna device ku memadai memutuskan nonton respect banget sm bang windah aslii,gw ajar feeling gw game ajar cowok cowok mendekatipdkt cewek bang kamuu benerrr bangett trimakasih bang windah mainin game krna device ku pada putus nonton respect banget sm bang windah asli,"I teach feelings, I teach games about boys, boys approaching girls, bro, you're really really, thank you, bro, Windah, playing the game because my device stopped watching, really respect it, bro, Windah, it's genuine"
"Battle LADS itu emang banyak, semakin tinggi level makin susah. Gua aja yang Battle Senior kaga selesai2, kalah mulu 😞",battle lads itu emang banyak semakin tinggi level makin susah gua aja yang battle senior kaga selesai kalah mulu,battle lads itu emang banyak semakin tinggi level makin susah gua saja yang battle senior kaga selesai kalah mulu,battle lads emang level susah gua battle senior kaga selesai kalah mulu,battle lads emang level susah gua battle senior kaga selesai kalah mulu,"Battle Lads is indeed a difficult level, I don't finish fighting seniors and always lose"
lanjutin lagi bang sekarang makin kece parah ceritanya and karakternya juga makin waw waw,lanjutin lagi bang sekarang makin kece parah ceritanya and karakternya juga makin waw waw,lanjutin lagi bang sekarang makin kece parah ceritanya and karakternya juga makin waw waw,lanjutin bang kece parah ceritanya and karakternya waw waw,lanjutin bang kece parah cerita and karakter waw waw,"keep going bro, the story and characters are really cool, wow waw"
Windahh Uciha 🔥🔥,windahh uciha,windahh uciha,windahh uciha,windahh uciha,windahh uciha
Bang Next Stream Cosplay jadi cylus 😂😂,bang next stream cosplay jadi cylus,bang next stream cosplay jadi cylus,bang next stream cosplay cylus,bang next stream cosplay cylus,bro next stream cylus cosplay
51:49 51:50 😂😂😂😂😂😂😂😂🤣🤣🤣🤣🤣🤣🤣🤣😭😭😭😭😭😭😭,,,,,
Siapa yg cita2 nya mau di tiban rafayel? 😂😂😂😂,siapa yg cita nya mau di tiban rafayel,siapa yang cita nya mau di tiban rafayel,cita nya tiban rafayel,cita nya tiban rafayel,Rafayel's dream arrived
Ayo main lagii bang,ayo main lagii bang,ayo main lagii bang,ayo main lagii bang,ayo main lagi bang,let's play again bro
41:57 200 meter 2:15:51 150kilometer anying😭,meter kilometer anying,meter kilometer anying,meter kilometer anying,meter kilometer anying,meters kilometers anying
36:30,,,,,
23:35,,,,,
free fire india 🎉🎉 13:34,free fire india,free fire india,free fire india,free fire india,free fire india
Gua beli hp dulu ya buat uji coba game ini,gua beli hp dulu ya buat uji coba game ini,gua beli hp dulu ya buat uji coba game ini,gua beli hp ya uji coba game,gua beli hp ya uji coba game,I bought a cellphone to try out the game
rewatch ini cuma mau liat rafayel kiri untuk baca dan xavier manusia payung 2:35:46,rewatch ini cuma mau liat rafayel kiri untuk baca dan xavier manusia payung,rewatch ini cuma mau liat rafayel kiri untuk baca dan xavier manusia payung,rewatch liat rafayel kiri baca xavier manusia payung,rewatch liat rafayel kiri baca xavier manusia payung,rewatch see Rafayel left read xavier umbrella man
37:28 tara arts cantik,tara arts cantik,tara arts cantik,tara arts cantik,tara arts cantik,beautiful tara arts
Uciha windah,uciha windah,uciha windah,uciha windah,uciha windah,uciha windah
ayo lanjutin story caleb bang😭,ayo lanjutin story caleb bang,ayo lanjutin story caleb bang,ayo lanjutin story caleb bang,ayo lanjutin story caleb bang,"Come on, let's continue Caleb's story, bro"
"Kak lanjut dong, lucu soalnya kak winda",kak lanjut dong lucu soalnya kak winda,kak lanjut dong lucu soalnya kak winda,kak lucu kak winda,kak lucu kak winda,Sis Winda is funny
"bang semoga kamu rezekinya dilancarkan terus yaa, sehat sehatt!!😭🫶🏻💞",bang semoga kamu rezekinya dilancarkan terus yaa sehat sehatt,bang semoga kamu rezekinya dilancarkan terus yaa sehat sehatt,bang semoga rezekinya dilancarkan yaa sehat sehatt,bang moga rezeki lancar yaa sehat sehatt,"Bro, I hope your fortune goes smoothly, you are healthy and healthy"
Beri konteks apa itu fuji?,beri konteks apa itu fuji,beri konteks apa itu fuji,konteks fuji,konteks fuji,Fuji context
Diluar prediksi bmkg yaolo bang windah main game ini 😭😭😭,diluar prediksi bmkg yaolo bang windah main game ini,diluar prediksi bmkg yaolo bang windah main game ini,diluar prediksi bmkg yaolo bang windah main game,luar prediksi bmkg yaolo bang windah main game,"Unexpectedly, Bmkg Yaolo, Bang Windah, played the game"
"aku download ini butuh waktu 2 jam, loading nya 3 jam 😴😴🥲🥲",aku download ini butuh waktu jam loading nya jam,aku download ini butuh waktu jam loading nya jam,download butuh jam loading nya jam,download butuh jam loading nya jam,Downloading takes hours to load
evelyn imroatus gatuh 😭🫵,evelyn imroatus gatuh,evelyn imroatus gatuh,evelyn imroatus gatuh,evelyn imroatus gatuh,Evelyn Imroatus is confused
ga gunting kuku😭😭,ga gunting kuku,ga gunting kuku,ga gunting kuku,ga gunting kuku,don't cut your nails
"CITA CITA KETIBAN RAFAYEL, SAYA",cita cita ketiban rafayel saya,cita cita ketiban rafayel saya,cita cita ketiban rafayel,cita cita ketiban rafayel,Rafayel's dream of arriving
"emanggg, zayne kek sunghoon enhypen 😭😭😭 cakep pol mennn",emanggg zayne kek sunghoon enhypen cakep pol mennn,emanggg zayne seperti sunghoon enhypen cakep pol mennn,emanggg zayne sunghoon enhypen cakep pol mennn,emanggg zayne sunghoon enhypen cakep pol mennn,really zayne sunghoon enhypen is cute pol mennn
Tau tauan dia kata kata kiyowo 😅,tau tauan dia kata kata kiyowo,tau tauan dia kata kata kiyowo,tau tauan kiyowo,tau tau kiyowo,you know kiyowo
Wah semangat selalu bg jangan di hiraukan sama bocil tik**k 😂😂😂🎉,wah semangat selalu bg jangan di hiraukan sama bocil tikk,wah semangat selalu bang jangan di hiraukan sama bocil tikk,semangat bang hiraukan bocil tikk,semangat bang hirau bocil tikk,"Cheer up bro, pay attention to the little ticks"
"ayo bang windah, up lg lanjutin yg caleb",ayo bang windah up lg lanjutin yg caleb,ayo bang windah up lg lanjutin yang caleb,ayo bang windah up lg lanjutin caleb,ayo bang windah up lg lanjutin caleb,"Come on bro, windah up and continue Caleb"
lumayan juga story nya bang,lumayan juga story nya bang,lumayan juga story nya bang,lumayan story nya bang,lumayan story nya bang,It's quite a story bro
bang coba main soul land dong,bang coba main soul land dong,bang coba main soul land dong,bang coba main soul land,bang coba main soul land,"Bro, try playing Soul Land"
mampus bocil bocil elitis terkonyong konyong,mampus bocil bocil elitis terkonyong konyong,mampus bocil bocil elitis terkonyong konyong,mampus bocil bocil elitis terkonyong konyong,mampus bocil bocil elitis terkonyong konyong,the elitist bastards are lying down
"42:48 sebagus Zayne, atau Rafayel, Masih bagusan Saylus 😋😋😋
2:10:39 anjir bang sylus saking green flagnya sampe di suruh buat tembak dia ( dia rela cuman ke Evelyn doang ❤ )",sebagus zayne atau rafayel masih bagusan saylus anjir bang sylus saking green flagnya sampe di suruh buat tembak dia dia rela cuman ke evelyn doang,sebagus zayne atau rafayel masih bagusan saylus anjir bang sylus saking green flagnya sampe di suruh buat tembak dia dia rela cuman ke evelyn doang,sebagus zayne rafayel bagusan saylus anjir bang sylus saking green flagnya sampe suruh tembak rela cuman evelyn doang,bagus zayne rafayel bagus saylus anjir bang sylus saking green flagnya sampe suruh tembak rela cuman evelyn doang,good zayne rafayel good saylus anjir bro sylus was so green flag that he was told to shoot willingly only evelyn
Itu isinya cewek cewek sultan yang maen,itu isinya cewek cewek sultan yang maen,itu isinya cewek cewek sultan yang maen,isinya cewek cewek sultan maen,isi cewek cewek sultan maen,contents of the sultan's girls playing
wkwkwkwk kocakk,wkwkwkwk kocakk,tertawa kocakk,tertawa kocakk,tertawa kocakk,laugh hilariously
aku suka game ini,aku suka game ini,aku suka game ini,suka game,suka game,like games
Lanjut story caleb bang..pleasee,lanjut story caleb bangpleasee,lanjut story caleb bangpleasee,story caleb bangpleasee,story caleb bangpleasee,story caleb bangpleasee
27:44,,,,,
Bang windah maksiii banyak yach sumpah gue kepo banget pengen liat sylus tapi ga bisa mainnya aksjjj 🫂🥲,bang windah maksiii banyak yach sumpah gue kepo banget pengen liat sylus tapi ga bisa mainnya aksjjj,bang windah maksiii banyak yach sumpah gue kepo banget pengen liat sylus tapi ga bisa mainnya aksjjj,bang windah maksiii yach sumpah gue kepo banget pengen liat sylus ga mainnya aksjjj,bang windah maksiii yach sumpah gue kepo banget ken liat sylus ga main aksjjj,"Bro, Windah Max, I swear, I'm really bored when I see Sylus not playing Aksjjj"
Bang lanjutt main game love and deepspace 😅😅😅,bang lanjutt main game love and deepspace,bang lanjutt main game love and deepspace,bang lanjutt main game love and deepspace,bang lanjutt main game love and deepspace,"bro, continue playing the game love and deepspace"
"Padahal pengen liat reaksi pas rumah mc meleduk 😂,part 2 dong bang windah",padahal pengen liat reaksi pas rumah mc meleduk part dong bang windah,padahal pengen liat reaksi pas rumah mc meleduk part dong bang windah,pengen liat reaksi pas rumah mc meleduk part bang windah,ken liat reaksi pas rumah mc leduk part bang windah,"Ken saw the reaction when MC's house was destroyed, part of Bang Windah"
zayne girlie here 😂,zayne girlie here,zayne girlie here,zayne girlie here,zayne girlie here,zayne girlie here
"Menurutku ya, karakter semua cowok di Love And DeepSpace semuanya mirip cowok-cowok Final Fantasy 7 bang, aku jadi kangen bang Brando main Final Fantasy 7 yang rebirth 🥺",menurutku ya karakter semua cowok di love and deepspace semuanya mirip cowokcowok final fantasy bang aku jadi kangen bang brando main final fantasy yang rebirth,menurutku ya karakter semua cowok di love and deepspace semuanya mirip cowokcowok final fantasy bang aku jadi kangen bang brando main final fantasy yang rebirth,menurutku ya karakter cowok love and deepspace cowokcowok final fantasy bang kangen bang brando main final fantasy rebirth,turut ya karakter cowok love and deepspace cowokcowok final fantasy bang kangen bang brando main final fantasy rebirth,"Also, love and deepspace male characters, Final Fantasy guys, bro, I miss Brando playing Final Fantasy Rebirth"
Punya zayne banyak hidden story + hidden interract dibanding yang lainnn,punya zayne banyak hidden story hidden interract dibanding yang lainnn,punya zayne banyak hidden story hidden interract dibanding yang lainnn,zayne hidden story hidden interract dibanding lainnn,zayne hidden story hidden interract banding lainnn,zayne hidden story hidden interact compare othernn
"BANG ZAYNE AJ BANGG GUE DEMEN BATT AMA ZAYNEE, SYLUS BADBOY BGTT JIRR",bang zayne aj bangg gue demen batt ama zaynee sylus badboy bgtt jirr,bang zayne aj bangg gue demen batt ama zaynee sylus badboy bgtt jirr,bang zayne aj bangg gue demen batt ama zaynee sylus badboy bgtt jirr,bang zayne aj bangg gue demen batt ama zaynee sylus badboy bgtt jirr,"Bro Zayne, I'm so proud, I like Batt and Zaynee Sylus, really badboy, Jirr"
10:50 di cut scene ini malah dijadiin JJ maater racing kocak bet,di cut scene ini malah dijadiin jj maater racing kocak bet,di cut scene ini malah dijadiin jj maater racing kocak bet,cut scene dijadiin jj maater racing kocak bet,cut scene dijadiin jj maater racing kocak bet,The cut scene is made into JJ Maater Racing which is hilarious
ALHAMDULILLAHHHHH,alhamdulillahhhhh,alhamdulillahhhhh,alhamdulillahhhhh,alhamdulillahhhhh,thank God
HAHAHAHAHA,hahahahaha,hahahahaha,hahahahaha,hahahahaha,hahahahaha
bang kok aku download di laptop gk bisaaaaaaaaaaaaaaaaaaaaaaaaaaaa,bang kok aku download di laptop gk bisaaaaaaaaaaaaaaaaaaaaaaaaaaaa,bang kok aku download di laptop gk bisaaaaaaaaaaaaaaaaaaaaaaaaaaaa,bang download laptop gk bisaaaaaaaaaaaaaaaaaaaaaaaaaaaa,bang download laptop gk bisaaaaaaaaaaaaaaaaaaaaaaaaaaaa,"bro, it can't download on the laptop..."
"Akhirnya bisa tau jelas ini game play nya, mantap bang 👍👏",akhirnya bisa tau jelas ini game play nya mantap bang,akhirnya bisa tau jelas ini game play nya mantap bang,tau game play nya mantap bang,tau game play nya mantap bang,You know the game play is great bro
masih gue ungkit rafayel mahasiswa ui 😭,masih gue ungkit rafayel mahasiswa ui,masih gue ungkit rafayel mahasiswa ui,gue ungkit rafayel mahasiswa ui,gue ungkit rafayel mahasiswa ui,I brought up UI student Rafayel
Pake emulator bg,pake emulator bg,pake emulator bang,pake emulator bang,pake emulator bang,use an emulator bro
"BANG STORY CALEB BANG, SALAM DARI AKU BOCIL RAFAYEL",bang story caleb bang salam dari aku bocil rafayel,bang story caleb bang salam dari aku bocil rafayel,bang story caleb bang salam bocil rafayel,bang story caleb bang salam bocil rafayel,bro story caleb bro greetings boy rafayel
I don’t really watch windah but i really respect and adore his ability to adapt and his fast thinking of choosing words carefully. He knows he have a big influence as a public person and he knows the responsibility he have as an influential person in the youtube/content creator community.,i dont really watch windah but i really respect and adore his ability to adapt and his fast thinking of choosing words carefully he knows he have a big influence as a public person and he knows the responsibility he have as an influential person in the youtubecontent creator community,i dont really watch windah but i really respect and adore his ability to adapt and his fast thinking of choosing words carefully he knows he have a big influence as a public person and he knows the responsibility he have as an influential person in the youtubecontent creator community,i dont really watch windah but i really respect and adore his ability to adapt and his fast thinking of choosing words carefully he knows he have a big influence as a public person and he knows the responsibility he have as an influential person in the youtubecontent creator community,i dont really watch windah but i really respect and adore his ability to adapt and his fast thinking of choosing words carefully he knows he have a big influence as a public person and he knows the responsibility he have as an influential person in the youtubecontent creator community,i don't really watch windah but i really respect and adore his ability to adapt and his fast thinking of choosing words carefully he knows he has a big influence as a public person and he knows the responsibility he has as an influential person in the youtubecontent creator community
sedih bang windah belum nyobain ngedate wkwkwk,sedih bang windah belum nyobain ngedate wkwkwk,sedih bang windah belum nyobain ngedate tertawa,sedih bang windah nyobain ngedate tertawa,sedih bang windah nyobain ngedate tertawa,"It's sad, bro, Windah is trying to date and laugh"
23:10 siapa sih jadi kepo,siapa sih jadi kepo,siapa sih jadi kepo,sih kepo,sih kepo,I'm curious
bg lanjutinnnnn,bg lanjutinnnnn,bang lanjutinnnnn,bang lanjutinnnnn,bang lanjutinnnnn,"bro, keep going"
Bang main lagi dong!,bang main lagi dong,bang main lagi dong,bang main,bang main,"bro, play"
gue tadi tancap В𝑶Ꮃ𝑶𝟩𝟳 reward JACKPOT,gue tadi tancap reward jackpot,gue tadi tancap reward jackpot,gue tancap reward jackpot,gue tancap reward jackpot,I hit the jackpot reward
sekarang ambil mantap jiwa Β𝗢𝑾Ø𝟳𝟩 cash seceng,sekarang ambil mantap jiwa cash seceng,sekarang ambil mantap jiwa cash seceng,ambil mantap jiwa cash seceng,ambil mantap jiwa cash seceng,take a pinch of cash
lanjutin pls,lanjutin pls,lanjutin tolong,lanjutin tolong,lanjutin tolong,continue please
respect buat bang windah😁,respect buat bang windah,respect buat bang windah,respect bang windah,respect bang windah,respect bro windah
"2:45:51 THAT ""GIRL KITA TEMENAN GIRLS"" PERIODDD, WINDAHH ATE LEFT NO CRUMBS 💋💋💋🖐🏻",that girl kita temenan girls perioddd windahh ate left no crumbs,that girl kita temenan girls perioddd windahh ate left no crumbs,that girl temenan girls perioddd windahh ate left no crumbs,that girl temenan girls perioddd windahh ate left no crumbs,that girl friends girls perioddd windahh ate left no crumbs
MAKASIH YAA BANG 🫂,makasih yaa bang,makasih yaa bang,makasih yaa bang,makasih yaa bang,thanks bro
"woanjir sekalinya main, selama 3 jam 😭🫵🏻",woanjir sekalinya main selama jam,woanjir sekalinya main selama jam,woanjir sekalinya main jam,woanjir sekali main jam,"Wow, what a clock to play with"
Diliat2 kaya mama agnes sama brando plis 2:54:40,diliat kaya mama agnes sama brando plis,diliat kaya mama agnes sama brando tolong,diliat kaya mama agnes brando tolong,liat kaya mama agnes brando tolong,"Look like Mama Agnes Brando, please"
Lanjutkan bang ucihawin 😊😊😊,lanjutkan bang ucihawin,lanjutkan bang ucihawin,lanjutkan bang ucihawin,lanjut bang ucihawin,continued Mr Ucihawin
"Gk nyangka bang windah main game Lads jg😂😂😂
Aku jg main dan emg seru apalagii ad sylus❤❤❤❤ OMG makasih bang aku seneng bangetttttt",gk nyangka bang windah main game lads jg aku jg main dan emg seru apalagii ad sylus omg makasih bang aku seneng bangetttttt,gk nyangka bang windah main game lads juga aku juga main dan emg seru apalagii ad sylus omg makasih bang aku seneng bangetttttt,gk nyangka bang windah main game lads main emg seru apalagii ad sylus omg makasih bang seneng bangetttttt,gk nyangka bang windah main game lads main emg seru apalagi ad sylus omg makasih bang neng bangetttttt,"I didn't expect it bro, Windah to play the game, lads, it's really fun, especially with the sylus, Omg, thank you bro, sis, it's really cool"
telat seminggu lebih gw😂,telat seminggu lebih gw,telat seminggu lebih gw,telat seminggu gw,telat minggu gw,I'm late for the week
"KEREN BANG, SEMANGAT TERUS ❤",keren bang semangat terus,keren bang semangat terus,keren bang semangat,keren bang semangat,cool bro
aaa respect bangttt bangggg 🥰❤,aaa respect bangttt bangggg,aaa respect bangttt bangggg,aaa respect bangttt bangggg,aaa respect bangttt bangggg,"aaa respect bro, bro"
GWORLL,gworll,gworll,gworll,gworll,gworll
"tp aku sukaaa, big thanks buat bg windah 🫶🏻🫶🏻",tp aku sukaaa big thanks buat bg windah,tp aku sukaaa big thanks buat bang windah,tp sukaaa big thanks bang windah,tp sukaaa big thanks bang windah,"but I like it, big thanks bro Windah"
hapus ajja,hapus ajja,hapus ajja,hapus ajja,hapus ajja,just delete it
"terimakasih bang windah sudah memainkannya, we love you bang❤ jaga kesehatan ya bang",terimakasih bang windah sudah memainkannya we love you bang jaga kesehatan ya bang,terimakasih bang windah sudah memainkannya we love you bang jaga kesehatan ya bang,terimakasih bang windah memainkannya we love you bang jaga kesehatan ya bang,terimakasih bang windah main we love you bang jaga sehat ya bang,"Thank you, bro, Windah, main we love you, bro, stay healthy, bro"
Ada yang tau ID nya Bang Windah?🥲,ada yang tau id nya bang windah,ada yang tau id nya bang windah,tau id nya bang windah,tau id nya bang windah,"Do you know the ID, Bro Windah?"
Mirip amon mlbb si sylus bang,mirip amon mlbb si sylus bang,mirip amon mlbb si sylus bang,amon mlbb si sylus bang,amon mlbb si sylus bang,amon mlbb the sylus bro
Bang itu brp gb full nya? 16 gb kosong masih kurang 😭 keknya 20an atau 60an gb ya?,bang itu brp gb full nya gb kosong masih kurang keknya an atau an gb ya,bang itu brp gb full nya gb kosong masih kurang keknya an atau an gb ya,bang brp gb full nya gb kosong keknya an an gb ya,bang brp gb full nya gb kosong kek an an gb ya,"Bro, how much is the full GB, the empty GB, what's wrong with the GB?"
Bagus nya kek menjelajah gitu makin tambah banyak yang suka pasti,bagus nya kek menjelajah gitu makin tambah banyak yang suka pasti,bagus nya seperti menjelajah gitu makin tambah banyak yang suka pasti,bagus nya menjelajah gitu suka,bagus nya jelajah gitu suka,"It's good to explore, I like it"
Aku nonton sampe abis ini belasan live makasih ya bang windah buat responnya yg positif,aku nonton sampe abis ini belasan live makasih ya bang windah buat responnya yg positif,aku nonton sampe abis ini belasan live makasih ya bang windah buat responnya yang positif,nonton sampe abis belasan live makasih ya bang windah responnya positif,nonton sampe abis bas live makasih ya bang windah responnya positif,"Watch until the end of the live bus, thank you bro, Windah, the response is positive"
Game ini menguras uangku wkwkw tpi mending main ini dari pada ketemu mokondo yg nyakitin mending yg ini,game ini menguras uangku wkwkw tpi mending main ini dari pada ketemu mokondo yg nyakitin mending yg ini,game ini menguras uangku tertawa tpi mending main ini dari pada ketemu mokondo yang nyakitin mending yang ini,game menguras uangku tertawa tpi mending main ketemu mokondo nyakitin mending,game uras uang tertawa tpi mending main ketemu mokondo nyakitin mending,The money draining game makes you laugh but it's better to play and meet Mokondo and it's better to hurt you
"NANGIS BGT ABISIN 1JT BUAT CALEB CYBORG 😭😭😭 ikut seneng bang, aku aja nguli sebulan buat pulangin caleb :"")",nangis bgt abisin jt buat caleb cyborg ikut seneng bang aku aja nguli sebulan buat pulangin caleb,nangis banget abisin jt buat caleb cyborg ikut seneng bang aku saja nguli sebulan buat pulangin caleb,nangis banget abisin jt caleb cyborg seneng bang nguli sebulan pulangin caleb,nang banget abisin jt caleb cyborg neng bang nguli bulan pulangin caleb,Nang really finished jt caleb cyborg neng bang nguli moon bring caleb home
Bang lanjutt,bang lanjutt,bang lanjutt,bang lanjutt,bang lanjutt,"bro, continue"
"Reaksi cowok tentang game ini (gua cowok): yap ini bagus, cowoknya emg ganteng ganteng, dan pembawaan story dan romansanya kerasa dengan tidak menghilangkan unsur battle nya, nice game 👍",reaksi cowok tentang game ini gua cowok yap ini bagus cowoknya emg ganteng ganteng dan pembawaan story dan romansanya kerasa dengan tidak menghilangkan unsur battle nya nice game,reaksi cowok tentang game ini gua cowok yap ini bagus cowoknya emg ganteng ganteng dan pembawaan story dan romansanya kerasa dengan tidak menghilangkan unsur battle nya nice game,reaksi cowok game gua cowok yap bagus cowoknya emg ganteng ganteng pembawaan story romansanya kerasa menghilangkan unsur battle nya nice game,reaksi cowok game gua cowok yap bagus cowok emg ganteng ganteng bawa story romansa rasa hilang unsur battle nya nice game,"boy's reaction, my game is a boy, yep, it's good, the boy is really handsome, brings a romance story, the feeling of missing the battle element, nice game"
TERHARUUUUU,terharuuuuu,terharuuuuu,terharuuuuu,terharuuuuu,moved
bang part 2,bang part,bang part,bang part,bang part,bro part
bg lanjutin yang caleb bgg,bg lanjutin yang caleb bgg,bang lanjutin yang caleb bgg,bang lanjutin caleb bgg,bang lanjutin caleb bgg,"Bro, keep going, bro"
Bang kapan main ini lgii? kangen main ini bg,bang kapan main ini lgii kangen main ini bg,bang kapan main ini lgii kangen main ini bang,bang main lgii kangen main bang,bang main lgii kangen main bang,"Bro, I'm playing again. I miss playing, bro"
Xavier mirip Cloud 🥵🥵,xavier mirip cloud,xavier mirip cloud,xavier cloud,xavier cloud,xavier cloud
"Ternyata rumit banget yaa,ada berbagai macam battle. Sedangkan cardku masih dikit",ternyata rumit banget yaaada berbagai macam battle sedangkan cardku masih dikit,ternyata rumit banget yaaada berbagai macam battle sedangkan cardku masih dikit,rumit banget yaaada battle cardku dikit,rumit banget yaaada battle cardku dikit,"It's really complicated, my battle card is a bit complicated"
Si Sulis itu suami saya sebenarnya 💪😭,si sulis itu suami saya sebenarnya,si sulis itu suami saya sebenarnya,si sulis suami,si sulis suami,the sulis husband
"Mainin crazy one bang windows, seru banget soal nya",mainin crazy one bang windows seru banget soal nya,mainin crazy one bang windows seru banget soal nya,mainin crazy one bang windows seru banget nya,mainin crazy one bang windows seru banget nya,Playing Crazy One Bang Windows is really fun
Bang lanjut game homichiper 😔❤,bang lanjut game homichiper,bang lanjut game homichiper,bang game homichiper,bang game homichiper,bro game homichiper
bcot,bcot,bcot,bcot,bcot,bcot
stfu touch some grass duh.,stfu touch some grass duh,stfu touch some grass duh,stfu touch some grass duh,stfu touch some grass duh,stfu touch some grass duh
dih,dih,dih,dih,dih,ugh
@wilattae  bercanda sayang,wilattae bercanda sayang,wilattae bercanda sayang,wilattae bercanda sayang,wilattae canda sayang,Wilattae joked darling
 @wilattae  becanda sayang,wilattae becanda sayang,wilattae becanda sayang,wilattae becanda sayang,wilattae becanda sayang,wilattae joking darling
Ytim,ytim,ytim,ytim,ytim,ytim
 @ashiPrisilia  kenapa sayang aku cuma becanda,ashiprisilia kenapa sayang aku cuma becanda,ashiprisilia kenapa sayang aku cuma becanda,ashiprisilia sayang becanda,ashiprisilia sayang becanda,ashiprisilia darling joking
diaku 14gb ke 29gb.baru donlot sekitar 5hari,diaku gb ke gbbaru donlot sekitar hari,diaku gb ke gbbaru donlot sekitar hari,diaku gb gbbaru donlot,dia gb gbbaru donlot,he gb gb just downloaded
Aku aja abis hampir 500k cuman buat kartunya Caleb yang baju Kolonel wkwk couplean sama bajunya sih mc aku beli juga wkwk,aku aja abis hampir k cuman buat kartunya caleb yang baju kolonel wkwk couplean sama bajunya sih mc aku beli juga wkwk,aku saja abis hampir k cuman buat kartunya caleb yang baju kolonel tertawa couplean sama bajunya sih mc aku beli juga tertawa,abis k cuman kartunya caleb baju kolonel tertawa couplean bajunya sih mc beli tertawa,abis k cuman kartu caleb baju kolonel tertawa couplean baju sih mc beli tertawa,"After all, it's just a Caleb card, Colonel's clothes, laughing, a couple of clothes, so I bought laughing"
Terus Sylus mirip Sephiroth 🥵🥵,terus sylus mirip sephiroth,terus sylus mirip sephiroth,sylus sephiroth,sylus sephiroth,sephiroth sylus
Selamat datang di game love and depression bang,selamat datang di game love and depression bang,selamat datang di game love and depression bang,selamat game love and depression bang,selamat game love and depression bang,Happy love and depression game bro
lanjutin story nya bang,lanjutin story nya bang,lanjutin story nya bang,lanjutin story nya bang,lanjutin story nya bang,Continue the story bro
bang lanjutkan game nya plisss,bang lanjutkan game nya plisss,bang lanjutkan game nya plisss,bang lanjutkan game nya plisss,bang lanjut game nya plisss,"bro, continue the game pls"
16:24 sumpahh aku juga mikir evelynn anjaayyy,sumpahh aku juga mikir evelynn anjaayyy,sumpahh aku juga mikir evelynn anjaayyy,sumpahh mikir evelynn anjaayyy,sumpahh mikir evelynn anjaayyy,I swear I'm thinking about Evelynn anjaayyy
bang part dua banggggg😢,bang part dua banggggg,bang part dua banggggg,bang part banggggg,bang part banggggg,bang part banggggg
Diego brando paling cocok bg buat nama nya,diego brando paling cocok bg buat nama nya,diego brando paling cocok bang buat nama nya,diego brando cocok bang nama nya,ego brando cocok bang nama nya,Brando's ego suits his name
MAIN LAGI BANG,main lagi bang,main lagi bang,main bang,main bang,play bro
lanjuttt yuk lanjut,lanjuttt yuk lanjut,lanjuttt yuk lanjut,lanjuttt yuk,lanjuttt yuk,let's continue
"makasi bang udah main gem ini, smoga kamu sehat selalu dan bisa menghibur kita selalu, jangan dengarin bocil nyocot yang kurang perhatian ia bang 😮",makasi bang udah main gem ini smoga kamu sehat selalu dan bisa menghibur kita selalu jangan dengarin bocil nyocot yang kurang perhatian ia bang,makasi bang sudah main gem ini smoga kamu sehat selalu dan bisa menghibur kita selalu jangan dengarin bocil nyocot yang kurang perhatian ia bang,makasi bang main gem smoga sehat menghibur dengarin bocil nyocot perhatian bang,makas bang main gem smoga sehat hibur dengarin bocil nyocot perhati bang,"Thanks bro for playing gems, hope you're healthy and entertained, listen to the little fools, pay attention, bro"
!sebutnama,sebutnama,sebutnama,sebutnama,sebutnama,name
xavier bukannya lebih tua di game ini ya? umurnya udah sampe 1000 tahunan😭,xavier bukannya lebih tua di game ini ya umurnya udah sampe tahunan,xavier bukannya lebih tua di game ini ya umurnya sudah sampe tahunan,xavier tua game ya umurnya sampe tahunan,xavier tua game ya umur sampe tahun,xavier's old game is up to 1 year old
1:59:41 lu salting bang aowkwoakowk,lu salting bang aowkwoakowk,lu salting bang aowkwoakowk,lu salting bang aowkwoakowk,lu salting bang aowkwoakowk,You're salting bro aowkwoakowk
"Kak, lu kepikiran aja sepiroth",kak lu kepikiran aja sepiroth,kak lu kepikiran saja sepiroth,kak lu kepikiran sepiroth,kak lu pikir sepiroth,"Sis, you think it's a piroth"
komen nya adem banget beda sama apk penurun iq,komen nya adem banget beda sama apk penurun iq,komen nya adem banget beda sama apk penurun iq,komen nya adem banget beda apk penurun iq,komen nya adem banget beda apk turun iq,"the comments are really cool, the difference between apk and lower IQ"
KAPAN UPLOAD LAGI 😭,kapan upload lagi,kapan upload lagi,upload,upload,upload
"Id bang, bisa nambah teman❤",id bang bisa nambah teman,id bang bisa nambah teman,id bang nambah teman,id bang nambah teman,ID bro add friends
SAMBIL MEREM JG GW GA NYESEL,sambil merem jg gw ga nyesel,sambil merem juga gw ga nyesel,merem gw ga nyesel,merem gw ga nyesel,I don't regret it
Bgst cakep semua AKU MAU SEMUAAAAAAAAA,bgst cakep semua aku mau semuaaaaaaaaa,bgst cakep semua aku mau semuaaaaaaaaa,bgst cakep semuaaaaaaaaa,bgst cakep semuaaaaaaaaa,everything is really pretty
BRO IKUTAN SALTING GITU WKWKWK,bro ikutan salting gitu wkwkwk,bro ikutan salting gitu tertawa,bro ikutan salting gitu tertawa,bro ikut salting gitu tertawa,"bro, I'm salting and laughing"
16:32 Evelyn Imroatus😂😂😂,evelyn imroatus,evelyn imroatus,evelyn imroatus,evelyn imroatus,evelyn imroatus
bang cobain crazy onee,bang cobain crazy onee,bang cobain crazy onee,bang cobain crazy onee,bang cobain crazy onee,"bro, try crazy onee"
"aakkk seru bingittttt!!! lanjutin lagi dong bang part 2 nya, seneng deh game nya direpiew jg akhirnya sama bang windah😂",aakkk seru bingittttt lanjutin lagi dong bang part nya seneng deh game nya direpiew jg akhirnya sama bang windah,aakkk seru bingittttt lanjutin lagi dong bang part nya seneng deh game nya direpiew juga akhirnya sama bang windah,aakkk seru bingittttt lanjutin bang part nya seneng deh game nya direpiew bang windah,aakkk seru bingittttt lanjutin bang part nya neng deh game nya direpiew bang windah,"Aaaaaaaaaaaaaaaaaaaaaaaaaaaaaaaaaaaaaaaaaaaaaaaaaaaaaaaaaaaaaaaaaaaaaaaaaaaaaaaaaaaaa""_1 (launch) in her part..."
"gamenya emang bagus kok, yang nghujat jelek itu sma yg plyer yg jomok² itu aja yg masalah",gamenya emang bagus kok yang nghujat jelek itu sma yg plyer yg jomok itu aja yg masalah,gamenya emang bagus kok yang nghujat jelek itu sma yang plyer yang jomok itu saja yang masalah,gamenya emang bagus nghujat jelek sma plyer jomok,gamenya emang bagus nghujat jelek sma plyer jomok,The game is really good but it's bad at being a dirty player
"makasi bang windah❤, jangan lupa buat kepoin story caleb bang, seru abiss.❤",makasi bang windah jangan lupa buat kepoin story caleb bang seru abiss,makasi bang windah jangan lupa buat kepoin story caleb bang seru abiss,makasi bang windah lupa kepoin story caleb bang seru abiss,makas bang windah lupa poin story caleb bang seru abiss,"Thanks bro, Windah forgot the point of Caleb's story, bro, it's really exciting"
"keren, cuma dengan 1 game aja langsung keliatan mana cowok gentleman dan mana cowok incel insecure yang punya ego kayak tahu😂",keren cuma dengan game aja langsung keliatan mana cowok gentleman dan mana cowok incel insecure yang punya ego kayak tahu,keren cuma dengan game saja langsung keliatan mana cowok gentleman dan mana cowok incel insecure yang punya ego kayak tahu,keren game langsung keliatan cowok gentleman cowok incel insecure ego kayak,keren game langsung liat cowok gentleman cowok incel insecure ego kayak,"cool game, straight away you can see a gentleman, an insecure incel guy with an ego like that"
Bang lanjutin story caleb bang ayok ketemu kolonel apel,bang lanjutin story caleb bang ayok ketemu kolonel apel,bang lanjutin story caleb bang ayok ketemu kolonel apel,bang lanjutin story caleb bang ayok ketemu kolonel apel,bang lanjutin story caleb bang ayok ketemu kolonel apel,"Bro, continue with Caleb's story, let's meet Colonel Apple"
LANJUTIN PLSSSS,lanjutin plssss,lanjutin plssss,lanjutin plssss,lanjutin plssss,continue plssss
KOCAK NANGET HARD PITY,kocak nanget hard pity,kocak nanget hard pity,kocak nanget hard pity,kocak nanget hard pity,It's funny how hard pity it is
BANG LANJUIN STORY NYA BANG,bang lanjuin story nya bang,bang lanjuin story nya bang,bang lanjuin story nya bang,bang lanjuin story nya bang,"bro, continue the story bro"
"Bang makasih dah bikin gue install LADS jam 3 pagi 😂 mana game gue nih dah banyak, ada 3 yg open world pula, makin tambah aja ini, tp gpp aku tertarik ama combatnya, thanks bang sudah review gamenya😅",bang makasih dah bikin gue install lads jam pagi mana game gue nih dah banyak ada yg open world pula makin tambah aja ini tp gpp aku tertarik ama combatnya thanks bang sudah review gamenya,bang makasih dah bikin gue install lads jam pagi mana game gue nih dah banyak ada yang open world pula makin tambah saja ini tp gpp aku tertarik ama combatnya thanks bang sudah review gamenya,bang makasih dah bikin gue install lads jam pagi game gue nih dah open world tp gpp tertarik ama combatnya thanks bang review gamenya,bang makasih dah bikin gue install lads jam pagi game gue nih dah open world tp gpp tarik ama combatnya thanks bang review gamenya,"bro, thanks for making me install lads at morning, my game is open world but the combat doesn't work, thanks bro for the game review"
"bang kalau mau nyobain battle sama caleb, bisa pilih abyssal chaos di ""battle"", itu bisa cobain pake companion dari myth nya caleb, gacor banget battlenya🔥🔥",bang kalau mau nyobain battle sama caleb bisa pilih abyssal chaos di battle itu bisa cobain pake companion dari myth nya caleb gacor banget battlenya,bang kalau mau nyobain battle sama caleb bisa pilih abyssal chaos di battle itu bisa cobain pake companion dari myth nya caleb gacor banget battlenya,bang nyobain battle caleb pilih abyssal chaos battle cobain pake companion myth nya caleb gacor banget battlenya,bang nyobain battle caleb pilih abyssal chaos battle cobain pake companion myth nya caleb gacor banget battlenya,"Bro, try the battle, Caleb chooses Abyssal Chaos Battle, try using Caleb's myth companion, the battle really doesn't work"
"BANG WINDAH, YUK KEPOIN CALEB YUK SOON YUK BESOK YOK KLO BISA YOK",bang windah yuk kepoin caleb yuk soon yuk besok yok klo bisa yok,bang windah yuk kepoin caleb yuk soon yuk besok yok klo bisa yok,bang windah yuk kepoin caleb yuk soon yuk besok yok klo yok,bang windah yuk poin caleb yuk soon yuk besok yok klo yok,"Bro, Windah, come on, Caleb points, come on, come on tomorrow, come on, come on, come on"
THERE'S NOTHING WRONG,theres nothing wrong,theres nothing wrong,theres nothing wrong,theres nothing wrong,there's nothing wrong
Chris gddhc what rhymes ‏‪32:58‬‏ 👀😳😳😳,chris gddhc what rhymes,chris gddhc what rhymes,chris gddhc what rhymes,chris gddhc what rhymes,chris gddhc what rhymes
"Gagara liat bang windah main game ini, jadi tau ada update game ini. Auto donlod lagi",gagara liat bang windah main game ini jadi tau ada update game ini auto donlod lagi,gagara liat bang windah main game ini jadi tau ada update game ini auto donlod lagi,gagara liat bang windah main game tau update game auto donlod,gagara liat bang windah main game tau update game auto donlod,Gagara saw Bro Windah play the game and know that the game updates will auto download
Banyakin part rafayel bangg windahhh kayanyaa diaa lucuu tingkah nyaa,banyakin part rafayel bangg windahhh kayanyaa diaa lucuu tingkah nyaa,banyakin part rafayel bangg windahhh kayanyaa diaa lucuu tingkah nyaa,banyakin part rafayel bangg windahhh kayanyaa diaa lucuu tingkah nyaa,banyakin part rafayel bangg windahhh kayanyaa diaa lucuu tingkah nyaa,"Lots of Rafayel parts, proud of Windahhh, I think he's acting cute"
Hebat bang windah bisa main tiga jam aku aja mampu main nya 10 menit doank 🗿,hebat bang windah bisa main tiga jam aku aja mampu main nya menit doank,hebat bang windah bisa main tiga jam aku saja mampu main nya menit doank,hebat bang windah main jam main nya menit doank,hebat bang windah main jam main nya menit doank,"It's great bro, Windah can only play for minutes"
CALEB CYBORG BELUM BANG WINDAH,caleb cyborg belum bang windah,caleb cyborg belum bang windah,caleb cyborg bang windah,caleb cyborg bang windah,caleb cyborg bang windah
BANG MANA CALEBNYAAAA,bang mana calebnyaaaa,bang mana calebnyaaaa,bang calebnyaaaa,bang calebnyaaaa,bro Caleb
ak cinta caleb,ak cinta caleb,ak cinta caleb,ak cinta caleb,ak cinta caleb,I love Caleb
"tangan cyborgnya, bodynya, sama kalungnya yg bikin sexy, belum lagi mukanya yg bnr2 gabisa dideskripsiin cakepnya gasii kaa",tangan cyborgnya bodynya sama kalungnya yg bikin sexy belum lagi mukanya yg bnr gabisa dideskripsiin cakepnya gasii kaa,tangan cyborgnya bodynya sama kalungnya yang bikin sexy belum lagi mukanya yang bnr gabisa dideskripsiin cakepnya gasii kaa,tangan cyborgnya bodynya kalungnya bikin sexy mukanya bnr gabisa dideskripsiin cakepnya gasii kaa,tangan cyborgnya bodynya kalung bikin sexy muka bnr gabisa dideskripsiin cakep gasii kaa,"The cyborg hands, the body, the necklace make your face sexy, you can't really describe it, it's pretty, gasii kaa"
"2:31:05 
sylus: lah gua mah ganteng",sylus lah gua mah ganteng,sylus lah gua mah ganteng,sylus gua mah ganteng,sylus gua mah ganteng,My sylus is handsome
"""Dia baik banget ngelindungin kita ges"" ~Windah 😂",dia baik banget ngelindungin kita ges windah,dia baik banget ngelindungin kita ges windah,banget ngelindungin ges windah,banget ngelindungin ges windah,really protects ges windah
Bang main lagi bang. Aku pengen liat kelanjutan ceritanya si zayne yang disukai oma oma 😂,bang main lagi bang aku pengen liat kelanjutan ceritanya si zayne yang disukai oma oma,bang main lagi bang aku pengen liat kelanjutan ceritanya si zayne yang disukai oma oma,bang main bang pengen liat kelanjutan ceritanya si zayne disukai oma oma,bang main bang ken liat lanjut cerita si zayne suka oma oma,"bro, play, bro, let's see the rest of the story, Zayne likes grandma, grandma"
"THANKS BAAAANG🎉 dengan ini i hope stop deh toxic bocil yang ngehujat aneh2 padahal Gamenya emang bagus its not just about thirstycrap, tapi backstorynya keren dan menyentuh banget,  sebagai pemain LADS i respect u bang.🎉",thanks baaaang dengan ini i hope stop deh toxic bocil yang ngehujat aneh padahal gamenya emang bagus its not just about thirstycrap tapi backstorynya keren dan menyentuh banget sebagai pemain lads i respect u bang,thanks baaaang dengan ini i hope stop deh toxic bocil yang ngehujat aneh padahal gamenya emang bagus its not just about thirstycrap tapi backstorynya keren dan menyentuh banget sebagai pemain lads i respect u bang,thanks baaaang i hope stop deh toxic bocil ngehujat aneh gamenya emang bagus its not just about thirstycrap backstorynya keren menyentuh banget pemain lads i respect u bang,thanks baaaang i hope stop deh toxic bocil ngehujat aneh gamenya emang bagus its not just about thirstycrap backstorynya keren sentuh banget main lads i respect u bang,"thanks bro, I hope you stop being toxic, you blaspheme, it's weird, the game is really good, it's not just about thirstycrap, the backstory is really cool, the game is really touching, lads, I respect you bro"
Anjir ketagihan wkwkwkwk,anjir ketagihan wkwkwkwk,anjir ketagihan tertawa,anjir ketagihan tertawa,anjir tagih tertawa,Anjir Bill laughed
Datang juga dimana hari gw liat bang windah kindle card spicy aowkaowkwowkwoakw ekspresinya anjjjj 🤣🤣🤣🤣,datang juga dimana hari gw liat bang windah kindle card spicy aowkaowkwowkwoakw ekspresinya anjjjj,datang juga dimana hari gw liat bang windah kindle card spicy aowkaowkwowkwoakw ekspresinya anjjjj,dimana gw liat bang windah kindle card spicy aowkaowkwowkwoakw ekspresinya anjjjj,mana gw liat bang windah kindle card spicy aowkaowkwowkwoakw ekspresi anjjjj,where did I see bro Windah kindle card spicy aowkaowkwowkwoakw expression anjjjj
BANG GUA BOLE REQUEST GA? MAININ GAME TOKYO DEBUNKER PLS (tp ini android only setau ku),bang gua bole request ga mainin game tokyo debunker pls tp ini android only setau ku,bang gua bole request ga mainin game tokyo debunker tolong tp ini android only setau ku,bang gua bole request ga mainin game tokyo debunker tolong tp android only setau ku,bang gua bole request ga mainin game tokyo debunker tolong tp android only tau ku,"Bro, I can request not to play the Tokyo Debunker game, please, but Android only, I know"
rispeekkk bang windahhh,rispeekkk bang windahhh,rispeekkk bang windahhh,rispeekkk bang windahhh,rispeekkk bang windahhh,rispeekkk bro windahhh
lho kok ga buta nada lagi paksu😭😭 2:32:25,lho kok ga buta nada lagi paksu,lho kok ga buta nada lagi paksu,lho ga buta nada paksu,lho ga buta nada paksu,"You know, I'm not tone deaf"
Makasih bang sudah menghargai game fav cwe2,makasih bang sudah menghargai game fav cwe,makasih bang sudah menghargai game fav cwe,makasih bang menghargai game fav cwe,makasih bang harga game fav cwe,"Thank you bro, price for my favorite game"
"as LADS player, respect banget bang win pas main gamenya. ntar lanjut story si CALEB pria baru ya bang 😮😮",as lads player respect banget bang win pas main gamenya ntar lanjut story si caleb pria baru ya bang,as lads player respect banget bang win pas main gamenya ntar lanjut story si caleb pria baru ya bang,as lads player respect banget bang win pas main gamenya ntar story si caleb pria ya bang,as lads player respect banget bang win pas main gamenya ntar story si caleb pria ya bang,"as lads player really respect bro, win when playing the game, then the story of Caleb is a man, bro"
id bang windah apa ya?,id bang windah apa ya,id bang windah apa ya,id bang windah ya,id bang windah ya,ID bro windah huh?
Winda Uciha respect,winda uciha respect,winda uciha respect,winda uciha respect,winda uciha respect,winda uciha respect
"luvyu cowo2 aq di lads, bg windah jga❤",luvyu cowo aq di lads bg windah jga,luvyu cowo aq di lads bang windah jga,luvyu cowo aq lads bang windah jga,luvyu cowo aq lads bang windah jga,luvyu boy aq lads bro windah too
"bang main infinity nikki
ada benner bagus",bang main infinity nikki ada benner bagus,bang main infinity nikki ada benner bagus,bang main infinity nikki benner bagus,bang main infinity nikki benner bagus,"Bro, playing Infinity Nikki Benner is really good"
iya,iya,iya,iya,iya,Yes
❤❤❤,,,,,
main di laptop yang RAM nya 8 aman gaa?🤗🤗,main di laptop yang ram nya aman gaa,main di laptop yang ram nya aman gaa,main laptop ram nya aman gaa,main laptop ram nya aman gaa,Is it safe to play with laptop RAM?
Baru pertama kali nonton Abang ini kaget durasinya 3 jam😭😭👊,baru pertama kali nonton abang ini kaget durasinya jam,baru pertama kali nonton abang ini kaget durasinya jam,kali nonton abang kaget durasinya jam,kali nonton abang kaget durasi jam,"The first time I watched it, I was surprised at how long it was"
BG HARUSNY LU MAIN INI SM MAMA AGNESS!! MAU LIAT EKSPRESI SM PENDAPAT KALIAN BERDUA KLO MAIN INI PILIH SIAPA WAKAKAKAKA,bg harusny lu main ini sm mama agness mau liat ekspresi sm pendapat kalian berdua klo main ini pilih siapa wakakakaka,bang harusny lu main ini sm mama agness mau liat ekspresi sm pendapat kalian berdua klo main ini pilih siapa wakakakaka,bang harusny lu main sm mama agness liat ekspresi sm pendapat berdua klo main pilih wakakakaka,bang harusny lu main sm mama agness liat ekspresi sm dapat dua klo main pilih wakakakaka,"Bro, you should play with Mama Agness, look at her expressions and get two if you play, choose wakakakaka"
"bg windah sepeka itu benerr, sylus emg hot badboy tp klo untuk anak2 remaja demen cerita dipaksa cowo ganteng cocok bgt wkwk, tp klo buat gw yg udh umur 24 gini lbh ke zayn sihh greenflag bangettt. pls bg nnt lu pilih sesuai kata hati lu aja karakternya ya bg",bg windah sepeka itu benerr sylus emg hot badboy tp klo untuk anak remaja demen cerita dipaksa cowo ganteng cocok bgt wkwk tp klo buat gw yg udh umur gini lbh ke zayn sihh greenflag bangettt pls bg nnt lu pilih sesuai kata hati lu aja karakternya ya bg,bang windah sepeka itu benerr sylus emg hot badboy tp klo untuk anak remaja demen cerita dipaksa cowo ganteng cocok banget tertawa tp klo buat gw yang udh umur gini lbh ke zayn sihh greenflag bangettt tolong bang nnt lu pilih sesuai kata hati lu saja karakternya ya bang,bang windah sepeka benerr sylus emg hot badboy tp klo anak remaja demen cerita dipaksa cowo ganteng cocok banget tertawa tp klo gw udh umur gini lbh zayn sihh greenflag bangettt tolong bang nnt lu pilih sesuai hati lu karakternya ya bang,bang windah peka benerr sylus emg hot badboy tp klo anak remaja demen cerita paksa cowo ganteng cocok banget tertawa tp klo gw udh umur gin lbh zayn sihh greenflag bangettt tolong bang nnt lu pilih sesuai hati lu karakter ya bang,"Bro, Windah is really sensitive, Sylus really is a hot bad boy, but if teenagers like forced stories, handsome guys are really good for laughing, but if I'm older than Zayn, that's really greenflag, bro, please choose according to your character, bro."
Gw yg udah 6 years old nonton bang windah gak pernah komen di live chat😎,gw yg udah years old nonton bang windah gak pernah komen di live chat,gw yang sudah years old nonton bang windah gak pernah komen di live chat,gw years old nonton bang windah gak komen live chat,gw years old nonton bang windah gak komen live chat,I watched Bang Windah for years and didn't comment on the live chat
"bau bgt jir gachanya, gue 20x dpet painful signal, ke 30x dpet lgi wkwkw",bau bgt jir gachanya gue x dpet painful signal ke x dpet lgi wkwkw,bau banget jir gachanya gue x dpet painful signal ke x dpet lgi tertawa,bau banget jir gachanya gue x dpet painful signal x dpet lgi tertawa,bau banget jir gachanya gue x dpet painful signal x dpet lgi tertawa,It really smells like my gacha x got a painful signal x got me laughing again
"Seru banget,lanjut bang",seru bangetlanjut bang,seru bangetlanjut bang,seru bangetlanjut bang,seru bangetlanjut bang,"It's really exciting, bro"
YAYYYYY❤❤,yayyyyy,yayyyyy,yayyyyy,yayyyyy,yayyyyy
"bang caleb nya belomann, ayo lanjut dong😔",bang caleb nya belomann ayo lanjut dong,bang caleb nya belomann ayo lanjut dong,bang caleb nya belomann ayo,bang caleb nya belomann ayo,"bro, Caleb isn't up to it, come on"
ANJAY LANGSUNG DIBELI OUTFITS SYLUSNYA😭😭😭,anjay langsung dibeli outfits sylusnya,anjay langsung dibeli outfits sylusnya,anjay langsung dibeli outfits sylusnya,anjay langsung beli outfits sylusnya,Anjay immediately bought the sylus outfit
ayo caleb caleb,ayo caleb caleb,ayo caleb caleb,ayo caleb caleb,ayo caleb caleb,come on caleb caleb
njayyyy kerennn ❤❤❤,njayyyy kerennn,njayyyy kerennn,njayyyy kerennn,njayyyy kerennn,njayyyy cool
Nangis bgt dia ngepull satu kartu five star ngeluarin duit sejuta😭😭😭😭💔,nangis bgt dia ngepull satu kartu five star ngeluarin duit sejuta,nangis banget dia ngepull satu kartu five star ngeluarin duit sejuta,nangis banget ngepull kartu five star ngeluarin duit sejuta,nang banget ngepull kartu five star ngeluarin duit juta,Those who really pull the five star card will pay out millions
Game bagus gini kok yang streamer sebelah malah digoreng yah kasian bet,game bagus gini kok yang streamer sebelah malah digoreng yah kasian bet,game bagus gini kok yang streamer sebelah malah digoreng yah kasian bet,game bagus gini streamer sebelah digoreng yah kasian bet,game bagus gin streamer belah goreng yah kasi bet,"good game, gin streamer, split it fried, give me a bet"
"1:59 bang saran aja bang dr aku anak jurnalistik, ngambil data kyk gini mending dari sumber resmi kayak website berita gitu, jgn dari akun medsos takutnya sumbernya antah-berantah ga terpercaya",bang saran aja bang dr aku anak jurnalistik ngambil data kyk gini mending dari sumber resmi kayak website berita gitu jgn dari akun medsos takutnya sumbernya antahberantah ga terpercaya,bang saran saja bang dari aku anak jurnalistik ngambil data kyk gini mending dari sumber resmi kayak website berita gitu jgn dari akun medsos takutnya sumbernya antahberantah ga terpercaya,bang saran bang anak jurnalistik ngambil data kyk gini mending sumber resmi kayak website berita gitu jgn akun medsos takutnya sumbernya antahberantah ga terpercaya,bang saran bang anak jurnalistik ngambil data kyk gin mending sumber resmi kayak website berita gitu jgn akun medsos takut sumber antahberantah ga percaya,"Bro, my advice, journalism kids, take data like gin, it's better to use official sources like news websites, don't use social media accounts, you're afraid of not trusting random sources."
33:00 AWKWKWWKW KOMUKNYA BG WINDAH CANGGUNG BET JIR😂,awkwkwwkw komuknya bg windah canggung bet jir,awkwkwwkw komuknya bang windah canggung bet jir,awkwkwwkw komuknya bang windah canggung bet jir,awkwkwwkw komuknya bang windah canggung bet jir,"awkwkwwkw how awkward Bro Windah is, bro"
Lanjut main infinity nikki bangg,lanjut main infinity nikki bangg,lanjut main infinity nikki bangg,main infinity nikki bangg,main infinity nikki bangg,play infinity nikki proud
sayanggg bangett sama banh windahhhh,sayanggg bangett sama banh windahhhh,sayanggg bangett sama banh windahhhh,sayanggg bangett banh windahhhh,sayanggg bangett banh windahhhh,"I really love you, Windahhhh"
"ini seru banget bg, aku rewatch berkali kali",ini seru banget bg aku rewatch berkali kali,ini seru banget bang aku rewatch berkali kali,seru banget bang rewatch berkali kali,seru banget bang rewatch kali kali,It's really fun to rewatch it several times
bener2 live chatnya isinya cewe jir,bener live chatnya isinya cewe jir,bener live chatnya isinya cewe jir,bener live chatnya isinya cewe jir,bener live chatnya isi cewe jir,It's true that the live chat is full of girls
Oh beneran jadi dimainin ternyata😅,oh beneran jadi dimainin ternyata,oh beneran jadi dimainin ternyata,oh beneran dimainin,oh beneran dimainin,oh really played it
"Pdhl game gini tuh kdg ngebantu kita para jomblo ga kesepian. Dan macemny jg bnyk versi cewe cowo ada. Kenapa kemaren bnyk anomali yg tantrum bg windah main game ini? Lbh kocak juga msh ada jantan ngata2in cewe yg main game ini birahi dll, kocakk kalo mau nutupin kekurangan lu tuh pd berubah bukan insecure sm karakter 2D. Sakit anjir 😂",pdhl game gini tuh kdg ngebantu kita para jomblo ga kesepian dan macemny jg bnyk versi cewe cowo ada kenapa kemaren bnyk anomali yg tantrum bg windah main game ini lbh kocak juga msh ada jantan ngatain cewe yg main game ini birahi dll kocakk kalo mau nutupin kekurangan lu tuh pd berubah bukan insecure sm karakter d sakit anjir,pdhl game gini tuh kdg ngebantu kita para jomblo ga kesepian dan macemny juga bnyk versi cewe cowo ada kenapa kemaren bnyk anomali yang tantrum bang windah main game ini lbh kocak juga msh ada jantan ngatain cewe yang main game ini birahi dll kocakk kalo mau nutupin kekurangan lu tuh pd berubah bukan insecure sm karakter d sakit anjir,pdhl game gini tuh kdg ngebantu jomblo ga kesepian macemny bnyk versi cewe cowo kemaren bnyk anomali tantrum bang windah main game lbh kocak msh jantan ngatain cewe main game birahi dll kocakk kalo nutupin kekurangan lu tuh pd berubah insecure sm karakter d sakit anjir,pdhl game gin tuh kdg ngebantu jomblo ga sepi macemny bnyk versi cewe cowo kemaren bnyk anomali tantrum bang windah main game lbh kocak msh jantan ngatain cewe main game birah dll kocakk kalo nutupin kurang lu tuh pd ubah insecure sm karakter d sakit anjir,"Even though this game doesn't help single people, it's not quiet, there are lots of versions for girls, boys, yesterday there were lots of anomalous tantrums, bro, playing games is even more hilarious, it's still a man to keep girls from playing lust games, etc. It's funny, if you cover it up less, you can change your insecurity because your character is sick."
big respect :c,big respect c,big respect c,big respect c,big respect c,big respect c
Kata ilham kamu sotoy,kata ilham kamu sotoy,kata ilham kamu sotoy,ilham sotoy,ilham sotoy,sotoy inspiration
Lanjutin story caleb bannggg plisss,lanjutin story caleb bannggg plisss,lanjutin story caleb bannggg plisss,lanjutin story caleb bannggg plisss,lanjutin story caleb bannggg plisss,"Continue with Caleb's story, please"
Bang lanjut main ff bang udh ada kakashi sama m411 naruto,bang lanjut main ff bang udh ada kakashi sama m naruto,bang lanjut main ff bang udh ada kakashi sama m naruto,bang main ff bang udh kakashi m naruto,bang main ff bang udh kakashi m naruto,"bro, play ff bro, kakashi m naruto"
youtuber nya yang gajadi main tuh yang live 26 detik bukan bang,youtuber nya yang gajadi main tuh yang live detik bukan bang,youtuber nya yang gajadi main tuh yang live detik bukan bang,youtuber nya gajadi main tuh live detik bang,youtuber nya gajadi main tuh live detik bang,"The YouTuber won't be playing live for a second, bro"
いや,,,,,
Lanjut utopia awan bang,lanjut utopia awan bang,lanjut utopia awan bang,utopia awan bang,utopia awan bang,cloud utopia bro
Uchiha windah 🗿,uchiha windah,uchiha windah,uchiha windah,uchiha windah,Uchiha Windah
rafayel mahasiswa UI😔😔😔😔😔,rafayel mahasiswa ui,rafayel mahasiswa ui,rafayel mahasiswa ui,rafayel mahasiswa ui,UI student Rafayel
bang kok bs main di pc ya? punyaku kok gabisa 😭,bang kok bs main di pc ya punyaku kok gabisa,bang kok bs main di pc ya punyaku kok gabisa,bang bs main pc ya punyaku gabisa,bang bs main pc ya punya gabisa,"Bro, you can play on a PC, but you can't"
LAGI DONG BANGGG HUAAA,lagi dong banggg huaaa,lagi dong banggg huaaa,banggg huaaa,banggg huaaa,proud huaaa
"JANGAN PEDULIIN ORG BANG, LU YG PUNYA PC NYA TOH MRKA GA NGASIH MAKAN LU BNG",jangan peduliin org bang lu yg punya pc nya toh mrka ga ngasih makan lu bng,jangan peduliin org bang lu yang punya pc nya toh mrka ga ngasih makan lu bng,peduliin org bang lu pc nya mrka ga ngasih makan lu bng,peduliin org bang lu pc nya mrka ga ngasih makan lu bng,"If you care about your PC, they won't give you food, bro"
Keren bg,keren bg,keren bang,keren bang,keren bang,cool bro
"Bang gua habis nonton video lu, malah jadi lucky",bang gua habis nonton video lu malah jadi lucky,bang gua habis nonton video lu malah jadi lucky,bang gua habis nonton video lu lucky,bang gua habis nonton video lu lucky,"Bro, I'm lucky after watching your video"
Game begini ada yg versi buat cowo ngga ya,game begini ada yg versi buat cowo ngga ya,game begini ada yang versi buat cowo ngga ya,game versi cowo ngga ya,game versi cowo ngga ya,Boys version of the game or not?
Wahh akhirnya di mainin yeyy😂,wahh akhirnya di mainin yeyy,wahh akhirnya di mainin yeyy,wahh mainin yeyy,wahh mainin yeyy,"Wow, I'm playing, yeah"
1:35:45 Aminn bang semoga kesampean punya rumah deket Pantai sama mama agness <3,aminn bang semoga kesampean punya rumah deket pantai sama mama agness,aminn bang semoga kesampean punya rumah deket pantai sama mama agness,aminn bang semoga kesampean rumah deket pantai mama agness,aminn bang moga sampean rumah deket pantai mama agness,"Amen bro, I hope your house is near the beach, Mama Agness"
Berusaha positif ya bang😢,berusaha positif ya bang,berusaha positif ya bang,berusaha positif ya bang,usaha positif ya bang,"Positive effort, bro"
Affinity caleb harus 30 dulu minimal baru bisa interaksi bang,affinity caleb harus dulu minimal baru bisa interaksi bang,affinity caleb harus dulu minimal baru bisa interaksi bang,affinity caleb minimal interaksi bang,affinity caleb minimal interaksi bang,affinity caleb minimal interaction bro
Sayangnya ini game ga ada bahasa Indonesia nya sih.,sayangnya ini game ga ada bahasa indonesia nya sih,sayangnya ini game ga ada bahasa indonesia nya sih,sayangnya game ga bahasa indonesia nya sih,sayang game ga bahasa indonesia nya sih,It's a shame the game doesn't speak Indonesian
😂,,,,,
game untuk cewe kok yang protes itu malah cowo,game untuk cewe kok yang protes itu malah cowo,game untuk cewe kok yang protes itu malah cowo,game cewe protes cowo,game cewe protes cowo,game for girls protesting against boys
Kakashi nya juga misteri shop bang,kakashi nya juga misteri shop bang,kakashi nya juga misteri shop bang,kakashi nya misteri shop bang,kakashi nya misteri shop bang,Kakashi is a mystery shop bro
pake emulator,pake emulator,pake emulator,pake emulator,pake emulator,use an emulator
"nekopara, vr kanojo, blue archive, nikke, dll",nekopara vr kanojo blue archive nikke dll,nekopara vr kanojo blue archive nikke dll,nekopara vr kanojo blue archive nikke dll,nekopara vr kanojo blue archive nikke dll,nekopara vr kanojo blue archive nikke etc
Omgg lanjutin storynya caleb banggg ITU SERU BANGETT ❤️‍🔥❤️‍🔥❤️‍🔥,omgg lanjutin storynya caleb banggg itu seru bangett,omgg lanjutin storynya caleb banggg itu seru bangett,omgg lanjutin storynya caleb banggg seru bangett,omgg lanjutin storynya caleb banggg seru bangett,"Omg, continue with Caleb's story, it's really exciting"
Thank you for not listen to those people who clearly don't know the game and never played it tpi berasa paling tau. suatu kebiasaan orng indo yg buruk. sekali lagi thank you.,thank you for not listen to those people who clearly dont know the game and never played it tpi berasa paling tau suatu kebiasaan orng indo yg buruk sekali lagi thank you,thank you for not listen to those people who clearly dont know the game and never played it tpi berasa paling tau suatu kebiasaan orng indo yang buruk sekali lagi thank you,thank you for not listen to those people who clearly dont know the game and never played it tpi berasa tau kebiasaan orng indo buruk thank you,thank you for not listen to those people who clearly dont know the game and never played it tpi asa tau biasa orng indo buruk thank you,thank you for not listening to those people who clearly don't know the game and never played it but hope to know that ordinary Indonesian people are bad thank you
"Sylus yg naga myth itu yang bikin jadi nomor 1 bang. Gila sih, gw topup banyak banget buat itu. Boncos tp puas 😂",sylus yg naga myth itu yang bikin jadi nomor bang gila sih gw topup banyak banget buat itu boncos tp puas,sylus yang naga myth itu yang bikin jadi nomor bang gila sih gw topup banyak banget buat itu boncos tp puas,sylus naga myth bikin nomor bang gila sih gw topup banget boncos tp puas,sylus naga myth bikin nomor bang gila sih gw topup banget boncos tp puas,"Sylus Naga Myth makes crazy numbers, I'm really free of topping up but I'm satisfied"
"pls buat kalian yang gasuka windah main game ini gausa banyak bacot,tinggal gausa di toton elah,lagian banyak juga kok yang suka pas windah main game ini,malah lebih banyak yang suka  dari pada ga dimainin terus yang bilang game nya ga baik ditoton bocil waktu windah main five heart under one roof? dead or alive? baik-baik aja.bawa ejoy bro,kalem aja elah",pls buat kalian yang gasuka windah main game ini gausa banyak bacottinggal gausa di toton elahlagian banyak juga kok yang suka pas windah main game inimalah lebih banyak yang suka dari pada ga dimainin terus yang bilang game nya ga baik ditoton bocil waktu windah main five heart under one roof dead or alive baikbaik ajabawa ejoy brokalem aja elah,tolong buat kalian yang gasuka windah main game ini gausa banyak bacottinggal gausa di toton elahlagian banyak juga kok yang suka pas windah main game inimalah lebih banyak yang suka dari pada ga dimainin terus yang bilang game nya ga baik ditoton bocil waktu windah main five heart under one roof dead or alive baikbaik ajabawa ejoy brokalem saja elah,tolong gasuka windah main game gausa bacottinggal gausa toton elahlagian suka pas windah main game inimalah suka ga dimainin bilang game nya ga ditoton bocil windah main five heart under one roof dead or alive baikbaik ajabawa ejoy brokalem elah,tolong gasuka windah main game gausa bacottinggal gausa toton elahlagian suka pas windah main game inimalah suka ga dimainin bilang game nya ga ditoton bocil windah main five heart under one roof dead or alive baikbaik ajabawa ejoy brokalem elah,"Please don't like Windah playing the game, don't talk, just don't watch it, please don't like it when Windah plays this game, even if you don't like playing it, tell me you don't watch the game, let's play five hearts under one roof, dead or alive, be good, just bring joy, brokalem, elah"
good game,good game,good game,good game,good game,good game
makasi bang udah mainin game favorit ku inii,makasi bang udah mainin game favorit ku inii,makasi bang sudah mainin game favorit ku inii,makasi bang mainin game favorit ku inii,makas bang mainin game favorit ku ini,"Thanks bro, playing this my favorite game"
MAKASIH BANG WINDAH UDAH MAININ GAMENYAA ❤,makasih bang windah udah mainin gamenyaa,makasih bang windah sudah mainin gamenyaa,makasih bang windah mainin gamenyaa,makasih bang windah mainin gamenyaa,"Thank you, bro, for playing the game"
"APALAH SI KOCAK INI GAME EMANG UNTUK CEWEK, LU JAN HUJAT!",apalah si kocak ini game emang untuk cewek lu jan hujat,apalah si kocak ini game emang untuk cewek lu jan hujat,apalah si kocak game emang cewek lu jan hujat,apa si kocak game emang cewek lu jan hujat,"Is the game funny guy really a girl, don't you insult me?"
lah video ini jadi iklan???,lah video ini jadi iklan,lah video ini jadi iklan,video iklan,video iklan,advertising video
GABOLE NGAKAK BANGET GUE PLS LIAT BANGNYA MAIN GAME INI.TAPI DIA BIKIN AKU HAPPY MAKASII 🎉,gabole ngakak banget gue pls liat bangnya main game initapi dia bikin aku happy makasii,gabole ngakak banget gue tolong liat bangnya main game initapi dia bikin aku happy makasii,gabole ngakak banget gue tolong liat bangnya main game initapi bikin happy makasii,gabole ngakak banget gue tolong liat bang main game initapi bikin happy makasii,"Gabole is really laughing, please take a look bro, play this game, but it makes you happy, thanks"
berkat bang windah rasa penasaran saya terhadap game ini terpuaskan. dan gak nyangka ada batelnya 😅,berkat bang windah rasa penasaran saya terhadap game ini terpuaskan dan gak nyangka ada batelnya,berkat bang windah rasa penasaran saya terhadap game ini terpuaskan dan gak nyangka ada batelnya,berkat bang windah penasaran game terpuaskan gak nyangka batelnya,berkat bang windah penasaran game puas gak nyangka batel,"Thanks, Bro, I'm curious, I'm satisfied with the game, I didn't expect it to fail"
32:38 bang windah bisa punggungnya gtu kok gym yok wkwk,bang windah bisa punggungnya gtu kok gym yok wkwk,bang windah bisa punggungnya gtu kok gym yok tertawa,bang windah punggungnya gtu gym yok tertawa,bang windah punggung gtu gym yok tertawa,"Bro, Windah's back is like a gym, let's laugh"
bangg lanjut main story calebb,bangg lanjut main story calebb,bangg lanjut main story calebb,bangg main story calebb,bangg main story calebb,Proud to play Caleb's story
"dulu mau main ini tapi gapunya pc, dengan bang windah main ini aku jadi bisa tau dan ngerasa lagi main gamenya juga. thankyou bang windah",dulu mau main ini tapi gapunya pc dengan bang windah main ini aku jadi bisa tau dan ngerasa lagi main gamenya juga thankyou bang windah,dulu mau main ini tapi gapunya pc dengan bang windah main ini aku jadi bisa tau dan ngerasa lagi main gamenya juga thankyou bang windah,main gapunya pc bang windah main tau ngerasa main gamenya thankyou bang windah,main gapunya pc bang windah main tau ngerasa main gamenya thankyou bang windah,"Don't have a PC to play, bro, Windah, play, you know how to feel playing the game, thank you, Bro, Windah"
lanjutinn bang windahh. aku suka,lanjutinn bang windahh aku suka,lanjutinn bang windahh aku suka,lanjutinn bang windahh suka,lanjutinn bang windahh suka,"keep going, bro, I like it"
"Respect bang windah
Makasih udah ngehibur kita semua",respect bang windah makasih udah ngehibur kita semua,respect bang windah makasih sudah ngehibur kita semua,respect bang windah makasih ngehibur,respect bang windah makasih ngehibur,"Respect bro, Windah, thanks for entertaining"
"bang, evelyn mirip mama agnes",bang evelyn mirip mama agnes,bang evelyn mirip mama agnes,bang evelyn mama agnes,bang evelyn mama agnes,"Bro, Evelyn, Mama Agnes"
rafayel mahasiswa ui,rafayel mahasiswa ui,rafayel mahasiswa ui,rafayel mahasiswa ui,rafayel mahasiswa ui,UI student Rafayel
gg bangg semangat terus,gg bangg semangat terus,gg bangg semangat terus,gg bangg semangat,gg bangg semangat,I'm proud to be enthusiastic
spill id hunter nya dong bang,spill id hunter nya dong bang,spill id hunter nya dong bang,spill id hunter nya bang,spill id hunter nya bang,spill the hunter ID bro
2:44:08 banggg kok malah lu yg dapet😭😭😭,banggg kok malah lu yg dapet,banggg kok malah lu yang dapet,banggg lu dapet,banggg lu dapet,I'm proud you got it
"Game ini membuat cewe"" pada sangen😹 
Eaaa langsung dahhh😹",game ini membuat cewe pada sangen eaaa langsung dahhh,game ini membuat cewe pada sangen eaaa langsung dahhh,game cewe sangen eaaa langsung dahhh,game cewe sangen eaaa langsung dahhh,the girl's game really likes it right away
2:06:05 apasi bang liatnya smpe gitu😭😭😭😂,apasi bang liatnya smpe gitu,apasi bang liatnya smpe gitu,apasi bang liatnya smpe gitu,apas bang liat smpe gitu,What's wrong with seeing it come to that?
MAKASIHH BANG BRANDOOO UDAH MAU REVIEW GAME LADS INI 🫡,makasihh bang brandooo udah mau review game lads ini,makasihh bang brandooo sudah mau review game lads ini,makasihh bang brandooo review game lads,makasihh bang brandooo review game lads,"Thank you bro, Brandoo for reviewing the game, lads"
Gak maen lagi bg?,gak maen lagi bg,gak maen lagi bang,gak maen bang,gak maen bang,I'm not playing bro
"Remember!!!
57:04 ""you guys are beautiful""",remember you guys are beautiful,remember you guys are beautiful,remember you guys are beautiful,remember you guys are beautiful,remember you guys are beautiful
OMOOOO TIMAKACIH BANG WINDA🎉🎉 sudah memainkan game ini seru banget sumpah ngakak trs liat nya 😭😭😭🫰🏻🫰🏻🫰🏻,omoooo timakacih bang winda sudah memainkan game ini seru banget sumpah ngakak trs liat nya,omoooo timakacih bang winda sudah memainkan game ini seru banget sumpah ngakak trs liat nya,omoooo timakacih bang winda memainkan game seru banget sumpah ngakak trs liat nya,omoooo timakacih bang winda main game seru banget sumpah ngakak trs liat nya,"Omoooo thank you, bro, Winda played this really exciting game, I swear I laughed out loud when I saw it"
Uchiha windah🎉🎉🎉,uchiha windah,uchiha windah,uchiha windah,uchiha windah,Uchiha Windah
Anjay,anjay,anjay,anjay,anjay,anjay
TERIMAKASIH BANYAK BANGG MAININ GAME INI WALAUPUN TELATTT❤❤❤❤❤,terimakasih banyak bangg mainin game ini walaupun telattt,terimakasih banyak bangg mainin game ini walaupun telattt,terimakasih bangg mainin game telattt,terimakasih bangg mainin game telattt,Thank you for playing the game late
bang lu nyengir Mulu di game ini kocakk,bang lu nyengir mulu di game ini kocakk,bang lu nyengir mulu di game ini kocakk,bang lu nyengir mulu game kocakk,bang lu nyengir mulu game kocakk,"Bro, you're grinning when the game is hilarious"
"Lucu banget sih viewers cewe lu bang, ternyata mereka  juga bisa ngehalu, dan jujur gw pribadi sebagai cowo ikut senang setiap ngeliat cewe-cewe pada senang. Big respect juga Bang Windah untuk pemahamannya. 👏",lucu banget sih viewers cewe lu bang ternyata mereka juga bisa ngehalu dan jujur gw pribadi sebagai cowo ikut senang setiap ngeliat cewecewe pada senang big respect juga bang windah untuk pemahamannya,lucu banget sih viewers cewe lu bang ternyata mereka juga bisa ngehalu dan jujur gw pribadi sebagai cowo ikut senang setiap ngeliat cewecewe pada senang big respect juga bang windah untuk pemahamannya,lucu banget sih viewers cewe lu bang ngehalu jujur gw pribadi cowo senang ngeliat cewecewe senang big respect bang windah pemahamannya,lucu banget sih viewers cewe lu bang ngehalu jujur gw pribadi cowo senang ngeliat cewecewe senang big respect bang windah paham,"It's really funny, your female viewers are really annoying, to be honest, personally, men like to see girls happy, big respect, bro, Windah understands"
"gw kira gw doang yg starstruck liat sylus pertama kali, ternyata bang windah juga 😂",gw kira gw doang yg starstruck liat sylus pertama kali ternyata bang windah juga,gw kira gw doang yang starstruck liat sylus pertama kali ternyata bang windah juga,gw gw doang starstruck liat sylus kali bang windah,gw gw doang starstruck liat sylus kali bang windah,"I'm just starstruck when I see Sylus, Bro Windah"
Thanks uciha windah🥹,thanks uciha windah,thanks uciha windah,thanks uciha windah,thanks uciha windah,thanks uciha windah
Apaan lah😩🤦‍♂️,apaan lah,apaan lah,,,
Yang gak setuju di lanjurin bilang gak usah lanjutin,yang gak setuju di lanjurin bilang gak usah lanjutin,yang gak setuju di lanjurin bilang gak usah lanjutin,gak setuju lanjurin bilang gak lanjutin,gak tuju lanjurin bilang gak lanjutin,"I didn't go, then said no, continue"
Mana uia uia nya windah,mana uia uia nya windah,mana uia uia nya windah,uia uia nya windah,uia uia nya windah,the age is beautiful
Gua justru respect Ama bang Windah. Dia milih game yang pengen dia mainin,gua justru respect ama bang windah dia milih game yang pengen dia mainin,gua justru respect ama bang windah dia milih game yang pengen dia mainin,gua respect ama bang windah milih game pengen mainin,gua respect ama bang windah milih game ken mainin,I respect Bro Windah for choosing the game you want to play
Aku subscribe kamu gara gara main game ini bang wkwk,aku subscribe kamu gara gara main game ini bang wkwk,aku subscribe kamu gara gara main game ini bang tertawa,subscribe gara gara main game bang tertawa,subscribe gara gara main game bang tertawa,"subscribed because I played the game, bro, I laughed"
2.41.05 ini rafayel yang bawah gasi,ini rafayel yang bawah gasi,ini rafayel yang bawah gasi,rafayel gasi,rafayel gas,Rafayel Gas
"aelah,game tobrut cewe kemaren juga bikin lo snge kan?😂",aelahgame tobrut cewe kemaren juga bikin lo snge kan,aelahgame tobrut cewe kemaren juga bikin lo snge kan,aelahgame tobrut cewe kemaren bikin lo snge,aelahgame tobrut cewe kemaren bikin lo snge,the girl's tobrut game yesterday made you excited
"game tobrut normal, game buat 'cewek' gak normal, dasar 😹",game tobrut normal game buat cewek gak normal dasar,game tobrut normal game buat cewek gak normal dasar,game tobrut normal game cewek gak normal dasar,game tobrut normal game cewek gak normal dasar,normal tobrut game basic not normal girls game
"Komen ngasal tanpa dasar ya gini.
Dasar Dicka chomel 😹",komen ngasal tanpa dasar ya gini dasar dicka chomel,komen ngasal tanpa dasar ya gini dasar dicka chomel,komen ngasal dasar ya gini dasar dicka chomel,komen ngasal dasar ya gin dasar dicka chomel,"What a stupid comment, gin, what a dicka chomel"
"Biar apa lu gitu? Ngerasa keren lu? Gak bisa ngehargain mending diem, gausah ngabisin tenaga lu buat ngehujat org, dewasa dikit eh iya kan bocil gada otak mana bisa di suruh dewasa",biar apa lu gitu ngerasa keren lu gak bisa ngehargain mending diem gausah ngabisin tenaga lu buat ngehujat org dewasa dikit eh iya kan bocil gada otak mana bisa di suruh dewasa,biar apa lu gitu ngerasa keren lu gak bisa ngehargain mending diem gausah ngabisin tenaga lu buat ngehujat org dewasa dikit eh iya kan bocil gada otak mana bisa di suruh dewasa,biar lu gitu ngerasa keren lu gak ngehargain mending diem gausah ngabisin tenaga lu ngehujat org dewasa dikit eh iya bocil gada otak suruh dewasa,biar lu gitu ngerasa keren lu gak ngehargain mending diem gausah ngabisin tenaga lu ngehujat org dewasa dikit eh iya bocil gada otak suruh dewasa,"so that you feel cool, you don't appreciate it, it's better to keep quiet, don't waste your energy blaspheming the adults for a bit, eh, yes, you're a kid, no brains telling the adults"
Dika comel najis siapa yg berbohong padamu bung,dika comel najis siapa yg berbohong padamu bung,dika comel najis siapa yang berbohong padamu bung,dika comel najis berbohong padamu,dika comel najis bohong pada,Dika is cute and unclean and lies to you
 @AhmadFauzi-p1z  cewe juga manusia bg😂,ahmadfauzipz cewe juga manusia bg,ahmadfauzipz cewe juga manusia bang,ahmadfauzipz cewe manusia bang,ahmadfauzipz cewe manusia bang,ahmadfauzipz is a human girl bro
Namanya manusia bang (gamenya mengetahui peluang pengeluaran terbesar di siapa)😭,namanya manusia bang gamenya mengetahui peluang pengeluaran terbesar di siapa,namanya manusia bang gamenya mengetahui peluang pengeluaran terbesar di siapa,namanya manusia bang gamenya peluang pengeluaran terbesar,nama manusia bang gamenya peluang keluar besar,"It's a human name, the game has a big chance of coming out"
Average nolep + cabul boy,average nolep cabul boy,average nolep cabul boy,average nolep cabul boy,average nolep cabul boy,average nolep obscene boy
"touch some grass duh,kalo lu ga suka gausah nonton that's so fking simple😂",touch some grass duhkalo lu ga suka gausah nonton thats so fking simple,touch some grass duhkalo lu ga suka gausah nonton thats so fking simple,touch some grass duhkalo lu ga suka gausah nonton thats so fking simple,touch some grass duhkalo lu ga suka gausah nonton thats so fking simple,"touch some grass, if you don't like it, don't watch it, that's so fking simple"
 @RuNaraaa  siapa juga yang nonton?,runaraaa siapa juga yang nonton,runaraaa siapa juga yang nonton,runaraaa nonton,runaraaa nonton,runaraaa watching
Kanjut hideung,kanjut hideung,kanjut hideung,kanjut hideung,kanjut hideung,continued hideung
@Ryden-i6l  artinya apa bang messi?,rydenil artinya apa bang messi,rydenil artinya apa bang messi,rydenil bang messi,rydenil bang messi,Rydenil Bang Messi
Lanjutin bang biar arkan kebakaran pantat,lanjutin bang biar arkan kebakaran pantat,lanjutin bang biar arkan kebakaran pantat,lanjutin bang biar arkan kebakaran pantat,lanjutin bang biar arkan bakar pantat,"Keep going bro, let it burn your ass"
Lanjutkan main game ini sampai arkan panas,lanjutkan main game ini sampai arkan panas,lanjutkan main game ini sampai arkan panas,lanjutkan main game arkan panas,lanjut main game arkan panas,continue playing hot arkan games
@Gyutaro-126  idih siapa juga yang panas?,gyutaro idih siapa juga yang panas,gyutaro idih siapa juga yang panas,gyutaro idih panas,gyutaro idih panas,Gyutaro is hot
Tebak umur Arkan,tebak umur arkan,tebak umur arkan,tebak umur arkan,tebak umur arkan,Guess Arkan's age
"Kalau gasuka tinggal close bang, yg main bang windah kok lo yg sewot? Insecure kah? Pantes",kalau gasuka tinggal close bang yg main bang windah kok lo yg sewot insecure kah pantes,kalau gasuka tinggal close bang yang main bang windah kok lo yang sewot insecure kah pantes,gasuka tinggal close bang main bang windah lo sewot insecure kah pantes,gasuka tinggal close bang main bang windah lo sewot insecure kah pantes,"I don't like to stay close, bro, play, bro, Windah, are you so insecure, no wonder"
pls gausah comment kalo gak suka.coba windah main game cewe tobrut.ada yang protes kah? giliran windah main game ginian doang diprotes.,pls gausah comment kalo gak sukacoba windah main game cewe tobrutada yang protes kah giliran windah main game ginian doang diprotes,tolong gausah comment kalo gak sukacoba windah main game cewe tobrutada yang protes kah giliran windah main game ginian doang diprotes,tolong gausah comment kalo gak sukacoba windah main game cewe tobrutada protes kah giliran windah main game ginian doang diprotes,tolong gausah comment kalo gak sukacoba windah main game cewe tobrutada protes kah gilir windah main game ginian doang protes,"Please don't comment if you don't like it, try Windah playing the girl game Tobrutada protest, is it Windah's turn to play this game and just protest?"
Dengan lu komen dan ada di kolom chat ini menandakan lu nonton kocak,dengan lu komen dan ada di kolom chat ini menandakan lu nonton kocak,dengan lu komen dan ada di kolom chat ini menandakan lu nonton kocak,lu komen kolom chat menandakan lu nonton kocak,lu komen kolom chat tanda lu nonton kocak,"If you comment in the chat column, it's a sign that you're watching something funny"
makasih yaa bang windah 🩷🩷🩷,makasih yaa bang windah,makasih yaa bang windah,makasih yaa bang windah,makasih yaa bang windah,"Thank you, bro, Windah"
"banggg makasii uda mau mainin game ini walaupun banyak yg ngegoreng bangg, emg netijen gd otak",banggg makasii uda mau mainin game ini walaupun banyak yg ngegoreng bangg emg netijen gd otak,banggg makasii uda mau mainin game ini walaupun banyak yang ngegoreng bangg emg netijen gd otak,banggg makasii uda mainin game ngegoreng bangg emg netijen gd otak,banggg makasii uda mainin game ngegoreng bangg emg netijen gd otak,"Wow, thanks for playing the frying game, what a brainless netizen"
LUCU,lucu,lucu,lucu,lucu,funny
Zayne girlies hadirrrr makasih bang windahhh❤❤❤❤,zayne girlies hadirrrr makasih bang windahhh,zayne girlies hadirrrr makasih bang windahhh,zayne girlies hadirrrr makasih bang windahhh,zayne girlies hadirrrr makasih bang windahhh,"Zayne girlies are here, thank you bro Windahhh"
THANK YOUU BANGG UDAH MAININ NI GAME TTP SMNGT BANG JANGAN DENGERIN KOMENTAR KOMENTAR NEGATIF SEHAT SELALU BANG,thank youu bangg udah mainin ni game ttp smngt bang jangan dengerin komentar komentar negatif sehat selalu bang,thank youu bangg sudah mainin ni game ttp smngt bang jangan dengerin komentar komentar negatif sehat selalu bang,thank youu bangg mainin ni game ttp smngt bang dengerin komentar komentar negatif sehat bang,thank youu bangg mainin ni game ttp smngt bang dengerin komentar komentar negatif sehat bang,"Thank you, I'm proud to play this game, but I'm sorry, bro. It's healthy to listen to negative comments, bro"
"Warga minim literasi gak mau cek dulu,padahal ada kembarannya yang cewek lu fer-feraja nonton sekarang yang cowok pada bacot gak pernah mainin ni para hatrest bisanya bacot doang",warga minim literasi gak mau cek dulupadahal ada kembarannya yang cewek lu ferferaja nonton sekarang yang cowok pada bacot gak pernah mainin ni para hatrest bisanya bacot doang,warga minim literasi gak mau cek dulupadahal ada kembarannya yang cewek lu ferferaja nonton sekarang yang cowok pada bacot gak pernah mainin ni para hatrest bisanya bacot doang,warga minim literasi gak cek dulupadahal kembarannya cewek lu ferferaja nonton cowok bacot gak mainin ni hatrest bisanya bacot doang,warga minim literasi gak cek dulupadahal kembar cewek lu ferferaja nonton cowok bacot gak mainin ni hatrest bisa bacot doang,"people with minimal literacy don't check first, even though you're twin girls, you're happy to watch a guy who's talking, don't play, it's hatrest, you can just talk"
"Android kah bang?
maaf bang gak nonton livenya gw replayer soalnya, download video aja bg",android kah bang maaf bang gak nonton livenya gw replayer soalnya download video aja bg,android kah bang maaf bang gak nonton livenya gw replayer soalnya download video saja bang,android kah bang maaf bang gak nonton livenya gw replayer download video bang,android kah bang maaf bang gak nonton livenya gw replayer download video bang,"Android bro, sorry bro, I can't watch the live video, I'm a replayer, download the video, bro"
Winda uciha 😂,winda uciha,winda uciha,winda uciha,winda uciha,winda uciha
Mirip si vernon ngik ngik soang bejier,mirip si vernon ngik ngik soang bejier,mirip si vernon ngik ngik soang bejier,si vernon ngik ngik soang bejier,si vernon ngik ngik soang bejier,Vernon snorted soang Bejier
48:40 okeeeyy bg,okeeeyy bg,okeeeyy bang,okeeeyy bang,okeeeyy bang,okay bro
Bang maaf telat,bang maaf telat,bang maaf telat,bang maaf telat,bang maaf telat,"bro, sorry I'm late"
30:28 bang udah bang gak kuat lagi dengerin suaranya😖salting parahhhhh,bang udah bang gak kuat lagi dengerin suaranyasalting parahhhhh,bang sudah bang gak kuat lagi dengerin suaranyasalting parahhhhh,bang bang gak kuat dengerin suaranyasalting parahhhhh,bang bang gak kuat dengerin suaranyasalting parahhhhh,"Bro, bro, I can't hear the sound, it's so salty, it's so bad"
Mungkin aku telat nontonnya tapi aku cuma mau bilang makasih bang sudah mencoba game ini ❤❤❤,mungkin aku telat nontonnya tapi aku cuma mau bilang makasih bang sudah mencoba game ini,mungkin aku telat nontonnya tapi aku cuma mau bilang makasih bang sudah mencoba game ini,telat nontonnya bilang makasih bang mencoba game,telat nontonnya bilang makasih bang coba game,"I was late watching it and said thanks bro, try the game"
THANK YOUU BANG for being kind and understandingg Y_Y,thank youu bang for being kind and understandingg yy,thank youu bang for being kind and understandingg yy,thank youu bang for being kind and understandingg yy,thank youu bang for being kind and understandingg yy,thank you bro for being kind and understanding
Makasih bang udah respect ke viewers yang cewek,makasih bang udah respect ke viewers yang cewek,makasih bang sudah respect ke viewers yang cewek,makasih bang respect viewers cewek,makasih bang respect viewers cewek,"Thank you bro, respect female viewers"
Ini si sylus tampang doang keknya gahar kaya bad boy tp keknya green flag dah awokawok,ini si sylus tampang doang keknya gahar kaya bad boy tp keknya green flag dah awokawok,ini si sylus tampang doang keknya gahar kaya bad boy tp keknya green flag dah awokawok,si sylus tampang doang keknya gahar kaya bad boy tp keknya green flag dah awokawok,si sylus tampang doang kek gahar kaya bad boy tp kek green flag dah awokawok,Sylus just looks cool like a bad boy but Green Flag is already cool
1:59:39 sumpah zayne malu ih😭,sumpah zayne malu ih,sumpah zayne malu ih,sumpah zayne malu ih,sumpah zayne malu ih,I swear Zayne is embarrassed
THE POWER OF WINDAH UCHIHA,the power of windah uchiha,the power of windah uchiha,the power of windah uchiha,the power of windah uchiha,the power of windah uchiha
"Terlahir lah seorang uchiha windah,  uchiha windah rela di diejek dijelekin demi meningkatkan reputasi game  love and deepspace. Inilah uchiha terbaru 2025 yaitu ""uchiha windah"" 😎",terlahir lah seorang uchiha windah uchiha windah rela di diejek dijelekin demi meningkatkan reputasi game love and deepspace inilah uchiha terbaru yaitu uchiha windah,terlahir lah seorang uchiha windah uchiha windah rela di diejek dijelekin demi meningkatkan reputasi game love and deepspace inilah uchiha terbaru yaitu uchiha windah,terlahir uchiha windah uchiha windah rela diejek dijelekin meningkatkan reputasi game love and deepspace uchiha terbaru uchiha windah,lahir uchiha windah uchiha windah rela ejek dijelekin tingkat reputasi game love and deepspace uchiha baru uchiha windah,"Uchiha Windah was born Uchiha Windah was willing to be ridiculed and insulted, reputation level of love and deepspace new uchiha game Uchiha Windah"
"Bang sebenrnya Xavier polos banget, Sylus jahat banget bang, Caleb abrakadabra bang",bang sebenrnya xavier polos banget sylus jahat banget bang caleb abrakadabra bang,bang sebenrnya xavier polos banget sylus jahat banget bang caleb abrakadabra bang,bang sebenrnya xavier polos banget sylus jahat banget bang caleb abrakadabra bang,bang sebenrnya xavier polos banget sylus jahat banget bang caleb abrakadabra bang,"Bro, actually, Xavier is really innocent, Sylus is really evil, bro, Caleb Abracadabra, bro"
Gk paham sifat char nya?,gk paham sifat char nya,gk paham sifat char nya,gk paham sifat char nya,gk paham sifat char nya,I don't understand the character's nature
"Hadir ☺️ 

Walaupun ini game tentang cowok ganteng+fans cowok gk mendukung, tapi gw dukung dukung aja sih yaahhh walupun gw gk nonton, yahh gimana yah gw kan cowok 😂😂 semangat terus bg windah",hadir walaupun ini game tentang cowok gantengfans cowok gk mendukung tapi gw dukung dukung aja sih yaahhh walupun gw gk nonton yahh gimana yah gw kan cowok semangat terus bg windah,hadir walaupun ini game tentang cowok gantengfans cowok gk mendukung tapi gw dukung dukung saja sih yaahhh walupun gw gk nonton yahh gimana yah gw kan cowok semangat terus bang windah,hadir game cowok gantengfans cowok gk mendukung gw dukung dukung sih yaahhh walupun gw gk nonton yahh gimana yah gw cowok semangat bang windah,hadir game cowok gantengfans cowok gk dukung gw dukung dukung sih yaahhh walupun gw gk nonton yahh gimana yah gw cowok semangat bang windah,"Handsome guy's game is here, boy fans don't support it, I support it, support it, even though I don't watch it, how come, I'm an enthusiastic guy, bro, Windah"
keknya gw pernah req game ini deh😭,keknya gw pernah req game ini deh,keknya gw pernah req game ini deh,keknya gw req game deh,kek gw req game deh,I'll req the game
makasi bang uda main game ini demi cewe cewe lov you❤,makasi bang uda main game ini demi cewe cewe lov you,makasi bang uda main game ini demi cewe cewe lov you,makasi bang uda main game cewe cewe lov you,makas bang uda main game cewe cewe lov you,Thanks bro for playing games girls love you
makasii udah main game ini bang i love it❤❤,makasii udah main game ini bang i love it,makasii sudah main game ini bang i love it,makasii main game bang i love it,makasii main game bang i love it,"thanks for playing the game bro, I love it"
Uchiha windah,uchiha windah,uchiha windah,uchiha windah,uchiha windah,Uchiha Windah
Plis ngakak bgt langsung beli pas sylus handukan 😭😭😭😭,plis ngakak bgt langsung beli pas sylus handukan,tolong ngakak banget langsung beli pas sylus handukan,tolong ngakak banget langsung beli pas sylus handukan,tolong ngakak banget langsung beli pas sylus handuk,Please really laugh and buy the right towel sylus
ternyata cewek spender buat gamenya kuat juga yak wkwkwkwkwkwk,ternyata cewek spender buat gamenya kuat juga yak wkwkwkwkwkwk,ternyata cewek spender buat gamenya kuat juga yak wkwkwkwkwkwk,cewek spender gamenya kuat yak wkwkwkwkwkwk,cewek spender gamenya kuat yak wkwkwkwkwkwk,"The game spender girl is strong, hahaha"
"Kami para cewek juga manusia biasa yg butuh hiburan, salah satu hiburannya ya game. Cowok2 di game ini tuh perfect banget. Tipe cowok yg para cewek pengen tp susah buat didapetin di dunia nyata",kami para cewek juga manusia biasa yg butuh hiburan salah satu hiburannya ya game cowok di game ini tuh perfect banget tipe cowok yg para cewek pengen tp susah buat didapetin di dunia nyata,kami para cewek juga manusia biasa yang butuh hiburan salah satu hiburannya ya game cowok di game ini tuh perfect banget tipe cowok yang para cewek pengen tp susah buat didapetin di dunia nyata,cewek manusia butuh hiburan salah hiburannya ya game cowok game tuh perfect banget tipe cowok cewek pengen tp susah didapetin dunia nyata,cewek manusia butuh hibur salah hibur ya game cowok game tuh perfect banget tipe cowok cewek ken tp susah didapetin dunia nyata,"Human girls need to be entertained, it's wrong to be entertained, game boys are really perfect, the type of boy, girl, but it's hard to find in the real world"
"AKU SEBAGAI PECINTA DAN PEMAIN GAME LOVE AND DEEPSPACE INI , SANGAT SANGAT SENANG WOYY 😭😭",aku sebagai pecinta dan pemain game love and deepspace ini sangat sangat senang woyy,aku sebagai pecinta dan pemain game love and deepspace ini sangat sangat senang woyy,pecinta pemain game love and deepspace senang woyy,cinta main game love and deepspace senang woyy,"love playing the game love and deepspace, it's fun, wow"
waduh kering gigiku nih bang nyengir terus soalnya hehehe,waduh kering gigiku nih bang nyengir terus soalnya hehehe,waduh kering gigiku nih bang nyengir terus soalnya hehehe,kering gigiku nih bang nyengir hehehe,kering gigi nih bang nyengir hehehe,"My teeth are dry, I'm grinning, hehehe"
"WAWWWWWW, terimakasih bang windah sudah memainkan game ini 🫰🏻",wa terimakasih bang windah sudah memainkan game ini,wa terimakasih bang windah sudah memainkan game ini,wa terimakasih bang windah memainkan game,wa terimakasih bang windah main game,"Wow, thank you bro, Windah for playing the game"
"BANG LANJUTT GAA MAININ INII, HARUS LANJUT!!!!!!",bang lanjutt gaa mainin inii harus lanjut,bang lanjutt gaa mainin inii harus lanjut,bang lanjutt gaa mainin inii,bang lanjutt gaa mainin ini,"Bro, don't you continue playing this?"
"99% persen yang bilang orang2x ngehujat 1% komen yang bener bener ngehujat, gmn tuh dikira kira gaes",persen yang bilang orangx ngehujat komen yang bener bener ngehujat gmn tuh dikira kira gaes,persen yang bilang orangx ngehujat komen yang bener bener ngehujat gmn tuh dikira kira gaes,persen bilang orangx ngehujat komen bener bener ngehujat gmn tuh gaes,persen bilang orangx ngehujat komen bener bener ngehujat gmn tuh gaes,"Percent said that people are blaspheming comments, what's really blasphemous, guys"
ASIKK,asikk,asikk,asikk,asikk,cool
gakuat liat windah cengar cengir 😭😭,gakuat liat windah cengar cengir,gakuat liat windah cengar cengir,gakuat liat windah cengar cengir,gakuat liat windah cengar cengir,I can't help but see Windah grinning
AKHIRNYAAAAA,akhirnyaaaaa,akhirnyaaaaa,akhirnyaaaaa,akhirnyaaaaa,finally
Uciha windah🗿,uciha windah,uciha windah,uciha windah,uciha windah,uciha windah
"SENENG NYA AKHIRNYA DI REVIEW 

Aku sebagai player dri LADS ngakak aja liat reaksi Windah wkwkk, keren bang udah tahan sama bocil2 fomo❤",seneng nya akhirnya di review aku sebagai player dri lads ngakak aja liat reaksi windah wkwkk keren bang udah tahan sama bocil fomo,seneng nya akhirnya di review aku sebagai player dri lads ngakak saja liat reaksi windah tertawa keren bang sudah tahan sama bocil fomo,seneng nya review player dri lads ngakak liat reaksi windah tertawa keren bang tahan bocil fomo,neng nya review player dri lads ngakak liat reaksi windah tertawa keren bang tahan bocil fomo,"Neng, the player review from the lads can't help but laugh at Windah's reaction, laugh cool, bro, hold on to the fomo leak"
"respect bang, makasih juga udah main game ini karena udah nunggu nunggu banget, nex nya main ke semua karakter ya jangan zayne aja, suka sih sama zayne",respect bang makasih juga udah main game ini karena udah nunggu nunggu banget nex nya main ke semua karakter ya jangan zayne aja suka sih sama zayne,respect bang makasih juga sudah main game ini karena sudah nunggu nunggu banget nex nya main ke semua karakter ya jangan zayne saja suka sih sama zayne,respect bang makasih main game nunggu nunggu banget nex nya main karakter ya zayne suka sih zayne,respect bang makasih main game nunggu nunggu banget nex nya main karakter ya zayne suka sih zayne,"Respect bro, thanks for playing the waiting game. Really waiting for Nex to play the character. Zayne really likes it. Zayne"
BANG LANJUT STORY CALEB BANG,bang lanjut story caleb bang,bang lanjut story caleb bang,bang story caleb bang,bang story caleb bang,"bro, caleb's story bro"
Game jomox,game jomox,game jomox,game jomox,game jomox,jomox games
"​​ @l.o.r.d7753 kalo gak ngerti hal sesimpel target maketing gausah komen apa-apa, keliatan bodohnya soalnya",lord kalo gak ngerti hal sesimpel target maketing gausah komen apaapa keliatan bodohnya soalnya,lord kalo gak ngerti hal sesimpel target maketing gausah komen apaapa keliatan bodohnya soalnya,lord kalo gak ngerti sesimpel target maketing gausah komen apaapa keliatan bodohnya,lord kalo gak ngerti simpel target maketing gausah komen apaapa liat bodoh,"Lord, if you don't understand the simple targets of marketing, don't comment anything, you look stupid"
​ @l.o.r.d7753 pls lu nonton ga si video ini? dimana jomoknya? perasaan cuman ada adegan romantis doang.normal loh padahal cuman pelukan.lagian windah juga pernah main game cewe tobrut dan itunya goyang² gaada tuh cewe yang protes.,lord pls lu nonton ga si video ini dimana jomoknya perasaan cuman ada adegan romantis doangnormal loh padahal cuman pelukanlagian windah juga pernah main game cewe tobrut dan itunya goyang gaada tuh cewe yang protes,lord tolong lu nonton ga si video ini dimana jomoknya perasaan cuman ada adegan romantis doangnormal loh padahal cuman pelukanlagian windah juga pernah main game cewe tobrut dan itunya goyang gaada tuh cewe yang protes,lord tolong lu nonton ga si video dimana jomoknya perasaan cuman adegan romantis doangnormal loh cuman pelukanlagian windah main game cewe tobrut itunya goyang gaada tuh cewe protes,lord tolong lu nonton ga si video mana jomoknya asa cuman adegan romantis doangnormal loh cuman pelukanlagian windah main game cewe tobrut itu goyang gaada tuh cewe protes,"Lord, can you please watch the video, which video is dirty, hope it's just a romantic scene, it's normal, it's just a hug, what's more, it's cool to play the game, the girl in Tobrut is shaking, there's nothing, the girl is protesting."
Seneng liat comment section nya adem. Ngga ada bocil miskin banyak bacot yang ngga respek sama preference orang lain.,seneng liat comment section nya adem ngga ada bocil miskin banyak bacot yang ngga respek sama preference orang lain,seneng liat comment section nya adem ngga ada bocil miskin banyak bacot yang ngga respek sama preference orang lain,seneng liat comment section nya adem ngga bocil miskin bacot ngga respek preference orang,neng liat comment section nya adem ngga bocil miskin bacot ngga respek preference orang,"Looking at the comment section, it's cool, it's not dirty, it's poor, it's rude, it doesn't respect people's preferences"
LANJUTIN BANG💪,lanjutin bang,lanjutin bang,lanjutin bang,lanjutin bang,carry on bro
Gue baru install game ini dan lgsg addicted wkwkwk,gue baru install game ini dan lgsg addicted wkwkwk,gue baru install game ini dan lgsg addicted tertawa,gue install game lgsg addicted tertawa,gue install game lgsg addicted tertawa,I installed the game immediately addicted to laugh
🐽🐽🐽,,,,,
ANJAYYY WINDAH,anjayyy windah,anjayyy windah,anjayyy windah,anjayyy windah,anjayyy windah
54,,,,,
LANJUT PLSSS SMPE STORY NYA KELARRR 😔😔😔😔,lanjut plsss smpe story nya kelarrr,lanjut plsss smpe story nya kelarrr,plsss smpe story nya kelarrr,plsss smpe story nya kelarrr,plsss until the story is finished
57:47  eh buat bocil PC kentang Noh liat game nya berapa GB lebih,eh buat bocil pc kentang noh liat game nya berapa gb lebih,eh buat bocil pc kentang noh liat game nya berapa gb lebih,eh bocil pc kentang noh liat game nya gb,eh bocil pc kentang noh liat game nya gb,"eh, it's a joke on a potato PC, look at the game, GB"
WKWKWL EVELYN ASLI JAWA,wkwkwl evelyn asli jawa,wkwkwl evelyn asli jawa,wkwkwl evelyn asli jawa,wkwkwl evelyn asli jawa,hahahaha Evelyn is originally from Java
"heran bgt sama yg ngehujatt, aku udah main dari pertama game ini rilis sampe sekarang dan gamenya bener” ga ada yg salah, ga ada yg mengarah kesana, dari story utamanya, sampe card cardnya masih normal normal aja, makanya org” yg ngehujat ni game, cobain main deh, biar lu pada tau🤣",heran bgt sama yg ngehujatt aku udah main dari pertama game ini rilis sampe sekarang dan gamenya bener ga ada yg salah ga ada yg mengarah kesana dari story utamanya sampe card cardnya masih normal normal aja makanya org yg ngehujat ni game cobain main deh biar lu pada tau,heran banget sama yang ngehujatt aku sudah main dari pertama game ini rilis sampe sekarang dan gamenya bener ga ada yang salah ga ada yang mengarah kesana dari story utamanya sampe card cardnya masih normal normal saja makanya org yang ngehujat ni game cobain main deh biar lu pada tau,heran banget ngehujatt main game rilis sampe gamenya bener ga salah ga mengarah kesana story utamanya sampe card cardnya normal normal org ngehujat ni game cobain main deh biar lu tau,heran banget ngehujatt main game rilis sampe gamenya bener ga salah ga arah kesana story utama sampe card cardnya normal normal org ngehujat ni game cobain main deh biar lu tau,"I'm really surprised that people are blaspheming about playing the released game until the game is correct, it's not wrong, it doesn't go there, the main story until the cards are normal, people are blaspheming this game, try playing it so you know"
"sebenarnya pas kita nentuin tanggal b'day kita kita bisa pilih siapa yang bakal kasi kado ke kita dari ke 5 karakter,tapi tergantung kalo kita pakenya karakter zayne,yang bakal kasi kado zayne",sebenarnya pas kita nentuin tanggal bday kita kita bisa pilih siapa yang bakal kasi kado ke kita dari ke karaktertapi tergantung kalo kita pakenya karakter zayneyang bakal kasi kado zayne,sebenarnya pas kita nentuin tanggal bday kita kita bisa pilih siapa yang bakal kasi kado ke kita dari ke karaktertapi tergantung kalo kita pakenya karakter zayneyang bakal kasi kado zayne,pas nentuin tanggal bday pilih kasi kado karaktertapi tergantung kalo pakenya karakter zayneyang kasi kado zayne,pas nentuin tanggal bday pilih kasi kado karaktertapi gantung kalo pakenya karakter zayneyang kasi kado zayne,"When you decide on the date for Bday, choose to give a character gift, but hang up if it's Zayne's character, give Zayne a gift"
Lanjutrtr,lanjutrtr,lanjutrtr,lanjutrtr,lanjutrtr,continuedrtr
bang pliss lanjut mpe tamat🙂,bang pliss lanjut mpe tamat,bang pliss lanjut mpe tamat,bang pliss mpe tamat,bang pliss mpe tamat,"Bro, pls, it's finished"
baangg tolong lanjutin maen game ini sampe tamat seruu banget bang,baangg tolong lanjutin maen game ini sampe tamat seruu banget bang,baangg tolong lanjutin maen game ini sampe tamat seruu banget bang,baangg tolong lanjutin maen game sampe tamat seruu banget bang,baangg tolong lanjutin maen game sampe tamat seruu banget bang,"Bro, please continue playing the game until the end, it's really exciting, bro"
"bang windah, next main game ini sama mama agnes",bang windah next main game ini sama mama agnes,bang windah next main game ini sama mama agnes,bang windah next main game mama agnes,bang windah next main game mama agnes,"Bang Windah, next game, Mama Agnes"
"Terimakasih bang windah sudah mainin game ini❤,, suka banget banget pokoknya sama game ini🤩🤩",terimakasih bang windah sudah mainin game ini suka banget banget pokoknya sama game ini,terimakasih bang windah sudah mainin game ini suka banget banget pokoknya sama game ini,terimakasih bang windah mainin game suka banget banget pokoknya game,terimakasih bang windah mainin game suka banget banget pokok game,"Thank you bro, Windah, playing the game, really like the game"
"PENONTON CEWEK WINDAH, UNITE!!! <3",penonton cewek windah unite,penonton cewek windah unite,penonton cewek windah unite,tonton cewek windah unite,watch beautiful girls unite
Lucu banget komentar dari bang windah wkwk kita sama bang suka zayne sama Caleb wkwk,lucu banget komentar dari bang windah wkwk kita sama bang suka zayne sama caleb wkwk,lucu banget komentar dari bang windah tertawa kita sama bang suka zayne sama caleb tertawa,lucu banget komentar bang windah tertawa bang suka zayne caleb tertawa,lucu banget komentar bang windah tertawa bang suka zayne caleb tertawa,"Very funny comment, Bro, Windah laughs, bro, Zayne Caleb laughs"
"KERENNN, MAKASIH BANG WINDAH UDAH MAIN😍😍😍😍",kerennn makasih bang windah udah main,kerennn makasih bang windah sudah main,kerennn makasih bang windah main,kerennn makasih bang windah main,"Cool, thanks bro, Windah for playing"
Lagi² gw ketinggalan,lagi gw ketinggalan,lagi gw ketinggalan,gw ketinggalan,gw tinggal,I'm staying
"Lah kok bawa finacial sih? Kan masalah sifat bukan masalah keuangan? Kan ada sifat orang yang membenci gender yang berbeda seperti cewe bilang cowok rata rata kalo berteman sama cewek bencong, dan kalo cowok bilang cewe lemah kan itu sifat",lah kok bawa finacial sih kan masalah sifat bukan masalah keuangan kan ada sifat orang yang membenci gender yang berbeda seperti cewe bilang cowok rata rata kalo berteman sama cewek bencong dan kalo cowok bilang cewe lemah kan itu sifat,lah kok bawa finacial sih kan masalah sifat bukan masalah keuangan kan ada sifat orang yang membenci gender yang berbeda seperti cewe bilang cowok rata rata kalo berteman sama cewek bencong dan kalo cowok bilang cewe lemah kan itu sifat,bawa finacial sih sifat keuangan sifat orang membenci gender berbeda cewe bilang cowok kalo berteman cewek bencong kalo cowok bilang cewe lemah sifat,bawa finacial sih sifat uang sifat orang benci gender beda cewe bilang cowok kalo teman cewek bencong kalo cowok bilang cewe lemah sifat,"bring finances, the nature of money, the nature of people hating different genders, girls say that a guy says that a girl's friend is a bitch, a guy says that a girl has a weak character."
​​ @darlenatobing positive thinking mungkin maksudnya miskin kepintaran😞,darlenatobing positive thinking mungkin maksudnya miskin kepintaran,darlenatobing positive thinking mungkin maksudnya miskin kepintaran,darlenatobing positive thinking maksudnya miskin kepintaran,darlenatobing positive thinking maksud miskin pintar,darlenatobing positive thinking means poor smart
gg bang tapi aku gak nanya,gg bang tapi aku gak nanya,gg bang tapi aku gak nanya,gg bang gak nanya,gg bang gak nanya,gg bro didn't ask
Uchiha Windah,uchiha windah,uchiha windah,uchiha windah,uchiha windah,Uchiha Windah
😂,,,,,
Bang kok gak jadi silus bang😢,bang kok gak jadi silus bang,bang kok gak jadi silus bang,bang gak silus bang,bang gak silus bang,"Bro, it's not simple bro"
bang aku habis putus😪,bang aku habis putus,bang aku habis putus,bang habis putus,bang habis putus,"bro, it's broken up"
windah uciha,windah uciha,windah uciha,windah uciha,windah uciha,windah uciha
Gara gara lu main game lads (aku main jg) aku jadi pertama kali nonton channel windah basudara😂😂😂,gara gara lu main game lads aku main jg aku jadi pertama kali nonton channel windah basudara,gara gara lu main game lads aku main juga aku jadi pertama kali nonton channel windah basudara,gara gara lu main game lads main kali nonton channel windah basudara,gara gara lu main game lads main kali nonton channel windah basudara,"because you play games, lads, when you watch the Windah Basudara channel"
kita terkena genjutsu uciha windah,kita terkena genjutsu uciha windah,kita terkena genjutsu uciha windah,terkena genjutsu uciha windah,kena genjutsu uciha windah,hit by Uciha Windah's genjutsu
"yeayy, akhirnya 🫶🏻🎉",yeayy akhirnya,yeayy akhirnya,yeayy,yeayy,yeah
Drill uchiha windah,drill uchiha windah,drill uchiha windah,drill uchiha windah,drill uchiha windah,drill uchiha windah
Uchiha di 2025😢,uchiha di,uchiha di,uchiha,uchiha,uchiha
"""Uchiha windah""",uchiha windah,uchiha windah,uchiha windah,uchiha windah,Uchiha Windah
"Uchiha windah telah terlahi karena menaikan pemain game ini dua kali lipat, dan semuanya akan menjadi  uchiha pada waktunya respect windah",uchiha windah telah terlahi karena menaikan pemain game ini dua kali lipat dan semuanya akan menjadi uchiha pada waktunya respect windah,uchiha windah telah terlahi karena menaikan pemain game ini dua kali lipat dan semuanya akan menjadi uchiha pada waktunya respect windah,uchiha windah terlahi menaikan pemain game kali lipat uchiha respect windah,uchiha windah lah naik main game kali lipat uchiha respect windah,Uchiha Windah is up to playing games twice as much as Uchiha respects Windah
"banggg mainin game infinity nikki juga dongg itu game open world dress up buat cewe2 juga, company yang nggarap gamenya juga sama kaya lads",banggg mainin game infinity nikki juga dongg itu game open world dress up buat cewe juga company yang nggarap gamenya juga sama kaya lads,banggg mainin game infinity nikki juga dongg itu game open world dress up buat cewe juga company yang nggarap gamenya juga sama kaya lads,banggg mainin game infinity nikki dongg game open world dress up cewe company nggarap gamenya kaya lads,banggg mainin game infinity nikki dongg game open world dress up cewe company nggarap gamenya kaya lads,proud to play the game infinity nikki dongg game open world dress up girl company working on the game like lads
uchiha windah☠️,uchiha windah,uchiha windah,uchiha windah,uchiha windah,Uchiha Windah
Uchiha windah,uchiha windah,uchiha windah,uchiha windah,uchiha windah,Uchiha Windah
Uciha windah ✋😐✋,uciha windah,uciha windah,uciha windah,uciha windah,uciha windah
Semoga sehat selalu bang windah dan semoga sukses selalu,semoga sehat selalu bang windah dan semoga sukses selalu,semoga sehat selalu bang windah dan semoga sukses selalu,semoga sehat bang windah semoga sukses,moga sehat bang windah moga sukses,"I wish you good health, bro, good luck"
Weyyy main juga bang Winda ❤❤,weyyy main juga bang winda,weyyy main juga bang winda,weyyy main bang winda,weyyy main bang winda,"Wow, playing bro Winda"
Aku gakuat ip 11 bang mau main ini😢,aku gakuat ip bang mau main ini,aku gakuat ip bang mau main ini,gakuat ip bang main,gakuat ip bang main,I can't play IP bro
Sylus bukan silus,sylus bukan silus,sylus bukan silus,sylus silus,sylus silus,sylus sylus
Klo gk paham tanya ke senior di grup,klo gk paham tanya ke senior di grup,klo gk paham tanya ke senior di grup,klo gk paham senior grup,klo gk paham senior grup,if you don't understand the senior group
Uchiha baru yang terlahir,uchiha baru yang terlahir,uchiha baru yang terlahir,uchiha terlahir,uchiha lahir,Uchiha was born
Banyak yang ngehina bang windah tapi game nya malah makin rame,banyak yang ngehina bang windah tapi game nya malah makin rame,banyak yang ngehina bang windah tapi game nya malah makin rame,ngehina bang windah game nya rame,ngehina bang windah game nya rame,"It's insulting, bro, the game is so busy"
beli satu lagi bang android,beli satu lagi bang android,beli satu lagi bang android,beli bang android,beli bang android,buy an android bro
"aduhaii🗿
kocak banget bang Windah di live ni😂😭",aduhaii kocak banget bang windah di live ni,aduhaii kocak banget bang windah di live ni,aduhaii kocak banget bang windah live ni,aduhai kocak banget bang windah live ni,"Oh my, this live bro, Windah, is so funny"
"Keren gamenya bang Windah, aku bangga padamu dan mama aku",keren gamenya bang windah aku bangga padamu dan mama aku,keren gamenya bang windah aku bangga padamu dan mama aku,keren gamenya bang windah bangga padamu mama,keren gamenya bang windah bangga pada mama,"Cool game, bro, Windah is proud of mom"
"Yang ngegoreng gak dapet duit kasian hehe , lanjutkan bang seruh juga.",yang ngegoreng gak dapet duit kasian hehe lanjutkan bang seruh juga,yang ngegoreng gak dapet duit kasian hehe lanjutkan bang seruh juga,ngegoreng gak dapet duit kasian hehe lanjutkan bang seruh,ngegoreng gak dapet duit kasi hehe lanjut bang seruh,"I don't get any money for frying, hehe, keep going bro, fun"
LAGIIIIIIIIII,lagiiiiiiiiii,lagiiiiiiiiii,lagiiiiiiiiii,lagiiiiiiiiii,againeeeeeeeeeeeeeeeeeeeeeeeeeeeeee
Kalo versi Evolxlove serasa dibawa angin sama karakter Gavin,kalo versi evolxlove serasa dibawa angin sama karakter gavin,kalo versi evolxlove serasa dibawa angin sama karakter gavin,kalo versi evolxlove serasa dibawa angin karakter gavin,kalo versi evolxlove serasa bawa angin karakter gavin,the evolxlove version feels like it brings the wind of gavin's character
"Makasii bang udah mainin game love and deepspace, big respect buat abang.",makasii bang udah mainin game love and deepspace big respect buat abang,makasii bang sudah mainin game love and deepspace big respect buat abang,makasii bang mainin game love and deepspace big respect abang,makasii bang mainin game love and deepspace big respect abang,"thanks bro, play the game love and deepspace big respect bro"
Windah Uchiha🗿,windah uchiha,windah uchiha,windah uchiha,windah uchiha,Uchiha windah
"Gw kasian sama lu bang 
Orang-orang pada ngatain lu 😭😭😭😭💕padahal niat lu untuk menghibur salam dari tangsel",gw kasian sama lu bang orangorang pada ngatain lu padahal niat lu untuk menghibur salam dari tangsel,gw kasian sama lu bang orangorang pada ngatain lu padahal niat lu untuk menghibur salam dari tangsel,gw kasian lu bang orangorang ngatain lu niat lu menghibur salam tangsel,gw kasi lu bang orangorang ngatain lu niat lu hibur salam tangsel,"I give you bro, people are telling you that you intend to entertain Tangsel greetings"
"Seru bang, lanjutin please 😁🥰",seru bang lanjutin please,seru bang lanjutin please,seru bang lanjutin please,seru bang lanjutin please,"It's fun, bro, please continue"
Bisa2nya cowo main ginian cape banget wkwkwk,bisanya cowo main ginian cape banget wkwkwk,bisanya cowo main ginian cape banget tertawa,bisanya cowo main ginian cape banget tertawa,bisa cowo main ginian cape banget tertawa,"can a guy play like this, he's really tired of laughing"
keren bang,keren bang,keren bang,keren bang,keren bang,cool bro
Uchiha Wih indah Baksobara,uchiha wih indah baksobara,uchiha wih indah baksobara,uchiha wih indah baksobara,uchiha wih indah baksobara,uchiha wow beautiful baksobara
"Gua tau windah jadi uchiha, dari bg isseinugroho, lu keren bg jadi uchiha gw juga pengen, rela di hujat demi meramaikan game nya",gua tau windah jadi uchiha dari bg isseinugroho lu keren bg jadi uchiha gw juga pengen rela di hujat demi meramaikan game nya,gua tau windah jadi uchiha dari bang isseinugroho lu keren bang jadi uchiha gw juga pengen rela di hujat demi meramaikan game nya,gua tau windah uchiha bang isseinugroho lu keren bang uchiha gw pengen rela hujat meramaikan game nya,gua tau windah uchiha bang isseinugroho lu keren bang uchiha gw ken rela hujat ramai game nya,"I know Windah Uchiha, Isseinugroho, you're cool, Uchiha, I'm willing to insult a lot of games"
bang kata kakekku kamu mirip zayne,bang kata kakekku kamu mirip zayne,bang kata kakekku kamu mirip zayne,bang kakekku zayne,bang kakek zayne,Zayne's grandfather
@56:59,,,,,
Yang hujat windah mah udah jelas karbit+fans lads fanatik ngapain di ladenin😂,yang hujat windah mah udah jelas karbitfans lads fanatik ngapain di ladenin,yang hujat windah mah sudah jelas karbitfans lads fanatik ngapain di ladenin,hujat windah mah karbitfans lads fanatik ngapain ladenin,hujat windah mah karbitfans lads fanatik ngapain ladenin,Blaspheme Windah Mah Karbitfans fanatical lads what Ladenin is doing
"WEEE BARU KALI INI GUA NONTON STREAM WINDAH SAMPE NENDANG"" BANTALLLLLL WJDJJEIDJJDJEHHWJX",weee baru kali ini gua nonton stream windah sampe nendang bantallllll wjdjjeidjjdjehhwjx,weee baru kali ini gua nonton stream windah sampe nendang bantallllll wjdjjeidjjdjehhwjx,weee kali gua nonton stream windah sampe nendang bantallllll wjdjjeidjjdjehhwjx,weee kali gua nonton stream windah sampe nendang bantallllll wjdjjeidjjdjehhwjx,weee the next time I watched Windah's stream until I kicked the pillowllllll wjdjjeidjjdjehhwjx
Terima kasih bang windah karena sudah main game ini.,terima kasih bang windah karena sudah main game ini,terima kasih bang windah karena sudah main game ini,terima kasih bang windah main game,terima kasih bang windah main game,"Thank you bro, Windah for playing the game"
yeyy jadi juga makasih banggg,yeyy jadi juga makasih banggg,yeyy jadi juga makasih banggg,yeyy makasih banggg,yeyy makasih banggg,"yeah, thanks bro"
bang kamu mirip gi-hun player squid game 456,bang kamu mirip gihun player squid game,bang kamu mirip gihun player squid game,bang gihun player squid game,bang gihun player squid game,"bro, gihun squid game player"
"iya bener, windah kan cuma mau nyenengin penonton nya aja",iya bener windah kan cuma mau nyenengin penonton nya aja,iya bener windah kan cuma mau nyenengin penonton nya saja,iya bener windah nyenengin penonton nya,iya bener windah nyenengin tonton nya,"Yes, it's really fun to watch"
Demii aappaa sii bggg wkwkwkwk,demii aappaa sii bggg wkwkwkwk,demii aappaa sii bggg tertawa,demii aappaa sii bggg tertawa,demi aappaa sii bggg tertawa,for what's sake sii bggg laughed
Anomali muncul lah kalian,anomali muncul lah kalian,anomali muncul lah kalian,anomali muncul,anomali muncul,anomalies appear
Gile gamenya keren bang napa banyak yang ngehujat ya 😮,gile gamenya keren bang napa banyak yang ngehujat ya,gile gamenya keren bang napa banyak yang ngehujat ya,gile gamenya keren bang napa ngehujat ya,gile gamenya keren bang napa ngehujat ya,"It's crazy how cool the game is, bro, why blaspheme it?"
"Makasih bang windah udah main game LADS, aku seneng banget + respect sama kamu bang ❤",makasih bang windah udah main game lads aku seneng banget respect sama kamu bang,makasih bang windah sudah main game lads aku seneng banget respect sama kamu bang,makasih bang windah main game lads seneng banget respect bang,makasih bang windah main game lads neng banget respect bang,"Thank you, bro, for playing the game, lads, you really respect it, bro"
Uciha Winda Basudara salut,uciha winda basudara salut,uciha winda basudara salut,uciha winda basudara salut,uciha winda basudara salut,Uciha Winda Basudara salute you
"Dari dulu pengen mainin ini game,tapi ruangan gak cukup untung ada Bang Windah yang mainin ini game😊",dari dulu pengen mainin ini gametapi ruangan gak cukup untung ada bang windah yang mainin ini game,dari dulu pengen mainin ini gametapi ruangan gak cukup untung ada bang windah yang mainin ini game,pengen mainin gametapi ruangan gak untung bang windah mainin game,ken mainin gametapi ruang gak untung bang windah mainin game,"I want to play games but I don't have enough space, bro, Windah plays games"
Bang makasih banget lo dah mainin game ini 😘,bang makasih banget lo dah mainin game ini,bang makasih banget lo dah mainin game ini,bang makasih banget lo dah mainin game,bang makasih banget lo dah mainin game,"Bro, thank you very much for playing the game"
Lanjutin bangg,lanjutin bangg,lanjutin bangg,lanjutin bangg,lanjutin bangg,keep going bro
yang nge hujat mana kabarnya,yang nge hujat mana kabarnya,yang nge hujat mana kabarnya,nge hujat kabarnya,nge hujat kabar,blaspheme the news
Next game infinity nikki bang!❤,next game infinity nikki bang,next game infinity nikki bang,next game infinity nikki bang,next game infinity nikki bang,next game infinity nikki bro
Sama aja kek game Nikke genshin hsr hi3,sama aja kek game nikke genshin hsr hi,sama saja seperti game nikke genshin hsr hi,game nikke genshin hsr hi,game nikke genshin hsr hi,game nikke genshin hsr hi
"Gw cuma penikmat aja ya,tim netral.tpi game ini kebanyakan ceritanya aja sii menurut gw. Visualnya keren HD parah,kalo war pun efek nya keren. Cuma ya itu yg diawal,kebanyakan cerita",gw cuma penikmat aja yatim netraltpi game ini kebanyakan ceritanya aja sii menurut gw visualnya keren hd parahkalo war pun efek nya keren cuma ya itu yg diawalkebanyakan cerita,gw cuma penikmat saja yatim netraltpi game ini kebanyakan ceritanya saja sii menurut gw visualnya keren hd parahkalo war pun efek nya keren cuma ya itu yang diawalkebanyakan cerita,gw penikmat yatim netraltpi game kebanyakan ceritanya sii gw visualnya keren hd parahkalo war efek nya keren ya diawalkebanyakan cerita,gw nikmat yatim netraltpi game banyak cerita sii gw visual keren hd parahkalo war efek nya keren ya diawalkebanyakan cerita,"I enjoy being a neutral orphan but the game has a lot of stories, I have cool HD visuals, it's really cool, the war effects are cool, in the beginning there are lots of stories"
🙏🏻,,,,,
"Mantep sih bg windah, dia mengseimbangkan viewers cewek dan cowok. walaupun bg windahslebih sering memainkan game kesukaan cowok, tapi dia tetep memainkan game untuk cewek buat viewers yang cewek. streamer tergokil seindonesia",mantep sih bg windah dia mengseimbangkan viewers cewek dan cowok walaupun bg windahslebih sering memainkan game kesukaan cowok tapi dia tetep memainkan game untuk cewek buat viewers yang cewek streamer tergokil seindonesia,mantep sih bang windah dia mengseimbangkan viewers cewek dan cowok walaupun bang windahslebih sering memainkan game kesukaan cowok tapi dia tetep memainkan game untuk cewek buat viewers yang cewek streamer tergokil seindonesia,mantep sih bang windah mengseimbangkan viewers cewek cowok bang windahslebih memainkan game kesukaan cowok tetep memainkan game cewek viewers cewek streamer tergokil seindonesia,mantep sih bang windah mengseimbangkan viewers cewek cowok bang windahslebih main game suka cowok tetep main game cewek viewers cewek streamer tergokil indonesia,"It's great, bro, Windah balances out the male and female viewers, bro, Windahs prefers playing games, likes guys, still plays games, girls, female viewers, the coolest streamers in Indonesia"
Nice bang win,nice bang win,nice bang win,nice bang win,nice bang win,nice bro win
Uciha winda,uciha winda,uciha winda,uciha winda,uciha winda,Uchiha Winda
rafayel pacar ku bang,rafayel pacar ku bang,rafayel pacar ku bang,rafayel pacar ku bang,rafayel pacar ku bang,Rafayel is my boyfriend
game gj,game gj,game gj,game gj,game gj,gj games
"terimakasih banyak bang udah mainin game ini, seruu bangett, btw suamiku sylus bang",terimakasih banyak bang udah mainin game ini seruu bangett btw suamiku sylus bang,terimakasih banyak bang sudah mainin game ini seruu bangett by the way suamiku sylus bang,terimakasih bang mainin game seruu bangett by the way suamiku sylus bang,terimakasih bang mainin game seruu bangett by the way suami sylus bang,"Thank you bro, playing this game is really fun, by the way, Sylus' husband, bro"
zayne anak kesayangan,zayne anak kesayangan,zayne anak kesayangan,zayne anak kesayangan,zayne anak sayang,Zayne dear boy
Iyah sayang sama sama,iyah sayang sama sama,iyah sayang sama sama,iyah sayang,iyah sayang,yes darling
Ya kan emang otome pasti yang ditonjolin cerita,ya kan emang otome pasti yang ditonjolin cerita,ya kan emang otome pasti yang ditonjolin cerita,ya emang otome ditonjolin cerita,ya emang otome ditonjolin cerita,"Yes, the story really highlights the otome"
"Otome memang bentuk umumnya visual novel ko cuma yg ini agak paket lengkap dengan mini game, rpg, dll😅",otome memang bentuk umumnya visual novel ko cuma yg ini agak paket lengkap dengan mini game rpg dll,otome memang bentuk umumnya visual novel ko cuma yang ini agak paket lengkap dengan mini game rpg dll,otome bentuk visual novel ko paket lengkap mini game rpg dll,otome bentuk visual novel ko paket lengkap mini game rpg dll,"otome visual novel form, complete package of mini rpg games etc"
Setuju,setuju,setuju,setuju,tuju,aim
kebanyakan nyocot,kebanyakan nyocot,kebanyakan nyocot,kebanyakan nyocot,banyak nyocot,lots of nibbling
touch some grass😂,touch some grass,touch some grass,touch some grass,touch some grass,touch some grass
Kalah saing sama fiksi kah 😹,kalah saing sama fiksi kah,kalah saing sama fiksi kah,kalah saing fiksi kah,kalah saing fiksi kah,lost in the fiction competition?
hadeh ga pernah dapet perhatian sm cukup kasih sayang dr orang2 yaa. kasian,hadeh ga pernah dapet perhatian sm cukup kasih sayang dr orang yaa kasian,hadeh ga pernah dapet perhatian sm cukup kasih sayang dari orang yaa kasian,hadeh ga dapet perhatian sm kasih sayang orang yaa kasian,hadeh ga dapet perhati sm kasih sayang orang yaa kasi,"I'm afraid I don't get people's attention and affection, kasi"
lu yg gaje,lu yg gaje,lu yang gaje,lu gaje,lu gaje,you're crazy
gj kenapa? 😧,gj kenapa,gj kenapa,gj,gj,gj
Muka lu yg GJ,muka lu yg gj,muka lu yang gj,muka lu gj,muka lu gj,your face is gone
Ngapain bang? Keren lu begitu? Biar apa sih? What a attention seeker pathetic,ngapain bang keren lu begitu biar apa sih what a attention seeker pathetic,ngapain bang keren lu begitu biar apa sih what a attention seeker pathetic,ngapain bang keren lu biar sih what a attention seeker pathetic,ngapain bang keren lu biar sih what a attention seeker pathetic,"What are you doing, cool bro, what a pathetic attention seeker"
Plissss sukkaa bengetttttttttt,plissss sukkaa bengetttttttttt,plissss sukkaa bengetttttttttt,plissss sukkaa bengetttttttttt,plissss sukkaa bengetttttttttt,plssss really like it
"Yang hujat emg rada""",yang hujat emg rada,yang hujat emg rada,hujat emg rada,hujat emg rada,It's a bit blasphemous
bang aku ketiduran pas story nya zayne 😔💔,bang aku ketiduran pas story nya zayne,bang aku ketiduran pas story nya zayne,bang ketiduran pas story nya zayne,bang tidur pas story nya zayne,"Bro, I fell asleep during Zayne's story"
Sylus emg tampangnya badboy bang. Tapi aslinya greenflag bgt.,sylus emg tampangnya badboy bang tapi aslinya greenflag bgt,sylus emg tampangnya badboy bang tapi aslinya greenflag banget,sylus emg tampangnya badboy bang aslinya greenflag banget,sylus emg tampang badboy bang asli greenflag banget,"Sylus really looks like a real badboy, bro, Greenflag"
AAAKKK THX BG WINDOWS SDH MEMBUNGKAM PARA STANDAR GANDA ❤ oot but kira kira bg windows pake emulator apa yh,aaakkk thx bg windows sdh membungkam para standar ganda oot but kira kira bg windows pake emulator apa yh,aaakkk thx bang windows sdh membungkam para standar ganda oot but kira kira bang windows pake emulator apa yh,aaakkk thx bang windows sdh membungkam standar ganda oot but bang windows pake emulator yh,aaakkk thx bang windows sdh bungkam standar ganda oot but bang windows pake emulator yh,aaaakkk thx bro Windows has silenced the double standard oot but bro Windows uses an emulator yeh
Part 2 dong pliss,part dong pliss,part dong pliss,part pliss,part pliss,parts pls
Caleb ceritanya di Homecoming bang,caleb ceritanya di homecoming bang,caleb ceritanya di homecoming bang,caleb ceritanya homecoming bang,caleb cerita homecoming bang,Caleb's homecoming story bro
Lengah dikit liat youtube bang windah main game ini🗿,lengah dikit liat youtube bang windah main game ini,lengah dikit liat youtube bang windah main game ini,lengah dikit liat youtube bang windah main game,lengah dikit liat youtube bang windah main game,"I was a little careless watching YouTube, Bro, Windah, playing games"
omagaa,omagaa,omagaa,omagaa,omagaa,omagaa
"aku cinta sylus bang, tapi aku lebih cinta kamu",aku cinta sylus bang tapi aku lebih cinta kamu,aku cinta sylus bang tapi aku lebih cinta kamu,cinta sylus bang cinta,cinta sylus bang cinta,love sylus bro love
makasih ya bang udah mainin iniii :(( semangat bang windah! ❤❤❤,makasih ya bang udah mainin iniii semangat bang windah,makasih ya bang sudah mainin ini semangat bang windah,makasih ya bang mainin semangat bang windah,makasih ya bang mainin semangat bang windah,"Thank you, bro, keep up the spirit, bro, Windah"
Bangg nanti main ini lagi yakk,bangg nanti main ini lagi yakk,bangg nanti main ini lagi yakk,bangg main yakk,bangg main yakk,"proud to play, okay?"
"efek komunitas lagibatuq emang ngaruh beut,lihat aja dari game ini banyak yang hujat kemaren gara gara romance ama cowok dan yang maininnya windah,padahal nih game normal tapi efek dari komunitas itu ngebuat kita jadi berpikir aneh aneh ama ni game",efek komunitas lagibatuq emang ngaruh beutlihat aja dari game ini banyak yang hujat kemaren gara gara romance ama cowok dan yang maininnya windahpadahal nih game normal tapi efek dari komunitas itu ngebuat kita jadi berpikir aneh aneh ama ni game,efek komunitas lagibatuq emang ngaruh beutlihat saja dari game ini banyak yang hujat kemaren gara gara romance ama cowok dan yang maininnya windahpadahal nih game normal tapi efek dari komunitas itu ngebuat kita jadi berpikir aneh aneh ama ni game,efek komunitas lagibatuq emang ngaruh beutlihat game hujat kemaren gara gara romance ama cowok maininnya windahpadahal nih game normal efek komunitas ngebuat berpikir aneh aneh ama ni game,efek komunitas lagibatuq emang ngaruh beutlihat game hujat kemaren gara gara romance ama cowok maininnya windahpadahal nih game normal efek komunitas ngebuat pikir aneh aneh ama ni game,"Lagibatuq's community effect really has an impact. Seeing the game that was criticized yesterday because of romance and a guy playing Windah, even though it's a normal game, the community effect makes me think strangely about this game."
Xavier cinta pertama ku❤❤❤❤,xavier cinta pertama ku,xavier cinta pertama ku,xavier cinta ku,xavier cinta ku,Xavier my love
6:26 itu cowo aku bng,itu cowo aku bng,itu cowo aku bng,cowo bng,cowo bng,boy bro
"my sylus omg-

thank you so much bang windah❤",my sylus omg thank you so much bang windah,my sylus omg thank you so much bang windah,my sylus omg thank you so much bang windah,my sylus omg thank you so much bang windah,my sylus omg thank you so much bro windah
bangg ayoo lanjut dongg,bangg ayoo lanjut dongg,bangg ayoo lanjut dongg,bangg ayoo dongg,bangg ayoo dongg,"proud, come on, bro"
AKHIRNYA BANG WINDAH MAININ GAME KESUKAAN KUUUU,akhirnya bang windah mainin game kesukaan kuuuu,akhirnya bang windah mainin game kesukaan kuuuu,bang windah mainin game kesukaan kuuuu,bang windah mainin game suka kuuuu,"Bro, Windah plays the game I like"
Makasih banyak bang windah sehat sehat udah mainin game kesukaan gw,makasih banyak bang windah sehat sehat udah mainin game kesukaan gw,makasih banyak bang windah sehat sehat sudah mainin game kesukaan gw,makasih bang windah sehat sehat mainin game kesukaan gw,makasih bang windah sehat sehat mainin game suka gw,"Thank you, bro, stay healthy and play the games I like"
caper 😏,caper,caper,caper,caper,capers
Hah,hah,hah,hah,hah,Huh
0/10 ragebait,ragebait,ragebait,ragebait,ragebait,ragebait
Dih,dih,dih,dih,dih,ugh
PENTING BGT LU DENGERIN OPENINGNYA DULU WKWKWK,penting bgt lu dengerin openingnya dulu wkwkwk,penting banget lu dengerin openingnya dulu tertawa,banget lu dengerin openingnya tertawa,banget lu dengerin openingnya tertawa,When you hear the opening you really laugh
crazy one rating segitu mungkin karena baru rilis 16 januari kemaren bang,crazy one rating segitu mungkin karena baru rilis januari kemaren bang,crazy one rating segitu mungkin karena baru rilis januari kemaren bang,crazy one rating segitu rilis januari kemaren bang,crazy one rating segitu rilis januari kemaren bang,"Crazy One's rating was released last January, bro"
"bangg ada gamee baru tema nyaa story gitu, crazy ones, di play store adaaaa",bangg ada gamee baru tema nyaa story gitu crazy ones di play store adaaaa,bangg ada gamee baru tema nyaa story gitu crazy ones di play store adaaaa,bangg gamee tema nyaa story gitu crazy ones play store adaaaa,bangg gamee tema nyaa story gitu crazy ones play store adaaaa,"Proud of the game, the theme is such a crazy story, the Play Store is here"
Cuman orang indo yg ngk suka ginian,cuman orang indo yg ngk suka ginian,cuman orang indo yang ngk suka ginian,cuman orang indo ngk suka ginian,cuman orang indo ngk suka ginian,It's just that Indonesian people don't like this
"53:49 WKWK DIA GA TAU KOMUNITAS LADS BANYAK YANG JAGO GAMBAR, TPI HAL2 YG GA SENONOH😂",wkwk dia ga tau komunitas lads banyak yang jago gambar tpi hal yg ga senonoh,tertawa dia ga tau komunitas lads banyak yang jago gambar tpi hal yang ga senonoh,tertawa ga tau komunitas lads jago gambar tpi ga senonoh,tertawa ga tau komunitas lads jago gambar tpi ga senonoh,"I'm laughing, I don't know if the lads community is good at drawing but it's not profane"
Story Caleb bang,story caleb bang,story caleb bang,story caleb bang,story caleb bang,Caleb's story bro
Kamu tetep yang paling ganteng bang di mataku,kamu tetep yang paling ganteng bang di mataku,kamu tetep yang paling ganteng bang di mataku,tetep ganteng bang mataku,tetep ganteng bang mata,still handsome bro
"9:46 🙋‍♀️
23:41 👏
1:18:13 greenflag💚
1:18:32 blackcat😻🖤
2:06:42 wow😲
2:44:23 finally👏",greenflag blackcat wow finally,greenflag blackcat wow finally,greenflag blackcat wow finally,greenflag blackcat wow finally,greenflag blackcat wow finally
aku pacar rafayel halooo,aku pacar rafayel halooo,aku pacar rafayel halooo,pacar rafayel halooo,pacar rafayel halooo,Rafayel's girlfriend hello
Gw sebagai cewe seneng banget akhirnya bang windah up ini gamee🎉🎉❤❤❤❤,gw sebagai cewe seneng banget akhirnya bang windah up ini gamee,gw sebagai cewe seneng banget akhirnya bang windah up ini gamee,gw cewe seneng banget bang windah up gamee,gw cewe neng banget bang windah up gamee,I'm a girl who really likes playing games
Sylus on top !,sylus on top,sylus on top,sylus on top,sylus on top,sylus on top
"bangg kamu harus main game versi lokal nya bang, namanya cisini story
akuu tungguu yaa, terimakasih 😅",bangg kamu harus main game versi lokal nya bang namanya cisini story akuu tungguu yaa terimakasih,bangg kamu harus main game versi lokal nya bang namanya cisini story akuu tungguu yaa terimakasih,bangg main game versi lokal nya bang namanya cisini story akuu tungguu yaa terimakasih,bangg main game versi lokal nya bang nama cisini story akuu tungguu yaa terimakasih,"I'm proud to play the local version of the game, bro, the name is cisini story, I'll wait, thank you"
"kangen para bocil kematian, kalian pada kemana? kenapa viewers udah di jajah ama cewe semua😢",kangen para bocil kematian kalian pada kemana kenapa viewers udah di jajah ama cewe semua,kangen para bocil kematian kalian pada kemana kenapa viewers sudah di jajah ama cewe semua,kangen bocil kematian kemana viewers jajah ama cewe,kangen bocil mati mana viewers jajah ama cewe,I miss little kids who die where viewers are dominated by girls
karakter di kanan bawah paling ganteng bang,karakter di kanan bawah paling ganteng bang,karakter di kanan bawah paling ganteng bang,karakter kanan ganteng bang,karakter kanan ganteng bang,The right character is handsome bro
baangggg aku sukaaa zayneee,baangggg aku sukaaa zayneee,baangggg aku sukaaa zayneee,baangggg sukaaa zayneee,baangggg sukaaa zayneee,baangggg like it zayneee
bang windah kamu mirip sylus,bang windah kamu mirip sylus,bang windah kamu mirip sylus,bang windah sylus,bang windah sylus,Bang Windah Sylus
"cowok-cowok cboel emang unik-unik, game terbuka brutal pada anteng. giliran game fanservice buat cewe yang GAK CABOEL SAMSEK malah di hujat
emang rusak lanang-lanang sekarang, keseringan nonton aneh2 sampe2 hal2 selain tontonan mereka dianggep nya ga wajar",cowokcowok cboel emang unikunik game terbuka brutal pada anteng giliran game fanservice buat cewe yang gak caboel samsek malah di hujat emang rusak lananglanang sekarang keseringan nonton aneh sampe hal selain tontonan mereka dianggep nya ga wajar,cowokcowok cboel emang unikunik game terbuka brutal pada anteng giliran game fanservice buat cewe yang gak caboel samsek malah di hujat emang rusak lananglanang sekarang keseringan nonton aneh sampe hal selain tontonan mereka dianggep nya ga wajar,cowokcowok cboel emang unikunik game terbuka brutal anteng giliran game fanservice cewe gak caboel samsek hujat emang rusak lananglanang keseringan nonton aneh sampe tontonan dianggep nya ga wajar,cowokcowok cboel emang unikunik game buka brutal anteng gilir game fanservice cewe gak caboel samsek hujat emang rusak lananglanang sering nonton aneh sampe tonton dianggep nya ga wajar,"Cboel guys are really unique, the game is not brutal, it's easy to rotate, the girl's fan service game is not cool, the blasphemous samsek is really broken, Lananglanang often watches strange things to the point where watching it is considered inappropriate"
ISTRI ZAYNE DISINI!!!!!!!,istri zayne disini,istri zayne disini,istri zayne,istri zayne,Zayne's wife
kenapaa harus buka eventtt nyaa si banggg😔😔😔😔,kenapaa harus buka eventtt nyaa si banggg,kenapaa harus buka eventtt nyaa si banggg,kenapaa buka eventtt nyaa si banggg,kenapaa buka eventtt nyaa si banggg,Why are you opening an event bro?
"Gw cwo main lads tapi gw ga terlalu minat cari romance nya lebih prefer ke combat ny so far bagus bgt dash nya juga ga di limit dan build chara ny ini agak lumayan susah bagi gw karena banyak kartu  dan butuh banyak bgt botol exp dan bahan material buat up. Story ny bagus, grafik jg oke jadi wajar aja di peringkat 1 itu game bener-bener merhatiin player nya.",gw cwo main lads tapi gw ga terlalu minat cari romance nya lebih prefer ke combat ny so far bagus bgt dash nya juga ga di limit dan build chara ny ini agak lumayan susah bagi gw karena banyak kartu dan butuh banyak bgt botol exp dan bahan material buat up story ny bagus grafik jg oke jadi wajar aja di peringkat itu game benerbener merhatiin player nya,gw cwo main lads tapi gw ga terlalu minat cari romance nya lebih prefer ke combat ny so far bagus banget dash nya juga ga di limit dan build chara ny ini agak lumayan susah bagi gw karena banyak kartu dan butuh banyak banget botol exp dan bahan material buat up story ny bagus grafik juga oke jadi wajar saja di peringkat itu game benerbener merhatiin player nya,gw cwo main lads gw ga minat cari romance nya prefer combat ny so far bagus banget dash nya ga limit build chara ny lumayan susah gw kartu butuh banget botol exp bahan material up story ny bagus grafik oke wajar peringkat game benerbener merhatiin player nya,gw cwo main lads gw ga minat cari romance nya prefer combat ny so far bagus banget dash nya ga limit build chara ny lumayan susah gw kartu butuh banget botol exp bahan material up story ny bagus grafik oke wajar peringkat game benerbener merhatiin player nya,"I'm a guy who plays lads, I'm not interested in looking for romance, I prefer combat, so far the dash is really good, there's no limit, the character build is quite difficult, I really need a bottle of exp, the up story materials are good, the graphics are okay, the game rating really pays attention to the players."
"kalo komunitas mah bebas, kayaknya hampir semua komunitas game deh ada yg suka gambar gambar g snonoh. dan itu sekedar untuk hiburan fans aja. YANG PENTING BUKAN GAME NYA YG MENJUAL 4no",kalo komunitas mah bebas kayaknya hampir semua komunitas game deh ada yg suka gambar gambar g snonoh dan itu sekedar untuk hiburan fans aja yang penting bukan game nya yg menjual no,kalo komunitas mah bebas kayaknya hampir semua komunitas game deh ada yang suka gambar gambar g snonoh dan itu sekedar untuk hiburan fans saja yang penting bukan game nya yang menjual no,kalo komunitas mah bebas kayaknya komunitas game deh suka gambar gambar g snonoh sekedar hiburan fans game nya menjual no,kalo komunitas mah bebas kayak komunitas game deh suka gambar gambar g snonoh dar hibur fans game nya jual no,"If the community is free, like the gaming community, I like pictures of G Snonoh and entertain game fans. Sell no."
jangan lebay bang. ini game emang viewer untuk cewek.,jangan lebay bang ini game emang viewer untuk cewek,jangan lebay bang ini game emang viewer untuk cewek,lebay bang game emang viewer cewek,lebay bang game emang viewer cewek,It's too bad that the game has female viewers
emng knp dh? ini emng targetnya buat penonton cewe 😂,emng knp dh ini emng targetnya buat penonton cewe,emng knp dh ini emng targetnya buat penonton cewe,emng knp dh emng targetnya penonton cewe,emng knp dh emng target tonton cewe,Why is it that girls are the target of watching it?
dari dulu cewe udah banyak yg nonton windah cuma mereka kaga rusuh aja kaya pasien rsj,dari dulu cewe udah banyak yg nonton windah cuma mereka kaga rusuh aja kaya pasien rsj,dari dulu cewe sudah banyak yang nonton windah cuma mereka kaga rusuh saja kaya pasien rsj,cewe nonton windah kaga rusuh kaya pasien rsj,cewe nonton windah kaga rusuh kaya pasien rsj,Girls watching Windah aren't as chaotic as RSJ patients
@niraayug5751  wkwkwk,niraayug wkwkwk,niraayug tertawa,niraayug tertawa,niraayug tertawa,niraayug laughed
"keliatan bet, kek bener² benci sama cewe",keliatan bet kek bener benci sama cewe,keliatan bet seperti bener benci sama cewe,keliatan bet bener benci cewe,liat bet bener benci cewe,"See, I really hate girls"
"gw sebagai cwo, setuju dengan lu, sekarang cwo dewasa bahkan bocil bocil banyak yang nonton aneh aneh, dan kebanyakan dari mereka kalau di tegur pasti langsung merasa paling benar",gw sebagai cwo setuju dengan lu sekarang cwo dewasa bahkan bocil bocil banyak yang nonton aneh aneh dan kebanyakan dari mereka kalau di tegur pasti langsung merasa paling benar,gw sebagai cwo setuju dengan lu sekarang cwo dewasa bahkan bocil bocil banyak yang nonton aneh aneh dan kebanyakan dari mereka kalau di tegur pasti langsung merasa paling benar,gw cwo setuju lu cwo dewasa bocil bocil nonton aneh aneh kebanyakan tegur langsung,gw cwo tuju lu cwo dewasa bocil bocil nonton aneh aneh banyak tegur langsung,"I'm a guy who's looking at you, you're a grown-up guy who's a kid who watches weird, weird, lots of direct reprimands"
cowo² mh play victim final boss anj,cowo mh play victim final boss anj,cowo mh play victim final boss anjir,cowo mh play victim final boss anjir,cowo mh play victim final boss anjir,Guys play victim final boss Anjir
​ @allorynjasmine  cwo cwe mah pasti rata-rata ada sifat play victim nya kak,allorynjasmine cwo cwe mah pasti ratarata ada sifat play victim nya kak,allorynjasmine cwo cwe mah pasti ratarata ada sifat play victim nya kak,allorynjasmine cwo cwe mah ratarata sifat play victim nya kak,allorynjasmine cwo cwe mah ratarata sifat play victim nya kak,allorynjasmine guys have average play victim traits sis
wkwkw betul banget,wkwkw betul banget,tertawa betul banget,tertawa banget,tertawa banget,really laughed
Sebenarnya fanservice versi cowok itu yang bagian cowok-cowok mengerang/desah itu juga termasuk cabul. Cuma bagi cowok itu gak wajar aja karena mana mungkin cowok mendesah kayak gitu (sebenarnya sih ya benar bisa) cuma perlu garis bawahi MEREKA TIDAK MAU MENGAKUI KALAU COWOK ITU JUGA BISA MENDESAH kalo pun mereka mengakui pun Juga mereka MALU mengakuinya.,sebenarnya fanservice versi cowok itu yang bagian cowokcowok mengerangdesah itu juga termasuk cabul cuma bagi cowok itu gak wajar aja karena mana mungkin cowok mendesah kayak gitu sebenarnya sih ya benar bisa cuma perlu garis bawahi mereka tidak mau mengakui kalau cowok itu juga bisa mendesah kalo pun mereka mengakui pun juga mereka malu mengakuinya,sebenarnya fanservice versi cowok itu yang bagian cowokcowok mengerangdesah itu juga termasuk cabul cuma bagi cowok itu gak wajar saja karena mana mungkin cowok mendesah kayak gitu sebenarnya sih ya benar bisa cuma perlu garis bawahi mereka tidak mau mengakui kalau cowok itu juga bisa mendesah kalo pun mereka mengakui pun juga mereka malu mengakuinya,fanservice versi cowok cowokcowok mengerangdesah cabul cowok gak wajar cowok mendesah kayak gitu sih ya garis bawahi mengakui cowok mendesah kalo mengakui malu mengakuinya,fanservice versi cowok cowokcowok mengerangdesah cabul cowok gak wajar cowok desah kayak gitu sih ya garis bawah aku cowok desah kalo aku malu aku,fanservice version for boys guys moaning lewdly guys it's not normal guys moaning like that yeah bottom line I'm a guy sighing when I'm embarrassed I
Yg boleh bebas kan cwo doang jir kalo cwe melenjeng dikit lngsng dihujat satu dunia😂😂,yg boleh bebas kan cwo doang jir kalo cwe melenjeng dikit lngsng dihujat satu dunia,yang boleh bebas kan cwo doang jir kalo cwe melenjeng dikit lngsng dihujat satu dunia,bebas cwo doang jir kalo cwe melenjeng dikit lngsng dihujat dunia,bebas cwo doang jir kalo cwe melenjeng dikit lngsng hujat dunia,"Guys are free, if they stray a little, they will immediately blaspheme the world"
Jagoan lu siapa bang,jagoan lu siapa bang,jagoan lu siapa bang,jagoan lu bang,jago lu bang,you're good bro
Li kesayangan nya siapa bang,li kesayangan nya siapa bang,li kesayangan nya siapa bang,li kesayangan nya bang,li sayang nya bang,I love you bro
“We love you bang Windah” we all say in unison 😭💗🙏,we love you bang windah we all say in unison,we love you bang windah we all say in unison,we love you bang windah we all say in unison,we love you bang windah we all say in unison,we love you bro windah we all say in unison
Mantab bang sudah mainkan gamenya gw otw download nih😏☝,mantab bang sudah mainkan gamenya gw otw download nih,mantab bang sudah mainkan gamenya gw otw download nih,mantab bang mainkan gamenya gw otw download nih,mantab bang main gamenya gw otw download nih,"It's great playing the game, I downloaded it"
rispek bang!! salam dari aku bocil sylus ☺️,rispek bang salam dari aku bocil sylus,rispek bang salam dari aku bocil sylus,rispek bang salam bocil sylus,rispek bang salam bocil sylus,"Respect bro, greetings from Bocil Sylus"
"lanjutin storynya caleb dulu bang, baru bisa kebuka caleb nya",lanjutin storynya caleb dulu bang baru bisa kebuka caleb nya,lanjutin storynya caleb dulu bang baru bisa kebuka caleb nya,lanjutin storynya caleb bang kebuka caleb nya,lanjutin storynya caleb bang buka caleb nya,"Continue the story, bro, open Caleb"
"pilihan yang bagus, bang! gua juga kesemsem ama zayne",pilihan yang bagus bang gua juga kesemsem ama zayne,pilihan yang bagus bang gua juga kesemsem ama zayne,pilihan bagus bang gua kesemsem ama zayne,pilih bagus bang gua semsem ama zayne,"Good choice, bro, I'm semsem or Zayne"
bang windah udh kecintaan sama zayne😭,bang windah udh kecintaan sama zayne,bang windah udh kecintaan sama zayne,bang windah udh kecintaan zayne,bang windah udh cinta zayne,"Bro, Windah already loves Zayne"
jadi pengen main anjoyyy,jadi pengen main anjoyyy,jadi pengen main anjoyyy,pengen main anjoyyy,ken main anjoyyy,ken play anjoyyy
"Makasih bang windah udh mainin game ini, aku cewe tp gprnh tertarik buat main tp liat bang windah rasa penasaran ku sm game ini udh ilang 😄",makasih bang windah udh mainin game ini aku cewe tp gprnh tertarik buat main tp liat bang windah rasa penasaran ku sm game ini udh ilang,makasih bang windah udh mainin game ini aku cewe tp gprnh tertarik buat main tp liat bang windah rasa penasaran ku sm game ini udh ilang,makasih bang windah udh mainin game cewe tp gprnh tertarik main tp liat bang windah penasaran ku sm game udh ilang,makasih bang windah udh mainin game cewe tp gprnh tarik main tp liat bang windah penasaran ku sm game udh ilang,"Thank you bro, Windah, I've been playing the girl's game but I can't stop playing it, but looking at it, bro, Windah, I'm curious about the game, it's gone"
bg windah lebih ganteng dari caleb,bg windah lebih ganteng dari caleb,bang windah lebih ganteng dari caleb,bang windah ganteng caleb,bang windah ganteng caleb,"Bro, handsome, handsome, Caleb"
"bang kapann main homichiper bangg, aku rindu bang serett😢",bang kapann main homichiper bangg aku rindu bang serett,bang kapann main homichiper bangg aku rindu bang serett,bang kapann main homichiper bangg rindu bang serett,bang kapann main homichiper bangg rindu bang serett,"bro, when are you playing homichiper, bro, I miss you, bro, Serett"
I suka game ni,i suka game ni,i suka game ni,i suka game ni,i suka game ni,I like this game
Bergaul dengan dunia nyata,bergaul dengan dunia nyata,bergaul dengan dunia nyata,bergaul dunia nyata,gaul dunia nyata,real world slang
"bang makasih ya udah mainin game ini. aku baru dighosting cwo, jujur video ini menghibur banget. thanks bang, sehat-sehat ya",bang makasih ya udah mainin game ini aku baru dighosting cwo jujur video ini menghibur banget thanks bang sehatsehat ya,bang makasih ya sudah mainin game ini aku baru dighosting cwo jujur video ini menghibur banget thanks bang sehatsehat ya,bang makasih ya mainin game dighosting cwo jujur video menghibur banget thanks bang sehatsehat ya,bang makasih ya mainin game dighosting cwo jujur video hibur banget thanks bang sehatsehat ya,"bro, thanks for playing the game hosted by Cwo, honestly, the video is really entertaining, thanks bro, stay healthy"
Udah yapping nya??,udah yapping nya,sudah yapping nya,yapping nya,yapping nya,yep
Bang aku setia menunggu part 2,bang aku setia menunggu part,bang aku setia menunggu part,bang setia menunggu part,bang setia tunggu part,"bro, patiently waiting for the part"
Bang tolong main monthly idol <3,bang tolong main monthly idol,bang tolong main monthly idol,bang tolong main monthly idol,bang tolong main monthly idol,"bro, please play monthly idol"
"gokillll bangg, next story Caleb 🔥🔥😋",gokillll bangg next story caleb,gokillll bangg next story caleb,gokillll bangg next story caleb,gokillll bangg next story caleb,gokillll bro next story caleb
Isi nya penjilaty semua bang,isi nya penjilaty semua bang,isi nya penjilaty semua bang,isi nya penjilaty bang,isi nya penjilaty bang,The content is filthy bro
minta like bang,minta like bang,minta like bang,like bang,like bang,like bro
si sylus di ss mulu ama bang windah🗿,si sylus di ss mulu ama bang windah,si sylus di ss mulu ama bang windah,si sylus ss mulu ama bang windah,si sylus ss mulu ama bang windah,Si Sylus SS Mulu or Bang Windah
We love you bang windah🌹,we love you bang windah,we love you bang windah,we love you bang windah,we love you bang windah,we love you bro windah
"berlaku juga untuk lu,touch some grass duh",berlaku juga untuk lutouch some grass duh,berlaku juga untuk lutouch some grass duh,berlaku lutouch some grass duh,laku lutouch some grass duh,sell lutouch some grass duh
Palingan lu tiduran doang di rumah,palingan lu tiduran doang di rumah,palingan lu tiduran doang di rumah,palingan lu tiduran doang rumah,paling lu tidur doang rumah,You should just sleep at home
Jangan kebanyakan ngehayal,jangan kebanyakan ngehayal,jangan kebanyakan ngehayal,kebanyakan ngehayal,banyak ngehayal,dreaming a lot
"Look at yourself, look at the mirror touch some grass nerd",look at yourself look at the mirror touch some grass nerd,look at yourself look at the mirror touch some grass nerd,look at yourself look at the mirror touch some grass nerd,look at yourself look at the mirror touch some grass nerd,look at yourself look at the mirror touch some grass nerd
hot man 🤭🤭,hot man,hot man,hot man,hot man,hot man
AKHIRNYA DIMAININ BG WINDAH JUGA 😍😍😍😍,akhirnya dimainin bg windah juga,akhirnya dimainin bang windah juga,dimainin bang windah,dimainin bang windah,playing it bro windah
MAKASIIII BANYAK BANG WINDAHHHHH DAH MAIN GAME INI❤❤❤❤❤❤❤,makasiiii banyak bang windahhhhh dah main game ini,makasiiii banyak bang windahhhhh dah main game ini,makasiiii bang windahhhhh dah main game,makasiiii bang windahhhhh dah main game,"Thank you bro, Windahhhh for playing the game"
2:31:04 emang dia ganteng bang 😅,emang dia ganteng bang,emang dia ganteng bang,emang ganteng bang,emang ganteng bang,you're really handsome
thankkyouu bangg windahh miss u ❤❤❤,thankkyouu bangg windahh miss u,thankkyouu bangg windahh miss u,thankkyouu bangg windahh miss u,thankkyouu bangg windahh miss u,thankkyouu proud windahh miss u
Evelyn imroatus wkwk,evelyn imroatus wkwk,evelyn imroatus tertawa,evelyn imroatus tertawa,evelyn imroatus tertawa,Evelyn Imroatus laughed
"LOHH INI DURASINYA 3 JAM? BARU SADARR GK TERASA😭😭  makasi bang udh main ini, gapernah download krn hp kentang",lohh ini durasinya jam baru sadarr gk terasa makasi bang udh main ini gapernah download krn hp kentang,lohh ini durasinya jam baru sadarr gk terasa makasi bang udh main ini gapernah download krn hp kentang,lohh durasinya jam sadarr gk makasi bang udh main gapernah download krn hp kentang,lohh durasi jam sadarr gk makas bang udh main gapernah download krn hp kentang,"Lol, the duration of the waking hours doesn't matter, bro, I haven't downloaded the game because it's a potato cellphone"
BANG MAIN HSR ADA UPDATE STORY BARU SAMA KARAKTER CANTIK,bang main hsr ada update story baru sama karakter cantik,bang main hsr ada update story baru sama karakter cantik,bang main hsr update story karakter cantik,bang main hsr update story karakter cantik,"Bro, playing HSR, updates the story with beautiful characters"
26:50 NGAKAK BANGET ANJ MUKANYA SALTING TP NAHAN AWAOWKAKAKWO,ngakak banget anj mukanya salting tp nahan awaowkakakwo,ngakak banget anjir mukanya salting tp nahan awaowkakakwo,ngakak banget anjir mukanya salting tp nahan awaowkakakwo,ngakak banget anjir muka salting tp nahan awaowkakakwo,"I'm really laughing, my face is salting, but I'm holding back awaowkakakwo"
"51:53 zayne: eight pack
          windah: one pack",zayne eight pack windah one pack,zayne eight pack windah one pack,zayne eight pack windah one pack,zayne eight pack windah one pack,zayne eight pack windah one pack
Makasih bang windows batubara 🤗❤️,makasih bang windows batubara,makasih bang windows batubara,makasih bang windows batubara,makasih bang windows batubara,"Thank you, bro, coal windows"
my dragon is gone 🥺,my dragon is gone,my dragon is gone,my dragon is gone,my dragon is gone,my dragon is gone
story sylus mantep parah sih bang,story sylus mantep parah sih bang,story sylus mantep parah sih bang,story sylus mantep parah sih bang,story sylus mantep parah sih bang,"Sylus's story is really great, bro"
thank youuuuuu so much bangg udah review games iniiii🫰,thank youuuuuu so much bangg udah review games iniiii,thank youuuuuu so much bangg sudah review games iniiii,thank youuuuuu so much bangg review games iniiii,thank youuuuuu so much bangg review games iniiii,"thank youuuuuu so much, proud to review this game"
"Buset, 3 jam",buset jam,buset jam,buset jam,buset jam,clock buffet
Lanjutin bang,lanjutin bang,lanjutin bang,lanjutin bang,lanjutin bang,carry on bro
Telat bgt baru nonton. btw thanks udah mainin game ini bang❤️✨,telat bgt baru nonton btw thanks udah mainin game ini bang,telat banget baru nonton by the way thanks sudah mainin game ini bang,telat banget nonton by the way thanks mainin game bang,telat banget nonton by the way thanks mainin game bang,really late watching by the way thanks for playing the game bro
LOVE YOU BANG WINDAH,love you bang windah,love you bang windah,love you bang windah,love you bang windah,love you bro windah
"Bang windah mainin game apapun aku selalu dukung bang windah, semangat terus ya (⁠｡⁠･⁠ω⁠･⁠｡⁠)⁠ﾉ⁠♡",bang windah mainin game apapun aku selalu dukung bang windah semangat terus ya,bang windah mainin game apapun aku selalu dukung bang windah semangat terus ya,bang windah mainin game apapun dukung bang windah semangat ya,bang windah mainin game apa dukung bang windah semangat ya,"Bro, what games are you playing? Support, Bro. Windah, cheer up"
lanjut bg,lanjut bg,lanjut bang,bang,bang,bro
GILA SYLUS TUH ACT OF MONEY BANG,gila sylus tuh act of money bang,gila sylus tuh act of money bang,gila sylus tuh act of money bang,gila sylus tuh act of money bang,"Sylus is crazy, that's an act of money, bro"
Tetap king Mole adalah raja dari semua game di dunia 🥱,tetap king mole adalah raja dari semua game di dunia,tetap king mole adalah raja dari semua game di dunia,king mole raja game dunia,king mole raja game dunia,king mole king of world games
10:59 aura terancamnya sampai sini,aura terancamnya sampai sini,aura terancamnya sampai sini,aura terancamnya,aura ancam,threatening aura
CONTINUE CALEB'S STORY PLS BANG,continue calebs story pls bang,continue calebs story tolong bang,continue calebs story tolong bang,continue calebs story tolong bang,continue calebs story please bro
I love sylussss 😭❤‍🔥,i love sylussss,i love sylussss,i love sylussss,i love sylussss,i love sylussss
"bgg akhirnya, gue sebagai cewe bisa puas"" gini. makasi bg🙏🏻🙏🏻❤️❤️",bgg akhirnya gue sebagai cewe bisa puas gini makasi bg,bgg akhirnya gue sebagai cewe bisa puas gini makasi bang,bgg gue cewe puas gini makasi bang,bgg gue cewe puas gin makas bang,"bgg, I'm a satisfied girl, bro"
Akhirnyaaaa main juga ni game🎉,akhirnyaaaa main juga ni game,akhirnyaaaa main juga ni game,akhirnyaaaa main ni game,akhirnyaaaa main ni game,finally playing this game
banggg lanjuttt aku maksaaa,banggg lanjuttt aku maksaaa,banggg lanjuttt aku maksaaa,banggg lanjuttt maksaaa,banggg lanjuttt maksaaa,"proud to continue, thanks"
"Baru kali ini nonton bang Winda sambil senyum"" sediri😂",baru kali ini nonton bang winda sambil senyum sediri,baru kali ini nonton bang winda sambil senyum sediri,kali nonton bang winda senyum sediri,kali nonton bang winda senyum diri,"When you watch it, Bang Winda smiles to yourself"
bang aku suka zayne,bang aku suka zayne,bang aku suka zayne,bang suka zayne,bang suka zayne,"Bro, I like Zayne"
"Makasih bgt bang, aku gak bisa main game ini karena hape gak mumpuni, dan kamu mainin buat kita fans cewe mu ❤❤❤ makasihhh",makasih bgt bang aku gak bisa main game ini karena hape gak mumpuni dan kamu mainin buat kita fans cewe mu makasihhh,makasih banget bang aku gak bisa main game ini karena hape gak mumpuni dan kamu mainin buat kita fans cewe mu makasihhh,makasih banget bang gak main game hape gak mumpuni mainin fans cewe mu makasihhh,makasih banget bang gak main game hape gak mumpuni mainin fans cewe mu makasihhh,"Thank you very much, bro, if you don't play games, your cellphone is not capable of playing with your female fans, thank you"
Bang windah sok kaga demen sylus tapi beli ae kostumnya🤧,bang windah sok kaga demen sylus tapi beli ae kostumnya,bang windah sok kaga demen sylus tapi beli ae kostumnya,bang windah sok kaga demen sylus beli ae kostumnya,bang windah sok kaga demen sylus beli ae kostum,"Bro, Windah doesn't act like he's interested in buying a costume"
"yeyy, akhirnyaaa. aku yang blm mampu utk main game nya seneng bisa liat streamer fav aku bisa main game ini trss aku bisaa nontonn❤❤",yeyy akhirnyaaa aku yang blm mampu utk main game nya seneng bisa liat streamer fav aku bisa main game ini trss aku bisaa nontonn,yeyy akhirnyaaa aku yang blm mampu utk main game nya seneng bisa liat streamer fav aku bisa main game ini trss aku bisaa nontonn,yeyy akhirnyaaa blm utk main game nya seneng liat streamer fav main game trss bisaa nontonn,yeyy akhirnyaaa blm utk main game nya neng liat streamer fav main game trss bisaa nontonn,"Yeyy finally haven't played the game yet, I saw my fav streamer playing the game then I can watch it"
Keren ❤,keren,keren,keren,keren,Cool
"heran ya ,game sebagus ini bisa bisanya youtuber yang terkenal itu digoreng padahal gak ada yang salah terus standar ganda 😂",heran ya game sebagus ini bisa bisanya youtuber yang terkenal itu digoreng padahal gak ada yang salah terus standar ganda,heran ya game sebagus ini bisa bisanya youtuber yang terkenal itu digoreng padahal gak ada yang salah terus standar ganda,heran ya game sebagus bisanya youtuber terkenal digoreng gak salah standar ganda,heran ya game bagus bisa youtuber kenal goreng gak salah standar ganda,"I'm surprised a YouTuber can know how to play a good game, but there's nothing wrong with double standards"
2:58:28 thankyouu bg winnn,thankyouu bg winnn,thankyouu bang winnn,thankyouu bang winnn,thankyouu bang winnn,thank you bro winnn
Makasih bang mainnya setelah event 🥰,makasih bang mainnya setelah event,makasih bang mainnya setelah event,makasih bang mainnya event,makasih bang main event,Thank you bro for playing the event
"thank you bang windah, km berhak mainin game apa aja sesukamu❤",thank you bang windah km berhak mainin game apa aja sesukamu,thank you bang windah km berhak mainin game apa saja sesukamu,thank you bang windah km berhak mainin game sesukamu,thank you bang windah km hak mainin game suka,"thank you bro, windah, you have the right to play the games you like"
"Bang, pacarku rafayel",bang pacarku rafayel,bang pacarku rafayel,bang pacarku rafayel,bang pacar rafayel,Rafayel's girlfriend
user id lads lu apa bang,user id lads lu apa bang,user id lads lu apa bang,user id lads lu bang,user id lads lu bang,"Your user ID, bro"
Bang lanjut ia,bang lanjut ia,bang lanjut ia,bang,bang,bro
siapa kira2?,siapa kira,siapa kira,,,
game aliran boty wibu kah bang,game aliran boty wibu kah bang,game aliran boty wibu kah bang,game aliran boty wibu kah bang,game alir boty wibu kah bang,Boty wibu flow game bro
"Bang aku bangga sama kamu, kamu  enggak standar ganda 😢❤",bang aku bangga sama kamu kamu enggak standar ganda,bang aku bangga sama kamu kamu enggak standar ganda,bang bangga standar ganda,bang bangga standar ganda,bro proud of double standards
Aku takut sama caleb bang🥺,aku takut sama caleb bang,aku takut sama caleb bang,takut caleb bang,takut caleb bang,I'm afraid of Caleb bro
Ini kek donghua china,ini kek donghua china,ini seperti donghua china,donghua china,donghua china,Chinese Donghua
Zayne mirip lu bang,zayne mirip lu bang,zayne mirip lu bang,zayne lu bang,zayne lu bang,You're Zayne bro
"pertama kali nonton bang windah, kesini karena bang windah manggil Zayne jadi zaineqqq😭😭😭",pertama kali nonton bang windah kesini karena bang windah manggil zayne jadi zaineqqq,pertama kali nonton bang windah kesini karena bang windah manggil zayne jadi zaineqqq,kali nonton bang windah kesini bang windah manggil zayne zaineqqq,kali nonton bang windah kesini bang windah manggil zayne zaineqqq,"When you watch it, Bang Windah, come here, Bang Windah, call Zayne Zaineqqq"
Makasihh bang seru bangett jadi pengen download jugak,makasihh bang seru bangett jadi pengen download jugak,makasihh bang seru bangett jadi pengen download jugak,makasihh bang seru bangett pengen download jugak,makasihh bang seru bangett ken download jugak,"Thank you bro, it's really fun to download too"
makasiiii papih😢❤,makasiiii papih,makasiiii papih,makasiiii papih,makasiiii papih,thanks daddy
makasih udah mainin ini bang windah 💗,makasih udah mainin ini bang windah,makasih sudah mainin ini bang windah,makasih mainin bang windah,makasih mainin bang windah,"Thank you for playing, bro, Windah"
Bang main crazy one,bang main crazy one,bang main crazy one,bang main crazy one,bang main crazy one,"bro, play crazy one"
"Bang gara gara lu, wallpaper gue jadi gambar si Sylus ❤",bang gara gara lu wallpaper gue jadi gambar si sylus,bang gara gara lu wallpaper gue jadi gambar si sylus,bang gara gara lu wallpaper gue gambar si sylus,bang gara gara lu wallpaper gue gambar si sylus,"Bro, because of you, my wallpaper is a picture of Sylus"
MENDING GAME INI DARIPADA ECHO YG KEK P0RN0,mending game ini daripada echo yg kek prn,mending game ini daripada echo yang seperti prn,mending game echo prn,mending game echo prn,better game echo prn
Bang bisa yuk part 2 3 4 5 ………,bang bisa yuk part,bang bisa yuk part,bang yuk part,bang yuk part,"Bro, let's part"
Lah dimainin dong😂,lah dimainin dong,lah dimainin dong,dimainin,dimainin,played
keyenm bg❤,keyenm bg,keyenm bang,keyenm bang,keyenm bang,Keyen bro
"gak usah di lanjutkan bang , gak enak 😂",gak usah di lanjutkan bang gak enak,gak usah di lanjutkan bang gak enak,gak lanjutkan bang gak enak,gak lanjut bang gak enak,"Don't continue, bro, it's not good"
Bang main lagi bang par2 piliss semngat terus bang,bang main lagi bang par piliss semngat terus bang,bang main lagi bang par piliss semngat terus bang,bang main bang par piliss semngat bang,bang main bang par piliss semngat bang,"bro, play bro par piliss, be enthusiastic bro"
mantap kali,mantap kali,mantap kali,mantap kali,mantap kali,great time
"Yuhuuuu Makasih abang dah mainin game nya, semangat terus yh😘🫵🏻",yuhuuuu makasih abang dah mainin game nya semangat terus yh,yuhuuuu makasih abang dah mainin game nya semangat terus yh,yuhuuuu makasih abang dah mainin game nya semangat yh,yuhuuuu makasih abang dah mainin game nya semangat yh,"yuhuuuu thanks bro for playing the game, it's great"
Nah gini dong coba mainin bang jd lo tau. Krn gk semua subcribmu dewasa and cerdas dan kmu tau itu bang. Jgn ampe mereka ngancurin kamu.  Makasih bang,nah gini dong coba mainin bang jd lo tau krn gk semua subcribmu dewasa and cerdas dan kmu tau itu bang jgn ampe mereka ngancurin kamu makasih bang,nah gini dong coba mainin bang jd lo tau krn gk semua subcribmu dewasa and cerdas dan kmu tau itu bang jgn ampe mereka ngancurin kamu makasih bang,gini coba mainin bang jd lo tau krn gk subcribmu dewasa and cerdas kmu tau bang jgn ampe ngancurin makasih bang,gin coba mainin bang jd lo tau krn gk subcribmu dewasa and cerdas kmu tau bang jgn ampe ngancurin makasih bang,"I'd like to try playing it bro so you know because you don't subscribe. You're mature and smart. You know bro. Don't ruin it, thanks bro."
udah yapping nya?,udah yapping nya,sudah yapping nya,yapping nya,yapping nya,yep
"Bro ini kan game buat cewek dan bang windah juga boleh lah sesekali mainin game buat penonton cewek2 itu, giliran game cewe Korea kemaren aja pada adem anyem",bro ini kan game buat cewek dan bang windah juga boleh lah sesekali mainin game buat penonton cewek itu giliran game cewe korea kemaren aja pada adem anyem,bro ini kan game buat cewek dan bang windah juga boleh lah sesekali mainin game buat penonton cewek itu giliran game cewe korea kemaren saja pada adem anyem,bro game cewek bang windah mainin game penonton cewek giliran game cewe korea kemaren adem anyem,bro game cewek bang windah mainin game tonton cewek gilir game cewe korea kemaren adem anyem,"bro, girl games, Bang Windah, play games, watch girls take turns playing Korean girl games yesterday, it was cool, cool"
"@ maaf sebelum nya kak, kan aku nanya bukan ngehujat kek komentar viewer yang lain, kalo bukan ya bukan kalo iya, iya bilang iya, kan gampang, 
gue paham maksud lu juga kak, nanti aku di kira ikut ngehujat juga, 
kan aku sekedar nanya doang enggak ada yang salah kan",maaf sebelum nya kak kan aku nanya bukan ngehujat kek komentar viewer yang lain kalo bukan ya bukan kalo iya iya bilang iya kan gampang gue paham maksud lu juga kak nanti aku di kira ikut ngehujat juga kan aku sekedar nanya doang enggak ada yang salah kan,maaf sebelum nya kak kan aku nanya bukan ngehujat seperti komentar viewer yang lain kalo bukan ya bukan kalo iya iya bilang iya kan gampang gue paham maksud lu juga kak nanti aku di kira ikut ngehujat juga kan aku sekedar nanya doang enggak ada yang salah kan,maaf nya kak nanya ngehujat komentar viewer kalo ya kalo iya iya bilang iya gampang gue paham maksud lu kak ngehujat sekedar nanya doang salah,maaf nya kak nanya ngehujat komentar viewer kalo ya kalo iya iya bilang iya gampang gue paham maksud lu kak ngehujat dar nanya doang salah,"I'm sorry, bro, I'm asking to blaspheme the viewer's comments, if yes, if yes, say yes, it's easy, I understand what you mean, bro, it's wrong to ask, blaspheme."
double standard norak,double standard norak,double standard norak,double standard norak,double standard norak,Tacky double standards
Ngapain bang? Kurang perhatian ya?,ngapain bang kurang perhatian ya,ngapain bang kurang perhatian ya,ngapain bang perhatian ya,ngapain bang perhati ya,Why are you paying attention?
Klo HP gk kuat jangan dipaksa,klo hp gk kuat jangan dipaksa,klo hp gk kuat jangan dipaksa,klo hp gk kuat dipaksa,klo hp gk kuat paksa,"If the cellphone doesn't work, force it"
kalo ga enak gausah lu tonton kocak😂,kalo ga enak gausah lu tonton kocak,kalo ga enak gausah lu tonton kocak,kalo ga enak gausah lu tonton kocak,kalo ga enak gausah lu tonton kocak,"If you don't like it, don't watch it, it's hilarious"
apasih kocak😂,apasih kocak,apasih kocak,apasih kocak,apasih kocak,what's so funny?
"hadeh terpantau cowo insekyurr, g bgt",hadeh terpantau cowo insekyurr g bgt,hadeh terpantau cowo insekyurr g banget,hadeh terpantau cowo insekyurr g banget,hadeh pantau cowo insekyurr g banget,"Hadeh, I'm really monitoring the insect guy"
Ngapain lu tonton,ngapain lu tonton,ngapain lu tonton,ngapain lu tonton,ngapain lu tonton,why are you watching?
Suka suka Bang windah lah kok lu yang ngatur kocak 😂,suka suka bang windah lah kok lu yang ngatur kocak,suka suka bang windah lah kok lu yang ngatur kocak,suka suka bang windah lu ngatur kocak,suka suka bang windah lu ngatur kocak,"I like it, bro, your management is hilarious"
​@Newbiesstanpa viwers windah bisa apa 😂,newbiesstanpa viwers windah bisa apa,newbiesstanpa viwers windah bisa apa,newbiesstanpa viwers windah,newbiesstanpa viwers windah,newbies without windah viwers
Gak suka close ngapain di tonton? Ga dapet perhatian?,gak suka close ngapain di tonton ga dapet perhatian,gak suka close ngapain di tonton ga dapet perhatian,gak suka close ngapain tonton ga dapet perhatian,gak suka close ngapain tonton ga dapet perhati,"I don't like close, why watch it and don't get attention?"
iya,iya,iya,iya,iya,Yes
"Respect bang🎉 BTW bang rijad udah sampe main mesin boneka, coba bang windah maen juga sampe buka kitty cards / claw machine",respect bang btw bang rijad udah sampe main mesin boneka coba bang windah maen juga sampe buka kitty cards claw machine,respect bang by the way bang rijad sudah sampe main mesin boneka coba bang windah maen juga sampe buka kitty cards claw machine,respect bang by the way bang rijad sampe main mesin boneka coba bang windah maen sampe buka kitty cards claw machine,respect bang by the way bang rijad sampe main mesin boneka coba bang windah maen sampe buka kitty cards claw machine,respect bro by the way bro rijad until you play the doll machine try it bro windah play until you open the kitty cards claw machine
"Makasih bang windahhh, we love you so muchhh",makasih bang windahhh we love you so muchhh,makasih bang windahhh we love you so muchhh,makasih bang windahhh we love you so muchhh,makasih bang windahhh we love you so muchhh,Thank you bro Windahhh we love you so much
bang mainin lagii dong😢,bang mainin lagii dong,bang mainin lagii dong,bang mainin lagii,bang mainin lagi,"bro, play it again"
bocah² kbanyakan bergaul bebas sama abg² ngomong tobrut²an  makanya pas ad versi cwek gaada yg hujat aowkowwk😂😂😂,bocah kbanyakan bergaul bebas sama abg ngomong tobrutan makanya pas ad versi cwek gaada yg hujat aowkowwk,bocah kbanyakan bergaul bebas sama abg ngomong tobrutan makanya pas ad versi cwek gaada yang hujat aowkowwk,bocah kbanyakan bergaul bebas abg ngomong tobrutan pas ad versi cwek gaada hujat aowkowwk,bocah kbanyakan gaul bebas abg ngomong tobrutan pas ad versi cwek gaada hujat aowkowwk,"Most of the kids hang out freely, the boys talk about brutality when the girls' version is advertised, there's no blasphemy aowkowwk"
ayel emang bocil ikan,ayel emang bocil ikan,ayel emang bocil ikan,ayel emang bocil ikan,ayel emang bocil ikan,damn it's a fish leak
"thanks a lot bg windah, love sekebon🥺🥰💗💞💖",thanks a lot bg windah love sekebon,thanks a lot bang windah love sekebon,thanks a lot bang windah love sekebon,thanks a lot bang windah love kebon,thanks a lot bro windah love kebon
"maksiii yaa bang dah mainin, pen main juga tapi hape ga sanggup 😢😢😢😢😢😢, senengggg bisa di translate in truuuss di kasi liat story ny ❤",maksiii yaa bang dah mainin pen main juga tapi hape ga sanggup senengggg bisa di translate in truuuss di kasi liat story ny,maksiii yaa bang dah mainin pen main juga tapi hape ga sanggup senengggg bisa di translate in truuuss di kasi liat story ny,maksiii yaa bang dah mainin pen main hape ga sanggup senengggg translate in truuuss kasi liat story ny,maksiii yaa bang dah mainin pen main hape ga sanggup senengggg translate in truuuss kasi liat story ny,"thanks bro, I've been playing with my pen and my cellphone and I can't get it to translate in truuuss, let's see the story"
"Bannernya Lagi amaan bang, yang kemarin gak aman bangg",bannernya lagi amaan bang yang kemarin gak aman bangg,bannernya lagi amaan bang yang kemarin gak aman bangg,bannernya amaan bang kemarin gak aman bangg,bannernya ama bang kemarin gak aman bangg,"The banner was the same as yesterday, bro, it's not safe, bro"
"apaansi bocil pura pura lupa udah pernah main, blm pernah kocak, caper babget kalian, diurusin orangtuanya gasi atau gapunya",apaansi bocil pura pura lupa udah pernah main blm pernah kocak caper babget kalian diurusin orangtuanya gasi atau gapunya,apaansi bocil pura pura lupa sudah pernah main blm pernah kocak caper babget kalian diurusin orangtuanya gasi atau gapunya,apaansi bocil pura pura lupa main blm kocak caper babget diurusin orangtuanya gasi gapunya,apaansi bocil pura pura lupa main blm kocak caper babget diurusin orangtuanya gas gapunya,"What's up, you kid pretends to forget to play before it's hilarious, Babget's caper is taken care of by his parents, his gas doesn't matter"
guys tolong doain semoga bulan maret aku lolos snbp ke ui. aamiin ❤🙏🏻,guys tolong doain semoga bulan maret aku lolos snbp ke ui aamiin,guys tolong doain semoga bulan maret aku lolos snbp ke ui aamiin,guys tolong doain semoga maret lolos snbp ui aamiin,guys tolong doain moga maret lolos snbp ui aamiin,"guys, please pray that March passes snbp ui amen"
Bang windah kek seleksi calon mantu buat mc 😂,bang windah kek seleksi calon mantu buat mc,bang windah seperti seleksi calon mantu buat mc,bang windah seleksi calon mantu mc,bang windah seleksi calon mantu mc,"Bro, Windah, selection of MC's son-in-law candidates"
bang jangan becek,bang jangan becek,bang jangan becek,bang becek,bang becek,"bro, it's muddy"
Banh windah kita samaan pas main game ini langsung luluh dengan zayne 🔥,banh windah kita samaan pas main game ini langsung luluh dengan zayne,banh windah kita samaan pas main game ini langsung luluh dengan zayne,banh windah samaan pas main game langsung luluh zayne,banh windah sama pas main game langsung luluh zayne,"Banh Windah Same when playing the game, Zayne immediately melted"
"Mantap, Terimakasih dan appreciate udah mainin ini game bang",mantap terimakasih dan appreciate udah mainin ini game bang,mantap terimakasih dan appreciate sudah mainin ini game bang,mantap terimakasih appreciate mainin game bang,mantap terimakasih appreciate mainin game bang,"great, thank you, appreciate playing the game bro"
"seru banget liat bang windah main iniii, respect bangg ❤",seru banget liat bang windah main iniii respect bangg,seru banget liat bang windah main ini respect bangg,seru banget liat bang windah main respect bangg,seru banget liat bang windah main respect bangg,"It's really exciting to see Bro Windah playing Respect, Bangg"
Bang windah belum ketemu Sylus bang 😂,bang windah belum ketemu sylus bang,bang windah belum ketemu sylus bang,bang windah ketemu sylus bang,bang windah ketemu sylus bang,"Bro, Windah met Sylus, bro"
waktu sm zayne genit bgt 😂😂,waktu sm zayne genit bgt,waktu sm zayne genit banget,sm zayne genit banget,sm zayne genit banget,Zayne is really flirtatious
THANK YOU BANG WINDAH UDAH MAININ GAME INII👏🏻👏🏻,thank you bang windah udah mainin game inii,thank you bang windah sudah mainin game inii,thank you bang windah mainin game inii,thank you bang windah mainin game ini,"Thank you bro, Windah for playing this game"
Bang next mainin crazy ones.,bang next mainin crazy ones,bang next mainin crazy ones,bang next mainin crazy ones,bang next mainin crazy ones,bro next play crazy ones
Jomoclodon,jomoclodon,jomoclodon,jomoclodon,jomoclodon,jomoclodon
"Grandma itu dulu mc nya bang, ayah ayah dari cowok-cowok itu dulu haremny grandma",grandma itu dulu mc nya bang ayah ayah dari cowokcowok itu dulu haremny grandma,grandma itu dulu mc nya bang ayah ayah dari cowokcowok itu dulu haremny grandma,grandma mc nya bang ayah ayah cowokcowok haremny grandma,grandma mc nya bang ayah ayah cowokcowok haremny grandma,"Grandma's MC, bro, father, boys, grandma's harem"
anjayy akhirnya rilis iugaa😂,anjayy akhirnya rilis iugaa,anjayy akhirnya rilis iugaa,anjayy rilis iugaa,anjayy rilis iugaa,anjayy releases iugaa
BANGGGG KAGET AKU BANG YEYYYY DIMAININNN,bangggg kaget aku bang yeyyyy dimaininnn,bangggg kaget aku bang yeyyyy dimaininnn,bangggg kaget bang yeyyyy dimaininnn,bangggg kaget bang yeyyyy dimaininnn,"I'm really surprised, yes, I played it"
Gw nntn ini ketawa ga abis2 ancrittt 😂😂😂,gw nntn ini ketawa ga abis ancrittt,gw nntn ini ketawa ga abis ancrittt,gw nntn ketawa ga abis ancrittt,gw nntn ketawa ga abis ancrittt,I'm looking forward to laughing forever ancrittt
Pengen main game nya tapi belum lancar bhs inggris 😢,pengen main game nya tapi belum lancar bhs inggris,pengen main game nya tapi belum lancar bhs inggris,pengen main game nya lancar bhs inggris,ken main game nya lancar bhs inggris,Ken plays the game fluently in English
BENERAN MAIN,beneran main,beneran main,beneran main,beneran main,really play
PART 2 BANG,part bang,part bang,part bang,part bang,part bro
"thankyou banget bg windahhh udah main lads, respect❤❤",thankyou banget bg windahhh udah main lads respect,thankyou banget bang windahhh sudah main lads respect,thankyou banget bang windahhh main lads respect,thankyou banget bang windahhh main lads respect,"Thank you very much, bro, Windahhh, playing lads respect"
seeeeerruuuuuu,seeeeerruuuuuu,seeeeerruuuuuu,seeeeerruuuuuu,seeeeerruuuuuu,seeeeerruuuuuu
halah nyocot,halah nyocot,halah nyocot,halah nyocot,halah nyocot,don't bother
Ga usah peduliin Komenan orang fomo bang lanjut aja main gamenya,ga usah peduliin komenan orang fomo bang lanjut aja main gamenya,ga usah peduliin komenan orang fomo bang lanjut saja main gamenya,ga peduliin komenan orang fomo bang main gamenya,ga peduliin komenan orang fomo bang main gamenya,"Don't care about people's comments, bro, play the game"
"Jir dimainin dong😹
Apalah game jo-",jir dimainin dong apalah game jo,jir dimainin dong apalah game jo,jir dimainin apalah game jo,jir dimainin apa game jo,"Jir, what games are you playing?"
"AOWKWKKE NGAKAK BANGET ANJIMMM, WKWK BANG LU BLG SYLUS SOK GANTENG TPI DI SS MULU😭😭😭",aowkwkke ngakak banget anjimmm wkwk bang lu blg sylus sok ganteng tpi di ss mulu,aowkwkke ngakak banget anjimmm tertawa bang lu blg sylus sok ganteng tpi di ss mulu,aowkwkke ngakak banget anjimmm tertawa bang lu blg sylus sok ganteng tpi ss mulu,aowkwkke ngakak banget anjimmm tertawa bang lu blg sylus sok ganteng tpi ss mulu,"aowkwkke I'm really laughing, you're laughing, bro, you said Sylus pretends to be handsome but he's stupid"
"Seru banget walaupun nonton ulang, aku full 3 jam nonton, ngakak, lucuu seru lihat reaction bang windah pas main😭🤏
Thank you bang review nya",seru banget walaupun nonton ulang aku full jam nonton ngakak lucuu seru lihat reaction bang windah pas main thank you bang review nya,seru banget walaupun nonton ulang aku full jam nonton ngakak lucuu seru lihat reaction bang windah pas main thank you bang review nya,seru banget nonton ulang full jam nonton ngakak lucuu seru lihat reaction bang windah pas main thank you bang review nya,seru banget nonton ulang full jam nonton ngakak lucuu seru lihat reaction bang windah pas main thank you bang review nya,"really fun to watch it again for a full hour, watching it, it's really funny, it's fun to see Bro Windah's reaction when playing, thank you bro for the review"
Jangan,jangan,jangan,,,
Makasih bang udah mainnnnnn💥💥💥,makasih bang udah mainnnnnn,makasih bang sudah mainnnnnn,makasih bang mainnnnnn,makasih bang mainnnnnn,"Thank you bro, mainnnnn"
gantengnyoo,gantengnyoo,gantengnyoo,gantengnyoo,gantengnyoo,handsome
Ih sylus… aku cm mau sylusss aaa,ih sylus aku cm mau sylusss aaa,ih sylus aku cm mau sylusss aaa,ih sylus cm sylusss aaa,ih sylus cm sylusss aaa,ih sylus cm sylusss aaa
THANKKK YOUU BANGG WINDAHHH LU KERENN BGT gookilll lah lanjutin story calebb bangg plijsss,thankkk youu bangg windahhh lu kerenn bgt gookilll lah lanjutin story calebb bangg plijsss,thankkk youu bangg windahhh lu kerenn banget gookilll lah lanjutin story calebb bangg plijsss,thankkk youu bangg windahhh lu kerenn banget gookilll lanjutin story calebb bangg plijsss,thankkk youu bangg windahhh lu kerenn banget gookilll lanjutin story calebb bangg plijsss,"thank you, you're proud of Windahhh, you're really cool, Gookkill, continue the story, Calebb, proud of you, plijsss"
Standar ganda njis,standar ganda njis,standar ganda njis,standar ganda njis,standar ganda njis,unclean double standards
Biar apa sih gitu? Caper,biar apa sih gitu caper,biar apa sih gitu caper,biar sih gitu caper,biar sih gitu caper,let's just let it be like that
"Ih baru tau, yang bener itu??",ih baru tau yang bener itu,ih baru tau yang bener itu,ih tau bener,ih tau bener,I know right
Lah lu ngapain?,lah lu ngapain,lah lu ngapain,lu ngapain,lu ngapain,what are you doing?
Biar apa lu bgtu? Ga keren,biar apa lu bgtu ga keren,biar apa lu bgtu ga keren,biar lu bgtu ga keren,biar lu bgtu ga keren,so you don't look cool
💀,,,,,
💀,,,,,
Gw nggak paham gameplay nya gimana,gw nggak paham gameplay nya gimana,gw nggak paham gameplay nya gimana,gw nggak paham gameplay nya gimana,gw nggak paham gameplay nya gimana,I don't understand the gameplay
"lepas aja bang jgn di tahan muka muak nya wkwk, sebenernya kasian liatnya tpi aku suka gamenga",lepas aja bang jgn di tahan muka muak nya wkwk sebenernya kasian liatnya tpi aku suka gamenga,lepas saja bang jgn di tahan muka muak nya tertawa sebenernya kasian liatnya tpi aku suka gamenga,lepas bang jgn tahan muka muak nya tertawa sebenernya kasian liatnya tpi suka gamenga,lepas bang jgn tahan muka muak nya tertawa sebenernya kasi liat tpi suka gamenga,"Let go, bro, don't hold back his disgusted face, he's laughing, he's actually watching, but he likes gaming"
Tara murip ashley,tara murip ashley,tara murip ashley,tara murip ashley,tara murip ashley,tara murip ashley
Game jelek mes**m,game jelek mesm,game jelek mesm,game jelek mesm,game jelek mesm,bad game mesm
review infinity nikki bg,review infinity nikki bg,review infinity nikki bang,review infinity nikki bang,review infinity nikki bang,nikki infinity review bro
akhirnya bg windah main game ini jg🤩🥳,akhirnya bg windah main game ini jg,akhirnya bang windah main game ini juga,bang windah main game,bang windah main game,"Bro, Windah plays games"
"Bang windah kok foto foto, lagi nyiapin prewedding ya biar pose nyq keren🤔",bang windah kok foto foto lagi nyiapin prewedding ya biar pose nyq keren,bang windah kok foto foto lagi nyiapin prewedding ya biar pose nyq keren,bang windah foto foto nyiapin prewedding ya biar pose nyq keren,bang windah foto foto nyiapin prewedding ya biar pose nyq keren,"Bro, Windah, prepare photos for pre-wedding so that your poses are cool"
"bang aku aja uring uringan nafkahin sylus mulu, tp sylus paling meresahkan si bang, harus lvl up in yg sylus dulu kalo bisa😭🙏🏻",bang aku aja uring uringan nafkahin sylus mulu tp sylus paling meresahkan si bang harus lvl up in yg sylus dulu kalo bisa,bang aku saja uring uringan nafkahin sylus mulu tp sylus paling meresahkan si bang harus lvl up in yang sylus dulu kalo bisa,bang uring uringan nafkahin sylus mulu tp sylus meresahkan si bang lvl up in sylus kalo,bang uring uring nafkahin sylus mulu tp sylus resah si bang lvl up in sylus kalo,"bro, it's hard to make a living on the sylus, but the sylus is worried, bro, lvl up in sylus if"
kebanyakan yapping berisik lu bang,kebanyakan yapping berisik lu bang,kebanyakan yapping berisik lu bang,kebanyakan yapping berisik lu bang,banyak yapping berisik lu bang,"lots of noisy yapping, bro"
"Keren gini gamenya,bocah kocag emng tuh yang komen gaje dari kemaren",keren gini gamenyabocah kocag emng tuh yang komen gaje dari kemaren,keren gini gamenyabocah kocag emng tuh yang komen gaje dari kemaren,keren gini gamenyabocah kocag emng tuh komen gaje kemaren,keren gin gamenyabocah kocag emng tuh komen gaje kemaren,"This game is really cool, that funny kid made a really funny comment yesterday"
love you bg,love you bg,love you bang,love you bang,love you bang,love you bro
yeayyyyy,yeayyyyy,yeayyyyy,yeayyyyy,yeayyyyy,yeahyyyy
Rafayel mahasiswa UI😊,rafayel mahasiswa ui,rafayel mahasiswa ui,rafayel mahasiswa ui,rafayel mahasiswa ui,UI student Rafayel
YAYYYYY,yayyyyy,yayyyyy,yayyyyy,yayyyyy,yayyyyy
ga ada yg green flag bjir,ga ada yg green flag bjir,ga ada yang green flag bjir,ga green flag bjir,ga green flag bjir,no green flag bjir
sylus pacar aku bangg,sylus pacar aku bangg,sylus pacar aku bangg,sylus pacar bangg,sylus pacar bangg,Sylus is a proud girlfriend
sekarang viewers bang windah banyak cewenya😂,sekarang viewers bang windah banyak cewenya,sekarang viewers bang windah banyak cewenya,viewers bang windah cewenya,viewers bang windah cewenya,"Viewers, Bro, Windah, the girl"
Halo,halo,halo,halo,halo,Hello
ketawanya sylus screaming old money banget bahhhh❤❤,ketawanya sylus screaming old money banget bahhhh,ketawanya sylus screaming old money banget bahhhh,ketawanya sylus screaming old money banget bahhhh,ketawa sylus screaming old money banget bahhhh,laughing sylus screaming old money really bahhhh
lanjutin dong bang 😩,lanjutin dong bang,lanjutin dong bang,lanjutin bang,lanjutin bang,carry on bro
elu kali yg jelek hatinya,elu kali yg jelek hatinya,elu kali yang jelek hatinya,elu kali jelek hatinya,elu kali jelek hati,You're ugly at times
lo aja kali yg otak nya bwokep semua,lo aja kali yg otak nya bwokep semua,lo saja kali yang otak nya bwokep semua,lo kali otak nya bwokep,lo kali otak nya bwokep,"You know, your brain is messed up"
Penyakit homophobic malah maksa nonton,penyakit homophobic malah maksa nonton,penyakit homophobic malah maksa nonton,penyakit homophobic maksa nonton,sakit homophobic maksa nonton,I'm sick of being homophobic and I'm forced to watch it
Lu pikir Gampang bikin Game kek gitu apalagi RPG,lu pikir gampang bikin game kek gitu apalagi rpg,lu pikir gampang bikin game seperti gitu apalagi rpg,lu pikir gampang bikin game gitu rpg,lu pikir gampang bikin game gitu rpg,You think it's easy to make a game like an RPG
BANG LANJUT STORY CALEB LESGOOOO,bang lanjut story caleb lesgoooo,bang lanjut story caleb lesgoooo,bang story caleb lesgoooo,bang story caleb lesgoooo,bro story caleb lesgoooo
MAKASIHH BANG WINDAHH❤❤,makasihh bang windahh,makasihh bang windahh,makasihh bang windahh,makasihh bang windahh,Thank you bro Windahh
ily bang wjndah,ily bang wjndah,ily bang wjndah,ily bang wjndah,ily bang wjndah,ily bro wjndah
APA INI MENJIJIKAN!!! SANGAT MENJIJIKAN MENJIJIKAN SEKALIII!!!🤢🤮,apa ini menjijikan sangat menjijikan menjijikan sekaliii,apa ini menjijikan sangat menjijikan menjijikan sekaliii,menjijikan menjijikan menjijikan sekaliii,jijik jijik jijik sekaliii,disgusted disgusted really disgusted
3:03:56 detik detik crash 😹,detik detik crash,detik detik crash,detik detik crash,detik detik crash,seconds seconds crashes
oke sih gamenya dan animasinya ga ppt,oke sih gamenya dan animasinya ga ppt,oke sih gamenya dan animasinya ga ppt,oke sih gamenya animasinya ga ppt,oke sih gamenya animasi ga ppt,"okay, the game isn't animated ppt"
"aku pilih zayne, ada yang comeback juga tetep pilih zayne wkwkwk",aku pilih zayne ada yang comeback juga tetep pilih zayne wkwkwk,aku pilih zayne ada yang comeback juga tetep pilih zayne tertawa,pilih zayne comeback tetep pilih zayne tertawa,pilih zayne comeback tetep pilih zayne tertawa,"choose Zayne comeback, still choose Zayne laugh"
"Pliss ini ngakak banget 3 jam, lu main day one udah beli handuk aja 😭😭",pliss ini ngakak banget jam lu main day one udah beli handuk aja,pliss ini ngakak banget jam lu main day one sudah beli handuk saja,pliss ngakak banget jam lu main day one beli handuk,pliss ngakak banget jam lu main day one beli handuk,pls really laugh when you play day one buy a towel
Sylus auranya emg red flag bang tapi aslinya green flag aku bininya udaa tau banget 😂😂,sylus auranya emg red flag bang tapi aslinya green flag aku bininya udaa tau banget,sylus auranya emg red flag bang tapi aslinya green flag aku bininya udaa tau banget,sylus auranya emg red flag bang aslinya green flag bininya udaa tau banget,sylus aura emg red flag bang asli green flag bini udaa tau banget,"Sylus Aura is really a red flag, bro, actually a green flag, my wife already knows that"
ngakak banget sylusnya berkali kali di screenshot jir🤣,ngakak banget sylusnya berkali kali di screenshot jir,ngakak banget sylusnya berkali kali di screenshot jir,ngakak banget sylusnya berkali kali screenshot jir,ngakak banget sylusnya kali kali screenshot jir,I really laughed when I took a screenshot of Jir
bg rafayel pisces kek km,bg rafayel pisces kek km,bang rafayel pisces seperti km,bang rafayel pisces km,bang rafayel pisces km,bro rafayel pisces km
"OKE SEKARANG KITA BALIK BOS, LU PADA MAIN NIKKE KAN?? TRUS KENAPA MARAH WINDAH MAIN  GAME INI? WKWKKWKW KOCAK",oke sekarang kita balik bos lu pada main nikke kan trus kenapa marah windah main game ini wkwkkwkw kocak,oke sekarang kita balik bos lu pada main nikke kan trus kenapa marah windah main game ini tertawa kocak,oke bos lu main nikke trus marah windah main game tertawa kocak,oke bos lu main nikke trus marah windah main game tertawa kocak,"OK, boss, you played Nikke then got angry, Windah played a hilarious laughing game"
Bang main castlevania lord of shadow,bang main castlevania lord of shadow,bang main castlevania lord of shadow,bang main castlevania lord of shadow,bang main castlevania lord of shadow,bro playing castlevania lord of shadow
"Suka zayne sama kek bang windah, dingin tp melindungi wkwk 😂",suka zayne sama kek bang windah dingin tp melindungi wkwk,suka zayne sama seperti bang windah dingin tp melindungi tertawa,suka zayne bang windah dingin tp melindungi tertawa,suka zayne bang windah dingin tp lindung tertawa,"I like Zayne, bro, Windah is cold but still laughs"
Ahh,ahh,ahh,ahh,ahh,ahh
no hunter bang windah tu kalian dapet di menit berapa si?😭 mau jugaa,no hunter bang windah tu kalian dapet di menit berapa si mau jugaa,no hunter bang windah tu kalian dapet di menit berapa si mau jugaa,no hunter bang windah tu dapet menit si jugaa,no hunter bang windah tu dapet menit si jugaa,"No hunter, bro, Windah got a minute too"
"RISPEKK❤✨
makasih banyak bang!",rispekk makasih banyak bang,rispekk makasih banyak bang,rispekk makasih bang,rispekk makasih bang,"Respect, thank you bro"
Dari awal main sampe skrg gabisa milih bjir bias kesiapa😭🫵🏻 tiap beda cerita beda bias awoakakka😭🫵🏻🫵🏻 smuany charactersnya punya charm nya masing2🥹🫶🏻💖,dari awal main sampe skrg gabisa milih bjir bias kesiapa tiap beda cerita beda bias awoakakka smuany charactersnya punya charm nya masing,dari awal main sampe skrg gabisa milih bjir bias kesiapa tiap beda cerita beda bias awoakakka smuany charactersnya punya charm nya masing,main sampe skrg gabisa milih bjir bias kesiapa beda cerita beda bias awoakakka smuany charactersnya charm nya,main sampe skrg gabisa milih bjir bias siapa beda cerita beda bias awoakakka smuany charactersnya charm nya,"I've been playing until now, can't choose who's bias, different stories, different bias, awoakakka, all the characters are charming"
Jujur gw main game ini jadi semangat memperbaiki diri😭🫵🏻,jujur gw main game ini jadi semangat memperbaiki diri,jujur gw main game ini jadi semangat memperbaiki diri,jujur gw main game semangat memperbaiki,jujur gw main game semangat baik,"Honestly, I play the game in good spirits"
"GW KANGEN BANG SERET,AYO LANJUTIN GAME NYA 😭😓",gw kangen bang seretayo lanjutin game nya,gw kangen bang seretayo lanjutin game nya,gw kangen bang seretayo lanjutin game nya,gw kangen bang seretayo lanjutin game nya,"I miss you bro, let's continue the game"
"game buat cewe, padahal game buat cowo lebih brutal sexualizingnya kenapa cowo ketar ketir liat game buat cewe dah?",game buat cewe padahal game buat cowo lebih brutal sexualizingnya kenapa cowo ketar ketir liat game buat cewe dah,game buat cewe padahal game buat cowo lebih brutal sexualizingnya kenapa cowo ketar ketir liat game buat cewe dah,game cewe game cowo brutal sexualizingnya cowo ketar ketir liat game cewe dah,game cewe game cowo brutal sexualizingnya cowo ketar tir liat game cewe dah,"Girls' games, guys' games are brutally sexualizing, guys are scared to see girls' games"
yang menjijikkan itu elo aja sih paling,yang menjijikkan itu elo aja sih paling,yang menjijikkan itu elo saja sih paling,menjijikkan elo sih,jijik elo sih,I'm disgusted
udh yappingnya?,udh yappingnya,udh yappingnya,udh yappingnya,udh yappingnya,"that's enough, yep"
"Gasuka close bang, ngapain komen bgtu? Haus perhatian bngt",gasuka close bang ngapain komen bgtu haus perhatian bngt,gasuka close bang ngapain komen bgtu haus perhatian bngt,gasuka close bang ngapain komen bgtu haus perhatian bngt,gasuka close bang ngapain komen bgtu haus perhati bngt,"don't like to close, bro, why are you commenting so thirsty for attention?"
Windah kocag 😭,windah kocag,windah kocag,windah kocag,windah kocag,Windah is crazy
Aku juga belum bisa milih #1 oshi huhu,aku juga belum bisa milih oshi huhu,aku juga belum bisa milih oshi huhu,milih oshi huhu,milih oshi huhu,choose oshi huhu
Bangg terimakasih udah mainin ini game yaa🥹🥹🥹,bangg terimakasih udah mainin ini game yaa,bangg terimakasih sudah mainin ini game yaa,bangg terimakasih mainin game yaa,bangg terimakasih mainin game yaa,"proud, thank you for playing the game"
"Anjir mood banget windah, letsss goo girllsssss",anjir mood banget windah letsss goo girllsssss,anjir mood banget windah letsss goo girllsssss,anjir mood banget windah letsss goo girllsssss,anjir mood banget windah letsss goo girllsssss,"Anjir is in a really good mood, letsss goo girllsssss"
"Saya bagi awak tip until dapat lagi diamond Dari guna uang. Just upgraded cards yang dah dapat , main  battle dengan characters, play claw machine, kitty cards dan  baca stories. Setiap pakaian Dan lain lain accessories boleh dapat free dengan hanya upgrade diorang punya infinity ❤",saya bagi awak tip until dapat lagi diamond dari guna uang just upgraded cards yang dah dapat main battle dengan characters play claw machine kitty cards dan baca stories setiap pakaian dan lain lain accessories boleh dapat free dengan hanya upgrade diorang punya infinity,saya bagi awak tip until dapat lagi diamond dari guna uang just upgraded cards yang dah dapat main battle dengan characters play claw machine kitty cards dan baca stories setiap pakaian dan lain lain accessories boleh dapat free dengan hanya upgrade diorang punya infinity,awak tip until diamond uang just upgraded cards dah main battle characters play claw machine kitty cards baca stories pakaian accessories free upgrade diorang infinity,awak tip until diamond uang just upgraded cards dah main battle characters play claw machine kitty cards baca stories pakai accessories free upgrade orang infinity,crew tip until diamond money just upgraded cards dah play battle characters play claw machine kitty cards read stories use accessories free upgrade people infinity
"Wah bang windah beneran main love and deepapace dong, salut sama bang windah yang gak dengerin omongan gak enak dari fans2(?) nya👍",wah bang windah beneran main love and deepapace dong salut sama bang windah yang gak dengerin omongan gak enak dari fans nya,wah bang windah beneran main love and deepapace dong salut sama bang windah yang gak dengerin omongan gak enak dari fans nya,bang windah beneran main love and deepapace salut bang windah gak dengerin omongan gak enak fans nya,bang windah beneran main love and deepapace salut bang windah gak dengerin omong gak enak fans nya,"Bro Windah really plays love and deepapace, salute Bro Windah, don't listen to the bad talk of his fans"
ini yang main gamenya kebanyakan cwek haluu😂🤡🤡🤡🤡,ini yang main gamenya kebanyakan cwek haluu,ini yang main gamenya kebanyakan cwek haluu,main gamenya kebanyakan cwek haluu,main gamenya banyak cwek haluu,Lots of girls play the game lol
Rafarel marmen,rafarel marmen,rafarel marmen,rafarel marmen,rafarel marmen,rafarel marmen
32:51 I WANT HIM TOOOO,i want him toooo,i want him toooo,i want him toooo,i want him toooo,i want him toooo
Akhirnya bang windah mainin game kesukaanku❤,akhirnya bang windah mainin game kesukaanku,akhirnya bang windah mainin game kesukaanku,bang windah mainin game kesukaanku,bang windah mainin game suka,"Bro, Windah plays the game he likes"
Big respect bang Windah!,big respect bang windah,big respect bang windah,big respect bang windah,big respect bang windah,big respect bro windah
GG BANG WINDAH,gg bang windah,gg bang windah,gg bang windah,gg bang windah,gg bro windah
"itu siapa yang komen Sylus capres 😭😭🤣🤣

Btw gw ngakak reaksi bang Windah pas ulti Sylus kek supporter bola 😂 anyway, good work on this bang. Dan bener, woman likes good boy dan Sylus is a whole green forest 🤭",itu siapa yang komen sylus capres btw gw ngakak reaksi bang windah pas ulti sylus kek supporter bola anyway good work on this bang dan bener woman likes good boy dan sylus is a whole green forest,itu siapa yang komen sylus capres by the way gw ngakak reaksi bang windah pas ulti sylus seperti supporter bola anyway good work on this bang dan bener woman likes good boy dan sylus is a whole green forest,komen sylus capres by the way gw ngakak reaksi bang windah pas ulti sylus supporter bola anyway good work on this bang bener woman likes good boy sylus is a whole green forest,komen sylus capres by the way gw ngakak reaksi bang windah pas ulti sylus supporter bola anyway good work on this bang bener woman likes good boy sylus is a whole green forest,sylus presidential candidate's comments by the way I didn't react bro windah pas ulti sylus football supporter anyway good work on this bang bener woman likes good boy sylus is a whole green forest
"Kangen rafayel, dulu download pas pertama rilis, baru diapus karna makin sini makin gede Gb annya, hp kentangku gk kuat😭",kangen rafayel dulu download pas pertama rilis baru diapus karna makin sini makin gede gb annya hp kentangku gk kuat,kangen rafayel dulu download pas pertama rilis baru diapus karna makin sini makin gede gb annya hp kentangku gk kuat,kangen rafayel download pas rilis diapus karna gede gb annya hp kentangku gk kuat,kangen rafayel download pas rilis diapus karna gede gb annya hp kentang gk kuat,"I miss Rafayel, downloaded when it was released, it was deleted because it was so big, the potato cell phone wasn't strong enough"
semangat bang jangan perhatikan orang yang gak suka abang🤗🤗🤗🤗😙😙🥰🥰🥰,semangat bang jangan perhatikan orang yang gak suka abang,semangat bang jangan perhatikan orang yang gak suka abang,semangat bang perhatikan orang gak suka abang,semangat bang perhati orang gak suka abang,"Cheer up, bro. Pay attention to people who don't like you"
banggg lanjutt gamee bang seretttt😅😅,banggg lanjutt gamee bang seretttt,banggg lanjutt gamee bang seretttt,banggg lanjutt gamee bang seretttt,banggg lanjutt gamee bang seretttt,"Proud to continue the game, Bro, Seretttt"
bantu suport nya dong ges 😢,bantu suport nya dong ges,bantu suport nya dong ges,bantu suport nya ges,bantu suport nya ges,"help support it, bro"
Akhirnya,akhirnya,akhirnya,,,
there's nothing wrong🥺🤍,theres nothing wrong,theres nothing wrong,theres nothing wrong,theres nothing wrong,there's nothing wrong
"Big Respect ❤❤, makasii bangg walau uda kena hujatan yang membanjir🙃",big respect makasii bangg walau uda kena hujatan yang membanjir,big respect makasii bangg walau uda kena hujatan yang membanjir,big respect makasii bangg uda kena hujatan membanjir,big respect makasii bangg uda kena hujat banjir,"big respect, thanks, proud to have been hit by flood damage"
3 karakter lagi bang❤,karakter lagi bang,karakter lagi bang,karakter bang,karakter bang,character bro
"Bang thank u so much udh main dgn game satu ini, the best banget lu bang",bang thank u so much udh main dgn game satu ini the best banget lu bang,bang thank u so much udh main dgn game satu ini the best banget lu bang,bang thank u so much udh main dgn game the best banget lu bang,bang thank u so much udh main dgn game the best banget lu bang,"bro, thank you so much for playing with the best game, bro"
kalah ganteng sama karakter🤓😹🫵🫵,kalah ganteng sama karakter,kalah ganteng sama karakter,kalah ganteng karakter,kalah ganteng karakter,less handsome character
​ @ragebaitkid halu🤡😂,ragebaitkid halu,ragebaitkid halu,ragebaitkid halu,ragebaitkid halu,ragebaitkid halu
cowok kenapa sih kalo ada game cewe langsung ngehujat,cowok kenapa sih kalo ada game cewe langsung ngehujat,cowok kenapa sih kalo ada game cewe langsung ngehujat,cowok sih kalo game cewe langsung ngehujat,cowok sih kalo game cewe langsung ngehujat,"Guys, when it comes to girls' games, they immediately blaspheme"
ini contoh orang nya,ini contoh orang nya,ini contoh orang nya,contoh orang nya,contoh orang nya,example person
"karna dunia kebanyakan cwok kek elu, standar aja ga nyampe, gmn cwek mau dpet cwok yg baik? wkwkwkwk, cwok jg lebih banyak yg halu tuh hahaha",karna dunia kebanyakan cwok kek elu standar aja ga nyampe gmn cwek mau dpet cwok yg baik wkwkwkwk cwok jg lebih banyak yg halu tuh hahaha,karna dunia kebanyakan cwok seperti elu standar saja ga nyampe gmn cwek mau dpet cwok yang baik tertawa cwok juga lebih banyak yang halu tuh hahaha,karna dunia kebanyakan cwok elu standar ga nyampe gmn cwek dpet cwok tertawa cwok halu tuh hahaha,karna dunia banyak cwok elu standar ga nyampe gmn cwek dpet cwok tertawa cwok halu tuh hahaha,"because in the world there are lots of guys, your standards are not up to the mark, how can a girl get a guy who laughs, a guy who's cool, hahaha"
ngaca!!!,ngaca,ngaca,ngaca,ngaca,read
kalah ganteng ya lu?😂,kalah ganteng ya lu,kalah ganteng ya lu,kalah ganteng ya lu,kalah ganteng ya lu,you're not handsome enough
Ini game khusus cwek kok lu yang ngatur sih -_-,ini game khusus cwek kok lu yang ngatur sih,ini game khusus cwek kok lu yang ngatur sih,game khusus cwek lu ngatur sih,game khusus cwek lu ngatur sih,You can arrange games specifically for girls
ATTENTION SEEKER MENTIONED HAHAHAHHAH BADUT,attention seeker mentioned hahahahhah badut,attention seeker mentioned hahahahhah badut,attention seeker mentioned hahahahhah badut,attention seeker mentioned hahahahhah badut,attention seeker mentioned hahahahhah clown
Njir blom pernah di pake play point nya?,njir blom pernah di pake play point nya,njir blom pernah di pake play point nya,njir blom pake play point nya,njir blom pake play point nya,I haven't used play point yet
2:30:55 gapapa so kegantengan bang org emang ganteng,gapapa so kegantengan bang org emang ganteng,gapapa so kegantengan bang org emang ganteng,gapapa so kegantengan bang org emang ganteng,gapapa so ganteng bang org emang ganteng,"It's okay, so handsome, bro, people are indeed handsome"
siapa yg cita citanya kena gbank cwo2 ganteng,siapa yg cita citanya kena gbank cwo ganteng,siapa yang cita citanya kena gbank cwo ganteng,cita citanya kena gbank cwo ganteng,cita cita kena gbank cwo ganteng,The dream of being hit by a handsome guy's bank account
Kek bapak2 lagi milih calon suami buat anknya😂,kek bapak lagi milih calon suami buat anknya,seperti bapak lagi milih calon suami buat anknya,milih calon suami anknya,milih calon suami anknya,choose her future husband
Gimana yah cara sukses kayak bang windah hehe aku udah buat youtube dri 2018 aja ga dapet 200 view :) (bntu dong),gimana yah cara sukses kayak bang windah hehe aku udah buat youtube dri aja ga dapet view bntu dong,gimana yah cara sukses kayak bang windah hehe aku sudah buat youtube dri saja ga dapet view bntu dong,gimana yah sukses kayak bang windah hehe youtube dri ga dapet view bntu,gimana yah sukses kayak bang windah hehe youtube dri ga dapet view bntu,How do you succeed like Bang Windah hehe on YouTube without getting any views?
Gua respect sih sama bg windah ga nge dengerin kata kata orang,gua respect sih sama bg windah ga nge dengerin kata kata orang,gua respect sih sama bang windah ga nge dengerin kata kata orang,gua respect sih bang windah ga nge dengerin orang,gua respect sih bang windah ga nge dengerin orang,"I respect you, bro, Windah doesn't listen to people"
"bang main versi cewenya ""crazy ones""",bang main versi cewenya crazy ones,bang main versi cewenya crazy ones,bang main versi cewenya crazy ones,bang main versi cewenya crazy ones,"Bro, play the female version of Crazy Ones"
Ini bang windah mainnya pakai PC kan ya?,ini bang windah mainnya pakai pc kan ya,ini bang windah mainnya pakai pc kan ya,bang windah mainnya pakai pc ya,bang windah main pakai pc ya,"Bro, Windah, play using a PC"
Lanjut bang!!!,lanjut bang,lanjut bang,bang,bang,bro
Gamenya keren sih 👍🏼,gamenya keren sih,gamenya keren sih,gamenya keren sih,gamenya keren sih,the game is cool
bnr mirip FF casualnya,bnr mirip ff casualnya,bnr mirip ff casualnya,bnr ff casualnya,bnr ff casualnya,"That's right, the FF is casual"
mood banget asli 😭😭😊,mood banget asli,mood banget asli,mood banget asli,mood banget asli,really genuine mood
wkwkwkwkwkwkkwkwkwkkwkwkwk lanjut bang winda,wkwkwkwkwkwkkwkwkwkkwkwkwk lanjut bang winda,wkwkwkwkwkwkkwkwkwkkwkwkwk lanjut bang winda,wkwkwkwkwkwkkwkwkwkkwkwkwk bang winda,wkwkwkwkwkwkkwkwkwkkwkwkwk bang winda,hahaha
"Makasih bang windah,, akhirnya aku bisa liat cara mainnya. Soalnya hp ku gk ngedukung utk download 😢",makasih bang windah akhirnya aku bisa liat cara mainnya soalnya hp ku gk ngedukung utk download,makasih bang windah akhirnya aku bisa liat cara mainnya soalnya hp ku gk ngedukung utk download,makasih bang windah liat mainnya hp ku gk ngedukung utk download,makasih bang windah liat main hp ku gk ngedukung utk download,"Thank you bro, I see that my cellphone doesn't support downloading"
bakal di lanjutt ga bangg,bakal di lanjutt ga bangg,bakal di lanjutt ga bangg,lanjutt ga bangg,lanjutt ga bangg,"Continue, don't be proud"
Kapan mainin game infinity nikki bg windah game lakik itu,kapan mainin game infinity nikki bg windah game lakik itu,kapan mainin game infinity nikki bang windah game lakik itu,mainin game infinity nikki bang windah game lakik,mainin game infinity nikki bang windah game lakik,play the game infinity nikki bang windah game male
Bang kamu kek cewek tsundere yg ngakunya suka zayne padahal naksir sylus,bang kamu kek cewek tsundere yg ngakunya suka zayne padahal naksir sylus,bang kamu seperti cewek tsundere yang ngakunya suka zayne padahal naksir sylus,bang cewek tsundere ngakunya suka zayne naksir sylus,bang cewek tsundere ngakunya suka zayne naksir sylus,"Bro, a tsundere girl admits that she likes Zayne and has a crush on Sylus"
wkwkwk mukanya merah 😂,wkwkwk mukanya merah,tertawa mukanya merah,tertawa mukanya merah,tertawa muka merah,laughing red face
CIHUYYY (aku istri sylus),cihuyyy aku istri sylus,cihuyyy aku istri sylus,cihuyyy istri sylus,cihuyyy istri sylus,cheesy Sylus' wife
weh ini bisa di laptop??,weh ini bisa di laptop,weh ini bisa di laptop,weh laptop,weh laptop,wow laptop
Main game nya gk,main game nya gk,main game nya gk,main game nya gk,main game nya gk,do you play the game?
Emulator,emulator,emulator,emulator,emulator,emulators
bisa!!,bisa,bisa,,,
Momen yang membuat iri semua istri sylus😭 2:52:26 😢,momen yang membuat iri semua istri sylus,momen yang membuat iri semua istri sylus,momen iri istri sylus,momen iri istri sylus,Sylus' wife's jealous moment
"BG KOMBEK FC MOBILE LAGI LAHH KANGEN SPIN², SKRG CHANGE SPIN NYA GEDE² BG GK KEK DULU LAGI",bg kombek fc mobile lagi lahh kangen spin skrg change spin nya gede bg gk kek dulu lagi,bang kombek fc mobile lagi lahh kangen spin skrg change spin nya gede bang gk seperti dulu lagi,bang kombek fc mobile lahh kangen spin skrg change spin nya gede bang gk,bang kombek fc mobile lahh kangen spin skrg change spin nya gede bang gk,"Bro, Kombek FC Mobile, miss the spin now, is the spin big or not?"
habislah sudah,habislah sudah,habislah sudah,habislah,habis,finished
Mirip solo leveling gameplay nya,mirip solo leveling gameplay nya,mirip solo leveling gameplay nya,solo leveling gameplay nya,solo leveling gameplay nya,solo leveling gameplay
"BANG WINDAHHHH, AKU BANGGA SAMA KAMU. BENER BENER DEWASA DAN BIJAK DALAM MAININ GAME INI, BANYAK BANYAK ISTIRAHAT YA BANG❤❤❤",bang windahhhh aku bangga sama kamu bener bener dewasa dan bijak dalam mainin game ini banyak banyak istirahat ya bang,bang windahhhh aku bangga sama kamu bener bener dewasa dan bijak dalam mainin game ini banyak banyak istirahat ya bang,bang windahhhh bangga bener bener dewasa bijak mainin game istirahat ya bang,bang windahhhh bangga bener bener dewasa bijak mainin game istirahat ya bang,"Bro, Windahhhh, I'm really proud to be a wise adult playing rest games, bro"
Lanjutkan,lanjutkan,lanjutkan,lanjutkan,lanjut,carry on
"bang, char cowo nya mirip aku semua",bang char cowo nya mirip aku semua,bang char cowo nya mirip aku semua,bang char cowo nya,bang char cowo nya,Bang char is a guy
Emulator berat ditambah gamenya berat,emulator berat ditambah gamenya berat,emulator berat ditambah gamenya berat,emulator berat ditambah gamenya berat,emulator berat tambah gamenya berat,The emulator is heavy and the game is heavy
Makasih banyak bang Windah udah mainin gama ini❤,makasih banyak bang windah udah mainin gama ini,makasih banyak bang windah sudah mainin gama ini,makasih bang windah mainin gama,makasih bang windah mainin gama,"Thank you bro, Windah, let's play GAMA"
"Gak nyangka gameplay nya bagus dan story nya gerak lagi, gw kira cuma vn biasa",gak nyangka gameplay nya bagus dan story nya gerak lagi gw kira cuma vn biasa,gak nyangka gameplay nya bagus dan story nya gerak lagi gw kira cuma vn biasa,gak nyangka gameplay nya bagus story nya gerak gw vn,gak nyangka gameplay nya bagus story nya gerak gw vn,"I didn't expect the gameplay to be good, the story is moving, I'm vn"
i love you bang,i love you bang,i love you bang,i love you bang,i love you bang,I love you bro
Yg hate komen mungkin mokondo,yg hate komen mungkin mokondo,yang hate komen mungkin mokondo,hate komen mokondo,hate komen mokondo,hate mokondo comments
bang gak lanjutin main game homicipher?,bang gak lanjutin main game homicipher,bang gak lanjutin main game homicipher,bang gak lanjutin main game homicipher,bang gak lanjutin main game homicipher,"bro, don't continue playing the homicipher game"
Zayne anak kesayangan windah 🙏🏻,zayne anak kesayangan windah,zayne anak kesayangan windah,zayne anak kesayangan windah,zayne anak sayang windah,"Zayne, dear child, Windah"
Jodohin evelyn sama sylus bang 😊,jodohin evelyn sama sylus bang,jodohin evelyn sama sylus bang,jodohin evelyn sylus bang,jodohin evelyn sylus bang,Match Evelyn Sylus bro
bang mau akunnya,bang mau akunnya,bang mau akunnya,bang akunnya,bang akun,bro account
"kalem bg game apapun yg lu mainin tetep gua tonton walaupun yg kli ni agak gmn cuma bomat dah, dri pada hambar ga nontonin lu",kalem bg game apapun yg lu mainin tetep gua tonton walaupun yg kli ni agak gmn cuma bomat dah dri pada hambar ga nontonin lu,kalem bang game apapun yang lu mainin tetep gua tonton walaupun yang kli ni agak gmn cuma bomat dah dri pada hambar ga nontonin lu,kalem bang game apapun lu mainin tetep gua tonton kli ni gmn bomat dah dri hambar ga nontonin lu,kalem bang game apa lu mainin tetep gua tonton kli ni gmn bomat dah dri hambar ga nontonin lu,"Calm down, bro, whatever game you're playing, I'm still watching it now, how about it, it's already boring and I'm not watching it."
Main game fc mobile bang asyuuu,main game fc mobile bang asyuuu,main game fc mobile bang asyuuu,main game fc mobile bang asyuuu,main game fc mobile bang asyuuu,"Play the FC Mobile game, bro"
GG BANGG WINDAHHH🔥🔥🔥,gg bangg windahhh,gg bangg windahhh,gg bangg windahhh,gg bangg windahhh,gg proud windahhh
Bang windah main FC mobile lagi dong bang ada update pemain OVR 107,bang windah main fc mobile lagi dong bang ada update pemain ovr,bang windah main fc mobile lagi dong bang ada update pemain ovr,bang windah main fc mobile bang update pemain ovr,bang windah main fc mobile bang update main ovr,"Bro, Windah, Main FC Mobile, Bro, Update Main OVR"
Dih,dih,dih,dih,dih,ugh
Apaan dah,apaan dah,apaan dah,dah,dah,bye
@ashiPrisilia  emang kenapa bro?,ashiprisilia emang kenapa bro,ashiprisilia emang kenapa bro,ashiprisilia emang bro,ashiprisilia emang bro,ashiprisilia indeed bro
bangg lanjut homicipherr,bangg lanjut homicipherr,bangg lanjut homicipherr,bangg homicipherr,bangg homicipherr,proud homicipherr
Game apa ini!?,game apa ini,game apa ini,game,game,games
BANG WINDAHH AKU SAYANG KAMUUU,bang windahh aku sayang kamuuu,bang windahh aku sayang kamuuu,bang windahh sayang kamuuu,bang windahh sayang kamuuu,"Bro Windah, I love you"
YEAYY TERIMAKASII BANG :virtualhug:,yeayy terimakasii bang virtualhug,yeayy terimakasii bang virtualhug,yeayy terimakasii bang virtualhug,yeayy terimakasii bang virtualhug,"yeah, thank you, virtualhug"
THERE IS NOTHING WRONG WITH THIS GAME! You guys are the problem. Let the girls play in peace duh.,there is nothing wrong with this game you guys are the problem let the girls play in peace duh,there is nothing wrong with this game you guys are the problem let the girls play in peace duh,there is nothing wrong with this game you guys are the problem let the girls play in peace duh,there is nothing wrong with this game you guys are the problem let the girls play in peace duh,there is nothing wrong with this game you guys are the problem let the girls play in peace duh
"Ih lucu banget, visual mc nya kak agnes banget setelah disesuaiin sama selera bang windah 😂❤",ih lucu banget visual mc nya kak agnes banget setelah disesuaiin sama selera bang windah,ih lucu banget visual mc nya kak agnes banget setelah disesuaiin sama selera bang windah,ih lucu banget visual mc nya kak agnes banget disesuaiin selera bang windah,ih lucu banget visual mc nya kak agnes banget disesuaiin selera bang windah,"It's really cute, Sis Agnes's MC visuals really suit Bang Windah's taste"
"lebih worth beli dm bangg jadi dituker tiket, sama aurum pass (tp dia per bulan gitu)",lebih worth beli dm bangg jadi dituker tiket sama aurum pass tp dia per bulan gitu,lebih worth beli dm bangg jadi dituker tiket sama aurum pass tp dia per bulan gitu,worth beli dm bangg dituker tiket aurum pass tp gitu,worth beli dm bangg dituker tiket aurum pass tp gitu,worth buying DM proud in exchange for Aurum Pass tickets but that's it
Thanks bang udh review game nya. Aku sebagai player lads puas liat live mu. Klo misalnya masih bingung terkait game nya bisa tanya² bang ke aku. Btw juga klo bisa story nya dipahamin alur nya,thanks bang udh review game nya aku sebagai player lads puas liat live mu klo misalnya masih bingung terkait game nya bisa tanya bang ke aku btw juga klo bisa story nya dipahamin alur nya,thanks bang udh review game nya aku sebagai player lads puas liat live mu klo misalnya masih bingung terkait game nya bisa tanya bang ke aku by the way juga klo bisa story nya dipahamin alur nya,thanks bang udh review game nya player lads puas liat live mu klo bingung terkait game nya bang by the way klo story nya dipahamin alur nya,thanks bang udh review game nya player lads puas liat live mu klo bingung kait game nya bang by the way klo story nya dipahamin alur nya,"thanks bro for reviewing the game, players lads, satisfied with watching your live, if you're confused about the game, bro, by the way, if you understand the story, the flow"
hylos ko mirip pak ganjar bg windah,hylos ko mirip pak ganjar bg windah,hylos ko mirip pak ganjar bang windah,hylos ko ganjar bang windah,hylos ko ganjar bang windah,"Hylos, why do you reward Bang Windah?"
2:46 stremer kurang persiapan😂😂,stremer kurang persiapan,stremer kurang persiapan,stremer persiapan,stremer siap,stremer ready
Cewek auto basah,cewek auto basah,cewek auto basah,cewek auto basah,cewek auto basah,wet auto girl
Bang ngga main dynasty warrior origin kah?,bang ngga main dynasty warrior origin kah,bang ngga main dynasty warrior origin kah,bang ngga main dynasty warrior origin kah,bang ngga main dynasty warrior origin kah,"bro, don't you play dynasty warrior origins?"
"Bang saran besok2 pas main game ini, pake internet yg agak busuk dikit soalnya lagu openingnya enak wkwk",bang saran besok pas main game ini pake internet yg agak busuk dikit soalnya lagu openingnya enak wkwk,bang saran besok pas main game ini pake internet yang agak busuk dikit soalnya lagu openingnya enak tertawa,bang saran besok pas main game pake internet busuk dikit lagu openingnya enak tertawa,bang saran besok pas main game pake internet busuk dikit lagu openingnya enak tertawa,"bro, a suggestion for tomorrow when playing games using the internet is a bit rotten, the opening song is good for a laugh"
Si Caleb kan ntar metong bang,si caleb kan ntar metong bang,si caleb kan ntar metong bang,si caleb ntar metong bang,si caleb ntar metong bang,Caleb will meet you later
KOCAK BGT EMG OTAK MINUS,kocak bgt emg otak minus,kocak banget emg otak minus,kocak banget emg otak minus,kocak banget emg otak minus,"It's really funny, really has a minus brain"
bang main supersus lagi dongg,bang main supersus lagi dongg,bang main supersus lagi dongg,bang main supersus dongg,bang main supersus dongg,"Bro, play Supersus, bro"
Akhirnya dia memainkan game ini ❤,akhirnya dia memainkan game ini,akhirnya dia memainkan game ini,memainkan game,main game,playing game
"Harusnya jgn di omong kalau women women viewer lu bisa dptin cogan kek di game dong bang, ntar mereka cuma mau nikah sama cogan yg kek di game, terus gmn nasib kita cowo di bawah rata rata? Masa ngejomblo sampai tuir?",harusnya jgn di omong kalau women women viewer lu bisa dptin cogan kek di game dong bang ntar mereka cuma mau nikah sama cogan yg kek di game terus gmn nasib kita cowo di bawah rata rata masa ngejomblo sampai tuir,harusnya jgn di omong kalau women women viewer lu bisa dptin cogan seperti di game dong bang ntar mereka cuma mau nikah sama cogan yang seperti di game terus gmn nasib kita cowo di bawah rata rata masa ngejomblo sampai tuir,jgn omong women women viewer lu dptin cogan game bang ntar nikah cogan game gmn nasib cowo ngejomblo tuir,jgn omong women women viewer lu dptin cogan game bang ntar nikah cogan game gmn nasib cowo ngejomblo tuir,"don't talk about women women viewers, you can get cogan game, bro, you'll get married, cogan game, what happens to single guys, tuir"
"game ini sbenarnya emg buat cwe, tp klo cwo yg main apa salahnya kan? kyk, di luar sana mungkin ada cwe yg main game otome yg mc nya cwo, nah ini juga sama. jadi klo mau main yaudah main aja",game ini sbenarnya emg buat cwe tp klo cwo yg main apa salahnya kan kyk di luar sana mungkin ada cwe yg main game otome yg mc nya cwo nah ini juga sama jadi klo mau main yaudah main aja,game ini sbenarnya emg buat cwe tp klo cwo yang main apa salahnya kan kyk di luar sana mungkin ada cwe yang main game otome yang mc nya cwo nah ini juga sama jadi klo mau main yaudah main saja,game sbenarnya emg cwe tp klo cwo main salahnya kyk cwe main game otome mc nya cwo klo main yaudah main,game sbenarnya emg cwe tp klo cwo main salah kyk cwe main game otome mc nya cwo klo main yaudah main,it's actually a girl's game but if a guy plays it's wrong it's like a girl's playing an otome mc game that's a guy if he plays it's just playing
Story homecoming caleb donggg,story homecoming caleb donggg,story homecoming caleb donggg,story homecoming caleb donggg,story homecoming caleb donggg,homecoming story caleb donggg
Haha 😹,haha,haha,haha,haha,ha ha
"Semakin lu dewasa ""Ketampanan & Kecantikan"" bukan Suatu Goals untuk mendapatkan Pasangan Hidup.

Percayalah kawan, Bahkan para sesepuh contohnya : K-Popers SNSD & Super Junior"" saja sudah memiliki pasangan yang tampangnya bukan seperti Idol mereka.",semakin lu dewasa ketampanan kecantikan bukan suatu goals untuk mendapatkan pasangan hidup percayalah kawan bahkan para sesepuh contohnya kpopers snsd super junior saja sudah memiliki pasangan yang tampangnya bukan seperti idol mereka,semakin lu dewasa ketampanan kecantikan bukan suatu goals untuk mendapatkan pasangan hidup percayalah kawan bahkan para sesepuh contohnya kpopers snsd super junior saja sudah memiliki pasangan yang tampangnya bukan seperti idol mereka,lu dewasa ketampanan kecantikan goals pasangan hidup percayalah kawan sesepuh contohnya kpopers snsd super junior memiliki pasangan tampangnya idol,lu dewasa tampan cantik goals pasang hidup percaya kawan sepuh contoh kpopers snsd super junior milik pasang tampang idol,"You are an adult, handsome, beautiful, goals, live, trust, old friends, for example Kpopers, SNSD, Super Junior, have idol looks"
sehat kamu komen begini?,sehat kamu komen begini,sehat kamu komen begini,sehat komen,sehat komen,healthy comments
Ya makannya rawat diri kocak,ya makannya rawat diri kocak,ya makannya rawat diri kocak,ya makannya rawat kocak,ya makan rawat kocak,"yes, eat and treat it's hilarious"
"pemikiran lu bocil,lagian ga semua nonton windah😂",pemikiran lu bocillagian ga semua nonton windah,pemikiran lu bocillagian ga semua nonton windah,pemikiran lu bocillagian ga nonton windah,pikir lu bocillagian ga nonton windah,You think it's a shame not to watch Windah
"Nyata dilapangan kalo jodoh emang gk kemana bang. Selama baik laki-laki maupun perempuan terus memperbaiki diri dan menjadi lebih baik, pasti bakalan ketemu sesuai dengan yang tertulis di lauhul Mahfudz. Jangan pesimis hanya karena fyp tik tok dan standar yang dibuat medsos padahal semu ituu",nyata dilapangan kalo jodoh emang gk kemana bang selama baik lakilaki maupun perempuan terus memperbaiki diri dan menjadi lebih baik pasti bakalan ketemu sesuai dengan yang tertulis di lauhul mahfudz jangan pesimis hanya karena fyp tik tok dan standar yang dibuat medsos padahal semu ituu,nyata dilapangan kalo jodoh emang gk kemana bang selama baik lakilaki maupun perempuan terus memperbaiki diri dan menjadi lebih baik pasti bakalan ketemu sesuai dengan yang tertulis di lauhul mahfudz jangan pesimis hanya karena fyp tik tok dan standar yang dibuat medsos padahal semu ituu,nyata dilapangan kalo jodoh emang gk kemana bang lakilaki perempuan memperbaiki ketemu sesuai tertulis lauhul mahfudz pesimis fyp tik tok standar medsos semu ituu,nyata lapang kalo jodoh emang gk mana bang lakilaki perempuan baik ketemu sesuai tulis lauhul mahfudz pesimis fyp tik tok standar medsos semu ituu,"It's real, if you really have a soul mate, bro, good men and women meet according to what Lauhul Mahfudz wrote, pessimistic fyp tik tok, that fake social media standard."
Apasi yaampun😭,apasi yaampun,apasi yaampun,apasi yaampun,apas yaampun,what the heck
Jadi orang jangan insecure,jadi orang jangan insecure,jadi orang jangan insecure,orang insecure,orang insecure,insecure people
bro masalah lu insecure sama karakter fiksi,bro masalah lu insecure sama karakter fiksi,bro masalah lu insecure sama karakter fiksi,bro lu insecure karakter fiksi,bro lu insecure karakter fiksi,"bro, you're insecure about a fictional character"
apa iya,apa iya,apa iya,iya,iya,Yes
"wkwkwkwwk sial bang 🤣

btw jangan bawa serius guys. ini komen jokes/sarkas kok i know",wkwkwkwwk sial bang btw jangan bawa serius guys ini komen jokessarkas kok i know,wkwkwkwwk sial bang by the way jangan bawa serius guys ini komen jokessarkas kok i know,wkwkwkwwk sial bang by the way bawa serius guys komen jokessarkas i know,wkwkwkwwk sial bang by the way bawa serius guys komen jokessarkas i know,wkwkwkwwk damn bro by the way take it seriously guys comment jokes sarcasm I know
ya makanya rawat diri pemikiranya yg benar bukan kayak LU,ya makanya rawat diri pemikiranya yg benar bukan kayak lu,ya makanya rawat diri pemikiranya yang benar bukan kayak lu,ya rawat pemikiranya kayak lu,ya rawat pemikiranya kayak lu,"Yes, take care of your thoughts like you"
HAHAHA INSECURE SAMA KARAKTER FIKSI,hahaha insecure sama karakter fiksi,hahaha insecure sama karakter fiksi,hahaha insecure karakter fiksi,hahaha insecure karakter fiksi,hahaha insecure fictional character
"muka di bawah rata-rata ga masalah, yg penting sikap jgn di bawah rata-rata, lagian wajah di bawah rata-rata pun bisa dirawat biar mulus kulitnya, ga jerawatan, bersih, dll, masih oke kok, klo udh jatuh cinta sama sikap ntar ya auto lbh ganteng kok huahahahha",muka di bawah ratarata ga masalah yg penting sikap jgn di bawah ratarata lagian wajah di bawah ratarata pun bisa dirawat biar mulus kulitnya ga jerawatan bersih dll masih oke kok klo udh jatuh cinta sama sikap ntar ya auto lbh ganteng kok huahahahha,muka di bawah ratarata ga masalah yang penting sikap jgn di bawah ratarata lagian wajah di bawah ratarata pun bisa dirawat biar mulus kulitnya ga jerawatan bersih dll masih oke kok klo udh jatuh cinta sama sikap ntar ya auto lbh ganteng kok huahahahha,muka ratarata ga sikap jgn ratarata wajah ratarata dirawat biar mulus kulitnya ga jerawatan bersih dll oke klo udh jatuh cinta sikap ntar ya auto lbh ganteng huahahahha,muka ratarata ga sikap jgn ratarata wajah ratarata rawat biar mulus kulit ga jerawat bersih dll oke klo udh jatuh cinta sikap ntar ya auto lbh ganteng huahahahha,"Average face, no attitude, don't have an average face, take care of it so that your skin is smooth, no acne, clean, etc. OK, if you've fallen in love, your attitude will automatically make you more handsome, huahahahha"
Takut bgt lu jomblo sampai mati dikira semua cwek itu mandang fisik doang,takut bgt lu jomblo sampai mati dikira semua cwek itu mandang fisik doang,takut banget lu jomblo sampai mati dikira semua cwek itu mandang fisik doang,takut banget lu jomblo mati cwek mandang fisik doang,takut banget lu jomblo mati cwek mandang fisik doang,"I'm really afraid that if you're single, girls will only look physically"
tutor di pin,tutor di pin,tutor di pin,tutor pin,tutor pin,pin tutor
Terdeteksi haters 😂,terdeteksi haters,terdeteksi haters,terdeteksi haters,deteksi haters,haters detection
apasi 😂😂,apasi,apasi,apasi,apas,apas
Modar aja lu jelek 😂,modar aja lu jelek,modar saja lu jelek,modar lu jelek,modar lu jelek,Your fashion is bad
Insecure bngt dh,insecure bngt dh,insecure bngt dh,insecure bngt dh,insecure bngt dh,really insecure
😂 lawak,lawak,lawak,lawak,lawak,buffoonery
FINALLY YEPIIIIIIIIIIIII🎉🎉🎉🎉🎉,finally yepiiiiiiiiiiiii,finally yepiiiiiiiiiiiii,finally yepiiiiiiiiiiiii,finally yepiiiiiiiiiiiii,finally yepiiiiiiiiiiii
2:49:40 HMMMM siapa ya youtuber tersebut 🤔😂,hmmmm siapa ya youtuber tersebut,hmmmm siapa ya youtuber tersebut,hmmmm ya youtuber,hmmmm ya youtuber,hmmmm yes YouTuber
heh tapi karakter MC nya bang windah mirip Fuji 😭,heh tapi karakter mc nya bang windah mirip fuji,heh tapi karakter mc nya bang windah mirip fuji,heh karakter mc nya bang windah fuji,heh karakter mc nya bang windah fuji,"Heh, the MC character is Windah Fuji"
Aku suka zayne bang soalnya dia lebih sigma dari aku farhan,aku suka zayne bang soalnya dia lebih sigma dari aku farhan,aku suka zayne bang soalnya dia lebih sigma dari aku farhan,suka zayne bang sigma farhan,suka zayne bang sigma farhan,"I like Zayne, bro, Sigma Farhan"
GG BANG WINDAHHH,gg bang windahhh,gg bang windahhh,gg bang windahhh,gg bang windahhh,gg bro windahhh
"Lanjutin story Sylus, yang setuju like",lanjutin story sylus yang setuju like,lanjutin story sylus yang setuju like,lanjutin story sylus setuju like,lanjutin story sylus tuju like,continue the story sylus aim for likes
"bang windah, thanks for playing this game 🙏🙏🙏🙏
soalnya aku gabisa main game ini karena hp ga mendukung 😢",bang windah thanks for playing this game soalnya aku gabisa main game ini karena hp ga mendukung,bang windah thanks for playing this game soalnya aku gabisa main game ini karena hp ga mendukung,bang windah thanks for playing this game gabisa main game hp ga mendukung,bang windah thanks for playing this game gabisa main game hp ga dukung,"Bro, Windah, thanks for playing this game, can't play cellphone games, it doesn't support it"
Isinya WANiTA semua anjir,isinya wanita semua anjir,isinya wanita semua anjir,isinya wanita anjir,isi wanita anjir,contents of the anjir woman
"big respect untuk kamuuu, papa brandooo. terimakasi banyaaakkkk🤍🤟🏻",big respect untuk kamuuu papa brandooo terimakasi banyaaakkkk,big respect untuk kamuuu papa brandooo terimakasi banyaaakkkk,big respect kamuuu papa brandooo terimakasi banyaaakkkk,big respect kamuuu papa brandooo terimakasi banyaaakkkk,big respect for you papa brandoo thank you so much
Bang windah main dong moonlight crush ada bahasa indonesia game story pacaran,bang windah main dong moonlight crush ada bahasa indonesia game story pacaran,bang windah main dong moonlight crush ada bahasa indonesia game story pacaran,bang windah main moonlight crush bahasa indonesia game story pacaran,bang windah main moonlight crush bahasa indonesia game story pacar,Bang Windah main Moonlight Crush Indonesian language game story boyfriend
"Masih ada aja yang komen ""Bentar lagi paling di end"" like what is wrong with u?",masih ada aja yang komen bentar lagi paling di end like what is wrong with u,masih ada saja yang komen bentar lagi paling di end like what is wrong with u,komen bentar end like what is wrong with u,komen bentar end like what is wrong with u,comment for a moment end like what is wrong with u
"JAOH LAH GAME PLAY NYA BAGUSAN INI DARIPADA GAME ""BUAT COWO"" KEMAREN PLOT NYA CUMA AMA CEWE2 DI SATU RUMAH MODAL MELON GEDE

Yaaaa keliatan lah ya bocil2 toxic kmrn sukanya yg gimana 😂",jaoh lah game play nya bagusan ini daripada game buat cowo kemaren plot nya cuma ama cewe di satu rumah modal melon gede yaaaa keliatan lah ya bocil toxic kmrn sukanya yg gimana,jaoh lah game play nya bagusan ini daripada game buat cowo kemaren plot nya cuma ama cewe di satu rumah modal melon gede yaaaa keliatan lah ya bocil toxic kmrn sukanya yang gimana,jaoh game play nya bagusan game cowo kemaren plot nya ama cewe rumah modal melon gede yaaaa keliatan ya bocil toxic kmrn sukanya gimana,jaoh game play nya bagus game cowo kemaren plot nya ama cewe rumah modal melon gede yaaaa liat ya bocil toxic kmrn suka gimana,"Wow, the game play is good, yesterday's guy's game had a plot with a girl, big melon capital house, look at it, you're a toxic kid, how do you like it?"
BANG PLIS KALO STREAM GAUSAH PEDULIIN VIEWRS LEBIH ENJOY MAIN GAME NYA GAUSAH NAHAN-NAHAN DIRI,bang plis kalo stream gausah peduliin viewrs lebih enjoy main game nya gausah nahannahan diri,bang tolong kalo stream gausah peduliin viewrs lebih enjoy main game nya gausah nahannahan diri,bang tolong kalo stream gausah peduliin viewrs enjoy main game nya gausah nahannahan,bang tolong kalo stream gausah peduliin viewrs enjoy main game nya gausah nahannahan,"bro, please, if you stream, don't care about the viewers enjoying playing the game, don't worry"
bang aku juga suka,bang aku juga suka,bang aku juga suka,bang suka,bang suka,bro like it
Part 2 bangggghhh,part bangggghhh,part bangggghhh,part bangggghhh,part bangggghhh,part bangggghhh
aku 3 kali pull dapet caleb🥰,aku kali pull dapet caleb,aku kali pull dapet caleb,kali pull dapet caleb,kali pull dapet caleb,"When you pull, you get Caleb"
terima kasih emile😢,terima kasih emile,terima kasih emile,terima kasih emile,terima kasih emile,Thank you Emile
Yey geme ini dimainin,yey geme ini dimainin,yey geme ini dimainin,yey geme dimainin,yey geme dimainin,"yeah, it's fun to play"
IH ABANG MC AK NAMA NYA JUGA ADA MARGA LOCKHART NYA 😭😭,ih abang mc ak nama nya juga ada marga lockhart nya,ih abang mc ak nama nya juga ada marga lockhart nya,ih abang mc ak nama nya marga lockhart nya,ih abang mc ak nama nya marga lockhart nya,"ih, mc ak's brother, his surname is lockhart"
cie nyengir2 main in nya😏,cie nyengir main in nya,cie nyengir main in nya,cie nyengir main in nya,cie nyengir main in nya,Cie grinned playing in it
Siapaa pls,siapaa pls,siapaa tolong,siapaa tolong,siapaa tolong,who help?
Ya karena target game nya cewek jadi wajar aja kalo yang nonton cewek semua,ya karena target game nya cewek jadi wajar aja kalo yang nonton cewek semua,ya karena target game nya cewek jadi wajar saja kalo yang nonton cewek semua,ya target game nya cewek wajar kalo nonton cewek,ya target game nya cewek wajar kalo nonton cewek,"Yes, the target of the game is girls, it's normal to watch girls"
Kan Gamenya untuk cewek dan bang windah buat live ini untuk cewek loh,kan gamenya untuk cewek dan bang windah buat live ini untuk cewek loh,kan gamenya untuk cewek dan bang windah buat live ini untuk cewek loh,gamenya cewek bang windah live cewek loh,gamenya cewek bang windah live cewek loh,"The game is for girls, Bang Windah, it's live for girls, you know"
So what? Takut tersaingi?,so what takut tersaingi,so what takut tersaingi,so what takut tersaingi,so what takut saing,so what are you afraid of competition?
"Terimakasih bang sudah main lads, aku paling sukaa sama Caleb bang🥰💅",terimakasih bang sudah main lads aku paling sukaa sama caleb bang,terimakasih bang sudah main lads aku paling sukaa sama caleb bang,terimakasih bang main lads sukaa caleb bang,terimakasih bang main lads sukaa caleb bang,"Thank you, bro, playing lads, I love Caleb, bro"
BANGGG LANJUTTTTTT,banggg lanjutttttt,banggg lanjutttttt,banggg lanjutttttt,banggg lanjutttttt,proud to continue
woww❤❤❤❤❤❤❤❤,woww,woww,woww,woww,wow
"sorry nggak bisa nonton sampe akhir karena banyak urusan, btw makasih buat bang brando karena udah mau main game ini ❤❤",sorry nggak bisa nonton sampe akhir karena banyak urusan btw makasih buat bang brando karena udah mau main game ini,sorry nggak bisa nonton sampe akhir karena banyak urusan by the way makasih buat bang brando karena sudah mau main game ini,sorry nggak nonton sampe urusan by the way makasih bang brando main game,sorry nggak nonton sampe urus by the way makasih bang brando main game,"sorry for not watching until I took care of it by the way, thanks bro Brando for playing the game"
"2:45:51 ""girls kita temenan girls"" SLAYYY",girls kita temenan girls slayyy,girls kita temenan girls slayyy,girls temenan girls slayyy,girls temenan girls slayyy,girls friends girls slayyy
"MAKASIH BANYAK UDAH MAININ GAME INI BANGGG ❤ aku sebagai player lads sangat menghargai respon bang windah, seru banget live kemarinn, kocakkk jugaa, pokoknya menghibur lah 😂 sukses selalu bangg, proud of youu 🤩🤩🤩",makasih banyak udah mainin game ini banggg aku sebagai player lads sangat menghargai respon bang windah seru banget live kemarinn kocakkk jugaa pokoknya menghibur lah sukses selalu bangg proud of youu,makasih banyak sudah mainin game ini banggg aku sebagai player lads sangat menghargai respon bang windah seru banget live kemarinn kocakkk jugaa pokoknya menghibur lah sukses selalu bangg proud of youu,makasih mainin game banggg player lads menghargai respon bang windah seru banget live kemarinn kocakkk jugaa pokoknya menghibur sukses bangg proud of youu,makasih mainin game banggg player lads harga respon bang windah seru banget live kemarinn kocakkk jugaa pokok hibur sukses bangg proud of youu,"Thank you for playing the game, great player, lads, price, response, bro, Windah, it was really fun, live yesterday, it was hilarious, it was really entertaining, successful, proud, proud of youu"
ada yg bisa nutorin download di laptop ga?,ada yg bisa nutorin download di laptop ga,ada yang bisa nutorin download di laptop ga,nutorin download laptop ga,nutorin download laptop ga,nutorin download laptop ga
makasih bang,makasih bang,makasih bang,makasih bang,makasih bang,thanks bro
gg trending,gg trending,gg trending,gg trending,gg trending,gg trending
2:38:08 rafayel mahasiswa UI,rafayel mahasiswa ui,rafayel mahasiswa ui,rafayel mahasiswa ui,rafayel mahasiswa ui,UI student Rafayel
Akhirnyaaaa,akhirnyaaaa,akhirnyaaaa,akhirnyaaaa,akhirnyaaaa,finally
ASIKKKK,asikkkk,asikkkk,asikkkk,asikkkk,cool
YEYYYYY AKHIRNYA,yeyyyyy akhirnya,yeyyyyy akhirnya,yeyyyyy,yeyyyyy,yeyyyyy
"Kamu gengsi bang, kamu lebih suka Sylus daripada zyne😡",kamu gengsi bang kamu lebih suka sylus daripada zyne,kamu gengsi bang kamu lebih suka sylus daripada zyne,gengsi bang suka sylus zyne,gengsi bang suka sylus zyne,I'm proud to like Sylus Zyne
Demi apapun gue seneng bgt liat bang windah keliatan seneng bgt pas main game ini,demi apapun gue seneng bgt liat bang windah keliatan seneng bgt pas main game ini,demi apapun gue seneng banget liat bang windah keliatan seneng banget pas main game ini,apapun gue seneng banget liat bang windah keliatan seneng banget pas main game,apa gue neng banget liat bang windah liat neng banget pas main game,"Am I really excited to see you, Bro, Windah looks really excited when playing the game"
Day 159 Request bang Windah main Lokapala,day request bang windah main lokapala,day request bang windah main lokapala,day request bang windah main lokapala,day request bang windah main lokapala,"Day request, Bro, Windah to play Lokapala"
gg,gg,gg,gg,gg,gg
Bg coba main crazy one,bg coba main crazy one,bang coba main crazy one,bang coba main crazy one,bang coba main crazy one,"bro, try playing crazy one"
"Ini tipe2 visual novel banget gamenya. Banyak bacaan dan cerita2. Tp buat yang ga suka baca juga masih bisa main. Emang best.

Yg bilang2 game bkp itu tll bgt sih, ini scifi romance bro",ini tipe visual novel banget gamenya banyak bacaan dan cerita tp buat yang ga suka baca juga masih bisa main emang best yg bilang game bkp itu tll bgt sih ini scifi romance bro,ini tipe visual novel banget gamenya banyak bacaan dan cerita tp buat yang ga suka baca juga masih bisa main emang best yang bilang game bkp itu tll banget sih ini scifi romance bro,tipe visual novel banget gamenya bacaan cerita tp ga suka baca main emang best bilang game bkp tll banget sih scifi romance bro,tipe visual novel banget gamenya baca cerita tp ga suka baca main emang best bilang game bkp tll banget sih scifi romance bro,"Very visual novel type, the game reads stories but doesn't like reading. Playing is the best. I'd say the BKP game is really scifi romance, bro."
Makasih baget ya bang udah main game ini ❤❤,makasih baget ya bang udah main game ini,makasih baget ya bang sudah main game ini,makasih baget ya bang main game,makasih baget ya bang main game,Thank you very much bro for playing the game
PERIODDTT😜🥰🥰🧚🔥🔥,perioddtt,perioddtt,perioddtt,perioddtt,perioddtt
PURRR,purrr,purrr,purrr,purrr,purrr
Ahahaha 😂😂😂,ahahaha,ahahaha,ahahaha,ahahaha,ahahaha
part ini bang windah lucu bgt😭,part ini bang windah lucu bgt,part ini bang windah lucu banget,part bang windah lucu banget,part bang windah lucu banget,Bang Windah's part is really funny
YAURRRR,yaurrrr,yaurrrr,yaurrrr,yaurrrr,yurrrrr
Yasss baddiesss😘😘😝😝,yasss baddiesss,yasss baddiesss,yasss baddiesss,yasss baddiesss,yessss baddiesss
YAASHHH,yaashhh,yaashhh,yaashhh,yaashhh,yeahhhh
njirrrrr😂😂😂😂,njirrrrr,njirrrrr,njirrrrr,njirrrrr,njirrrrr
hahahahah,hahahahah,hahahahah,hahahahah,hahahahah,hahahahaha
Otome game rerata model visual novel. Tapi sebelum ini emang kontra live streaming karena ga hanya agak berbahaya,otome game rerata model visual novel tapi sebelum ini emang kontra live streaming karena ga hanya agak berbahaya,otome game rerata model visual novel tapi sebelum ini emang kontra live streaming karena ga hanya agak berbahaya,otome game rerata model visual novel emang kontra live streaming ga berbahaya,otome game rerata model visual novel emang kontra live streaming ga bahaya,The average otome game is a visual novel model and the cons of live streaming are not dangerous
"LANJUTIN STORYNYA BANG, SERUUU",lanjutin storynya bang seruuu,lanjutin storynya bang seruuu,lanjutin storynya bang seruuu,lanjutin storynya bang seruuu,"Continue the story, bro"
bang windah tolong main tear of themis please,bang windah tolong main tear of themis please,bang windah tolong main tear of themis please,bang windah tolong main tear of themis please,bang windah tolong main tear of themis please,"Bang Windah, please play Tears of Themis please"
"makasih bang aku tadinya kepo dan gamudeng game ini, setelah bang windah main aku jadi tauu 

sylus ny ganteng btw",makasih bang aku tadinya kepo dan gamudeng game ini setelah bang windah main aku jadi tauu sylus ny ganteng btw,makasih bang aku tadinya kepo dan gamudeng game ini setelah bang windah main aku jadi tauu sylus ny ganteng by the way,makasih bang kepo gamudeng game bang windah main tauu sylus ny ganteng by the way,makasih bang kepo gamudeng game bang windah main tauu sylus ny ganteng by the way,"Thank you, Bro, Kepo Gamudeng Game, Bang Windah Main Tauu Sylus, he's handsome by the way"
SERUUUUUU,seruuuuuu,seruuuuuu,seruuuuuu,seruuuuuu,it's fun
yayyyy❤,yayyyy,yayyyy,yayyyy,yayyyy,yayyyy
"Kirain game apaan jir, ternyata keren gila😮",kirain game apaan jir ternyata keren gila,kirain game apaan jir ternyata keren gila,kirain game jir keren gila,kirain game jir keren gila,I think it's a crazy cool jir game
11:00😊 bang windah bucin mamah agnes 😮,bang windah bucin mamah agnes,bang windah bucin mamah agnes,bang windah bucin mamah agnes,bang windah bucin mamah agnes,Bang Windah bucin Mamah Agnes
"Ingat ,game itu tidak memandang gender 😊❤
Siapapun boleh memainkan nya 
Baik laki laki maupun perempuan
Selama game itu bisa menghibur",ingat game itu tidak memandang gender siapapun boleh memainkan nya baik laki laki maupun perempuan selama game itu bisa menghibur,ingat game itu tidak memandang gender siapapun boleh memainkan nya baik laki laki maupun perempuan selama game itu bisa menghibur,game memandang gender memainkan nya laki laki perempuan game menghibur,game pandang gender main nya laki laki perempuan game hibur,"Game based on gender, played by men and women, entertaining game"
"Finally bg windah mainin game ini 🔥🔥
Maaf ya bang gabisa nonton kemaren ☹️",finally bg windah mainin game ini maaf ya bang gabisa nonton kemaren,finally bang windah mainin game ini maaf ya bang gabisa nonton kemaren,finally bang windah mainin game maaf ya bang gabisa nonton kemaren,finally bang windah mainin game maaf ya bang gabisa nonton kemaren,"Finally bro, Windah played the game, sorry bro, I couldn't watch it yesterday"
9:08,,,,,
kapan lagi coba bang windah full live stream cengar cengir salting ngahahahhaha,kapan lagi coba bang windah full live stream cengar cengir salting ngahahahhaha,kapan lagi coba bang windah full live stream cengar cengir salting ngahahahhaha,coba bang windah full live stream cengar cengir salting ngahahahhaha,coba bang windah full live stream cengar cengir salting ngahahahhaha,try bro windah full live stream grinning grinning salting ngahahahhaha
Anjay,anjay,anjay,anjay,anjay,anjay
seru banget pelis bang lanjut prat 2🥰☝️,seru banget pelis bang lanjut prat,seru banget pelis bang lanjut prat,seru banget pelis bang prat,seru banget pel bang prat,It's really fun mop bro prat
"Bang, acc semua dong requestnya di lads, pen temenan :((",bang acc semua dong requestnya di lads pen temenan,bang acc semua dong requestnya di lads pen temenan,bang acc requestnya lads pen temenan,bang acc requestnya lads pen temenan,"bro, please accept the request, lads pen friend"
THANKIEE BANGG WINDAAAHH🥹🥹🥹,thankiee bangg windaaahh,thankiee bangg windaaahh,thankiee bangg windaaahh,thankiee bangg windaaahh,"Thank you, proud Windaaahh"
"Kok ga dihujat lagi ini bg windah kmren"" rame bner smpe viral agak kocak emng",kok ga dihujat lagi ini bg windah kmren rame bner smpe viral agak kocak emng,kok ga dihujat lagi ini bang windah kmren rame bner smpe viral agak kocak emng,ga dihujat bang windah kmren rame bner smpe viral kocak emng,ga hujat bang windah kmren rame bner smpe viral kocak emng,"Don't be blasphemous, bro, Windah, it's really popular, it's really viral, it's really funny"
51:42 mirip bgt bang,mirip bgt bang,mirip banget bang,banget bang,banget bang,really bro
"respect!!, seneng bangeett bang windah mainin gsme inii, aku udah nunggu banget dri kmarin2, trimakaasih bg windah udh ngasih fan-service buat kita yg cewee2 🙆🙆🙆💖💖💖💟",respect seneng bangeett bang windah mainin gsme inii aku udah nunggu banget dri kmarin trimakaasih bg windah udh ngasih fanservice buat kita yg cewee,respect seneng bangeett bang windah mainin gsme inii aku sudah nunggu banget dri kmarin trimakaasih bang windah udh ngasih fanservice buat kita yang cewee,respect seneng bangeett bang windah mainin gsme inii nunggu banget dri kmarin trimakaasih bang windah udh ngasih fanservice cewee,respect neng bangeett bang windah mainin gsme ini nunggu banget dri kmarin trimakaasih bang windah udh ngasih fanservice cewee,"Very respectful bro, Windah, I've been waiting for this gsme since yesterday. Thank you, bro, Windah for giving me fanservice, girl."
EE,ee,ee,ee,ee,ee
baru uninstall jadi pengen install lagi hhhhhhhhh,baru uninstall jadi pengen install lagi hhhhhhhhh,baru uninstall jadi pengen install lagi hhhhhhhhh,uninstall pengen install hhhhhhhhh,uninstall ken install hhhhhhhhh,uninstall ken install hhhhhhhhh
Maxnya add teman 120 doang😅,maxnya add teman doang,maxnya add teman doang,maxnya add teman doang,maxnya add teman doang,The max is just adding friends
"@Yingtze02  anjir lah w telat bgt, w ga tau klo doi ada buka profile krmn zzzz",yingtze anjir lah w telat bgt w ga tau klo doi ada buka profile krmn zzzz,yingtze anjir lah w telat banget w ga tau klo doi ada buka profile krmn zzzz,yingtze anjir w telat banget w ga tau klo doi buka profile krmn zzzz,yingtze anjir w telat banget w ga tau klo doi buka profile krmn zzzz,yingtze anjir w really late w don't know if he opened his profile because zzzz
Gokil!! Seru banget!!!! Perjuangan bgt nnton ini yak bang? Thank youuu,gokil seru banget perjuangan bgt nnton ini yak bang thank youuu,gokil seru banget perjuangan banget nnton ini yak bang thank youuu,gokil seru banget perjuangan banget nnton yak bang thank youuu,gokil seru banget juang banget nnton yak bang thank youuu,"It's crazy, it's really fun, it's really fun to watch, bro, thank youuu"
makasih bang udah mainin game ini sampe rela spend duit jutaan 💗💗💗,makasih bang udah mainin game ini sampe rela spend duit jutaan,makasih bang sudah mainin game ini sampe rela spend duit jutaan,makasih bang mainin game sampe rela spend duit jutaan,makasih bang mainin game sampe rela spend duit juta,"Thanks bro, played the game until I was willing to spend millions"
"ini game aslinya bagus dari alur cerita story dan gameplay pantes bisa jadi top 1,dan untuk yg hina lu itu ga banget deh",ini game aslinya bagus dari alur cerita story dan gameplay pantes bisa jadi top dan untuk yg hina lu itu ga banget deh,ini game aslinya bagus dari alur cerita story dan gameplay pantes bisa jadi top dan untuk yang hina lu itu ga banget deh,game aslinya bagus alur cerita story gameplay pantes top hina lu ga banget deh,game asli bagus alur cerita story gameplay pantes top hina lu ga banget deh,"original game, good storyline, story gameplay, no wonder it's top not bad, isn't it?"
"kocak banget bang windah terus terusan bilang sylus sok keren, sylus bad boy, dll tapi lucunya tiap bagian sylus reflek screenshot mulu sampe dibeliin baju cuma buat foto 😭

kerennn! 👏🏼👏🏼 thank you bang udah mainin game ini, sebagai sylus dan zayne girlie aku seneng banget!! aku tonton sampe abis 🤩 ditunggu part 2 ya bang unlock storynya caleb ❤❤",kocak banget bang windah terus terusan bilang sylus sok keren sylus bad boy dll tapi lucunya tiap bagian sylus reflek screenshot mulu sampe dibeliin baju cuma buat foto kerennn thank you bang udah mainin game ini sebagai sylus dan zayne girlie aku seneng banget aku tonton sampe abis ditunggu part ya bang unlock storynya caleb,kocak banget bang windah terus terusan bilang sylus sok keren sylus bad boy dll tapi lucunya tiap bagian sylus reflek screenshot mulu sampe dibeliin baju cuma buat foto kerennn thank you bang sudah mainin game ini sebagai sylus dan zayne girlie aku seneng banget aku tonton sampe abis ditunggu part ya bang unlock storynya caleb,kocak banget bang windah terusan bilang sylus sok keren sylus bad boy dll lucunya sylus reflek screenshot mulu sampe dibeliin baju foto kerennn thank you bang mainin game sylus zayne girlie seneng banget tonton sampe abis ditunggu part ya bang unlock storynya caleb,kocak banget bang windah terus bilang sylus sok keren sylus bad boy dll lucu sylus reflek screenshot mulu sampe dibeliin baju foto kerennn thank you bang mainin game sylus zayne girlie neng banget tonton sampe abis tunggu part ya bang unlock storynya caleb,"It's really funny, bro, Windah keeps saying that Sylus is cool, Sylus is a bad boy, etc. It's funny, Sylus reflexes screenshots, he even buys clothes, cool photos, thank you, bro, playing the game, Sylus, Zayne, Girlie, really watch it until the end, wait for the part, bro, unlock Caleb's story"
Tamatin bang,tamatin bang,tamatin bang,tamatin bang,tamatin bang,finish bro
i love u so much bang windahhh karena sudah main game ini ❤❤🎉🎉,i love u so much bang windahhh karena sudah main game ini,i love u so much bang windahhh karena sudah main game ini,i love u so much bang windahhh main game,i love u so much bang windahhh main game,i love you so much bro windahhh playing games
bg windah aku cewek aku setuju kmu lanjut review caleb bg,bg windah aku cewek aku setuju kmu lanjut review caleb bg,bang windah aku cewek aku setuju kmu lanjut review caleb bang,bang windah cewek setuju kmu review caleb bang,bang windah cewek tuju kmu review caleb bang,"Bro, Windah, girl, go to you to review Caleb, bro"
bang main cisini story banj,bang main cisini story banj,bang main cisini story banj,bang main cisini story banj,bang main cisini story banj,"bro, play cisini story banj"
ngakak lihat viewers cowo pada emot marah :face-red-droopy-eyes::face-blue-smiling: anyway tamatin love and deepspace bg,ngakak lihat viewers cowo pada emot marah facereddroopyeyesfacebluesmiling anyway tamatin love and deepspace bg,ngakak lihat viewers cowo pada emot marah facereddroopyeyesfacebluesmiling anyway tamatin love and deepspace bang,ngakak lihat viewers cowo emot marah facereddroopyeyesfacebluesmiling anyway tamatin love and deepspace bang,ngakak lihat viewers cowo emot marah facereddroopyeyesfacebluesmiling anyway tamatin love and deepspace bang,"I'm laughing when I see the viewers, the guy is emoting and angry, facereddroopyeyesfacebluesmiling, anyway, finish love and deepspace, bro"
"7:03 halah, pura-pura gatau aja 🌚",halah purapura gatau aja,halah purapura gatau saja,halah purapura gatau,halah purapura gatau,Please pretend you don't know
Bang masih banyak fitur yang kamu belom coba di game iniii 😂 tapi takut kaget viewers dengan fitur-fiturnyaaa,bang masih banyak fitur yang kamu belom coba di game iniii tapi takut kaget viewers dengan fiturfiturnyaaa,bang masih banyak fitur yang kamu belom coba di game ini tapi takut kaget viewers dengan fiturfiturnyaaa,bang fitur belom coba game takut kaget viewers fiturfiturnyaaa,bang fitur bom coba game takut kaget viewers fiturfiturnyaaa,"bro, bomb feature, try the game, you're afraid the viewers will be surprised by the features"
Thank you brother windah❤,thank you brother windah,thank you brother windah,thank you brother windah,thank you brother windah,thank you brother windah
Bang windah lanjutin  homicipher dong,bang windah lanjutin homicipher dong,bang windah lanjutin homicipher dong,bang windah lanjutin homicipher,bang windah lanjutin homicipher,"Bro, Windah, continue homicipher"
YAYYY AKHIRNYA POST JUGAAA,yayyy akhirnya post jugaaa,yayyy akhirnya post jugaaa,yayyy post jugaaa,yayyy post jugaaa,yayyy post too
"awal ngira nih game mirip nikke karena sama' potrait mode dgn gameplay turn base gitu,ternyata hack n slash kek PGR jir",awal ngira nih game mirip nikke karena sama potrait mode dgn gameplay turn base gituternyata hack n slash kek pgr jir,awal ngira nih game mirip nikke karena sama potrait mode dgn gameplay turn base gituternyata hack n slash seperti pgr jir,ngira nih game nikke potrait mode dgn gameplay turn base gituternyata hack n slash pgr jir,ngira nih game nikke potrait mode dgn gameplay turn base gituternyata hack n slash pgr jir,I think this is a Nikke Portrait mode game with turn base gameplay that turns out to be hack n slash PGR JIR
CYLUSSS🥺🥺💋,cylusss,cylusss,cylusss,cylusss,cylusss
"Dari sekian banyaknya cowo ganteng di game, tetep yang paling ganteng cowo yang di kanan bawah 😚",dari sekian banyaknya cowo ganteng di game tetep yang paling ganteng cowo yang di kanan bawah,dari sekian banyaknya cowo ganteng di game tetep yang paling ganteng cowo yang di kanan bawah,sekian banyaknya cowo ganteng game tetep ganteng cowo kanan,sekian banyak cowo ganteng game tetep ganteng cowo kanan,many handsome guys in games are still handsome guys
Bang coba main captivity,bang coba main captivity,bang coba main captivity,bang coba main captivity,bang coba main captivity,"bro, try playing captivity"
"Anjay trending 5, pasti trend 1 sih. Gg bg, gw bangga sama lu❤

Dan sesuai dugaan gw, lu akhirnya dapatin ucapan thanks dari orang2 yang sebelumnya kayaknya ngehujat lu",anjay trending pasti trend sih gg bg gw bangga sama lu dan sesuai dugaan gw lu akhirnya dapatin ucapan thanks dari orang yang sebelumnya kayaknya ngehujat lu,anjay trending pasti trend sih gg bang gw bangga sama lu dan sesuai dugaan gw lu akhirnya dapatin ucapan thanks dari orang yang sebelumnya kayaknya ngehujat lu,anjay trending trend sih gg bang gw bangga lu sesuai dugaan gw lu dapatin ucapan thanks orang kayaknya ngehujat lu,anjay trending trend sih gg bang gw bangga lu sesuai duga gw lu dapatin ucap thanks orang kayak ngehujat lu,"Anjay is trending, bro, I'm proud of you, as I expected, you get thanks, people like blaspheming you."
Anjass dimaenin juga,anjass dimaenin juga,anjass dimaenin juga,anjass dimaenin,anjass dimaenin,Anjass played
Bg windah ga beliin baju sylus 😭 beliin handuk doang,bg windah ga beliin baju sylus beliin handuk doang,bang windah ga beliin baju sylus beliin handuk doang,bang windah ga beliin baju sylus beliin handuk doang,bang windah ga beliin baju sylus beliin handuk doang,"Bro, Windah didn't buy clothes, Sylus just bought a towel"
​ @iezxsooizumi5256  oh iya salah wkwk maaf maksudnya handuk 😭,iezxsooizumi oh iya salah wkwk maaf maksudnya handuk,iezxsooizumi oh iya salah tertawa maaf maksudnya handuk,iezxsooizumi oh iya salah tertawa maaf maksudnya handuk,iezxsooizumi oh iya salah tertawa maaf maksud handuk,iezxsooizumi oh yeah wrong laugh sorry I meant towel
jujur gw nonton bang windah main ni game ngakak mulu awokawok 😂,jujur gw nonton bang windah main ni game ngakak mulu awokawok,jujur gw nonton bang windah main ni game ngakak mulu awokawok,jujur gw nonton bang windah main ni game ngakak mulu awokawok,jujur gw nonton bang windah main ni game ngakak mulu awokawok,"To be honest, when I watched Bro Windah play this game, I didn't laugh out loud"
emng fitur apa aja ka??,emng fitur apa aja ka,emng fitur apa saja ka,emng fitur ka,emng fitur ka,That's your feature
"Makasih bang udah mainin, walopun sempet kena gorengan dan pas main kemarin ngecrash sampe ngulang lagi dan kena serangan deja vu tapi tetep main dengan enjoy. Respect 🫡",makasih bang udah mainin walopun sempet kena gorengan dan pas main kemarin ngecrash sampe ngulang lagi dan kena serangan deja vu tapi tetep main dengan enjoy respect,makasih bang sudah mainin walopun sempet kena gorengan dan pas main kemarin ngecrash sampe mengulang lagi dan kena serangan deja vu tapi tetep main dengan enjoy respect,makasih bang mainin walopun sempet kena gorengan pas main kemarin ngecrash sampe mengulang kena serangan deja vu tetep main enjoy respect,makasih bang mainin walopun sempet kena goreng pas main kemarin ngecrash sampe ulang kena serang deja vu tetep main enjoy respect,"Thanks bro for playing, even though I got fried when I played yesterday it crashed until I got deja vu again, still playing, enjoy respect"
MAKASII BANGG UDAHH MAIN GAME INI❤,makasii bangg udahh main game ini,makasii bangg udahh main game ini,makasii bangg udahh main game,makasii bangg udahh main game,Thank you so much for playing the game
"Bang mainin game magic pocket pet, seru tentang adu pokemon",bang mainin game magic pocket pet seru tentang adu pokemon,bang mainin game magic pocket pet seru tentang adu pokemon,bang mainin game magic pocket pet seru adu pokemon,bang mainin game magic pocket pet seru adu pokemon,"Bro, play the fun Magic Pocket Pet game to fight Pokemon"
Bg boleh request main game MASS 3d gak,bg boleh request main game mass d gak,bang boleh request main game mass d gak,bang request main game mass d gak,bang request main game mass d gak,"bro, request to play mass games or not"
MAKASIHH BANG WINDAH ILEYEE,makasihh bang windah ileyee,makasihh bang windah ileyee,makasihh bang windah ileyee,makasihh bang windah ileyee,Thank you bro Windah Ileyee
sylus i lop u ❤,sylus i lop u,sylus i lop u,sylus i lop u,sylus i lop u,sylus i lop u
bang windows harusnya pake wig sukuse kemarin pas main LADS biar gantengnya gak salah saing sama karakter in gamenya,bang windows harusnya pake wig sukuse kemarin pas main lads biar gantengnya gak salah saing sama karakter in gamenya,bang windows harusnya pake wig sukuse kemarin pas main lads biar gantengnya gak salah saing sama karakter in gamenya,bang windows pake wig sukuse kemarin pas main lads biar gantengnya gak salah saing karakter in gamenya,bang windows pake wig sukuse kemarin pas main lads biar ganteng gak salah saing karakter in gamenya,"Bro, Windows wore a Sukuse wig yesterday when playing Lads so that he wouldn't be handsome compared to the character in the game"
Sedih bgt ketinggalan live grgr ketiduran😔😔,sedih bgt ketinggalan live grgr ketiduran,sedih banget ketinggalan live grgr ketiduran,sedih banget ketinggalan live grgr ketiduran,sedih banget tinggal live grgr tidur,it's really sad to live live grgr sleep
dikomen keluar semua ciwi² asrama bang windah bjir🗿,dikomen keluar semua ciwi asrama bang windah bjir,dikomen keluar semua ciwi asrama bang windah bjir,dikomen ciwi asrama bang windah bjir,dikomen ciwi asrama bang windah bjir,commented by Bang Windah Bjir's dormitory student
"Anjay udh ga nge crash lagi nih? Smpe baju Xavier jdi pelangi,IM proud of ur computer 😊",anjay udh ga nge crash lagi nih smpe baju xavier jdi pelangiim proud of ur computer,anjay udh ga nge crash lagi nih smpe baju xavier jdi pelangiim proud of ur computer,anjay udh ga nge crash nih smpe baju xavier jdi pelangiim proud of ur computer,anjay udh ga nge crash nih smpe baju xavier jdi pelangiim proud of ur computer,Anjay doesn't crash anymore until Xavier's clothes become rainbowim proud of ur computer
1:11:11,,,,,
Papa brandooo 🩷🩷🩷🩷🩷🩷🩷🩷,papa brandooo,papa brandooo,papa brandooo,papa brandooo,papa brandoo
MAKASIH BANG WINDAHHH:face-purple-crying::face-purple-crying::face-purple-crying:,makasih bang windahhhfacepurplecryingfacepurplecryingfacepurplecrying,makasih bang windahhhfacepurplecryingfacepurplecryingfacepurplecrying,makasih bang windahhhfacepurplecryingfacepurplecryingfacepurplecrying,makasih bang windahhhfacepurplecryingfacepurplecryingfacepurplecrying,thank you bro windahhhfacepurplecryingfacepurplecryingfacepurplecrying
Windah slayer tidak bisa berkata kata,windah slayer tidak bisa berkata kata,windah slayer tidak bisa berkata kata,windah slayer,windah slayer,windah slayer
MAKASIHH BANGG WINDAHHH😢😢❤❤,makasihh bangg windahhh,makasihh bangg windahhh,makasihh bangg windahhh,makasihh bangg windahhh,"Thank you very much, Windahhh"
WE LOVE WE RESPECT BANG WINDAHHH,we love we respect bang windahhh,we love we respect bang windahhh,we love we respect bang windahhh,we love we respect bang windahhh,we love we respect bro windahhh
Bang main crazy ones,bang main crazy ones,bang main crazy ones,bang main crazy ones,bang main crazy ones,"bro, play crazy ones"
"Makasi ya bang windahh, seru banget banggggg. Aku udah nunggu-nungguin banget dari kemarennn. Kalau boleh main lagi dong kapan-kapannn 😊😊😊",makasi ya bang windahh seru banget banggggg aku udah nunggunungguin banget dari kemarennn kalau boleh main lagi dong kapankapannn,makasi ya bang windahh seru banget banggggg aku sudah nunggunungguin banget dari kemarennn kalau boleh main lagi dong kapankapannn,makasi ya bang windahh seru banget banggggg nunggunungguin banget kemarennn main kapankapannn,makas ya bang windahh seru banget banggggg nunggunungguin banget kemarennn main kapankapannn,"Thanks bro, Windahh, it's really exciting, I'm really looking forward to playing it sometime"
"MAKASIH BANG WINDAH UDAH MAU MAININ GAME INI, LOP YU BANG WINDAHH❤❤",makasih bang windah udah mau mainin game ini lop yu bang windahh,makasih bang windah sudah mau mainin game ini lop yu bang windahh,makasih bang windah mainin game lop yu bang windahh,makasih bang windah mainin game lop yu bang windahh,"Thank you bro, Windah, let's play the game, bro, Windah"
LAWAK BANG WINDAH MAIN GAME BOKEFF,lawak bang windah main game bokeff,lawak bang windah main game bokeff,lawak bang windah main game bokeff,lawak bang windah main game bokeff,Bang Windah's comedy is playing the Bokeff game
"pikiran org tll. minimal nonton dlu smpe akhir, jgn fomo, asal ngomong doang kga nyari tau tu game tntng ap. sdm rndah.",pikiran org tll minimal nonton dlu smpe akhir jgn fomo asal ngomong doang kga nyari tau tu game tntng ap sdm rndah,pikiran org tll minimal nonton dlu smpe akhir jgn fomo asal ngomong doang kga nyari tau tu game tntng ap sdm rndah,pikiran org tll minimal nonton dlu smpe jgn fomo ngomong doang kga nyari tau tu game tntng ap sdm rndah,pikir org tll minimal nonton dlu smpe jgn fomo ngomong doang kga nyari tau tu game tntng ap sdm rndah,"I think people should at least watch it first, don't just talk about it, don't look for it, it's a game about low HR"
@Sxyza_  omaga diblg sdm rendah sma penyepong pylus garuda,sxyza omaga diblg sdm rendah sma penyepong pylus garuda,sxyza omaga diblg sdm rendah sma penyepong pylus garuda,sxyza omaga diblg sdm rendah sma penyepong pylus garuda,sxyza omaga diblg sdm rendah sma penyepong pylus garuda,sxyza omaga is called low level high school sma pylus garuda
Bit karbit,bit karbit,bit karbit,bit karbit,bit karbit,carbide bits
@RegiiiBadut  game bkp di mainin lawak,regiiibadut game bkp di mainin lawak,regiiibadut game bkp di mainin lawak,regiiibadut game bkp mainin lawak,regiiibadut game bkp mainin lawak,regiiibadut game bkp plays jokes
Bocil fomo jir😂,bocil fomo jir,bocil fomo jir,bocil fomo jir,bocil fomo jir,stupid fomo sir
@lightphocnix  ngpain nyari tau game bokef gni?,lightphocnix ngpain nyari tau game bokef gni,lightphocnix ngpain nyari tau game bokef gni,lightphocnix ngpain nyari tau game bokef gni,lightphocnix ngpain nyari tau game bokef gni,lightphocnix is ​​trying to find out about this bokef game
Oon,oon,bodoh,bodoh,bodoh,stupid
@saphiraabelia6297  lawak dek game penghibur di mainin mending main epep,saphiraabelia lawak dek game penghibur di mainin mending main epep,saphiraabelia lawak dek game penghibur di mainin mending main epep,saphiraabelia lawak dek game penghibur mainin mending main epep,saphiraabelia lawak dek game hibur mainin mending main epep,"saphiraabelia comedy game deck is entertaining to play, it's better to play Epep"
Gajelas coy wkk,gajelas coy wkk,gajelas coy wkk,gajelas coy wkk,gajelas coy wkk,"It's not clear, bro"
@trullycan  emg gjls game birahi,trullycan emg gjls game birahi,trullycan emg gjls game birahi,trullycan emg gjls game birahi,trullycan emg gjls game birah,trullycan emg gjls game lust
Si suki datang 😂😂😂,si suki datang,si suki datang,si suki,si suki,Suki
"emg dri dulu banyak kan bang windah main game ngarah bokef termasuk cwek"" sexy. Sama aja kan? sono di video bang windah yg lain jg hujat gamenya, jgn cuma ini doang, kalo mnurut lu ini doang yg game bokef itu standar ganda awkoawkoawkowako",emg dri dulu banyak kan bang windah main game ngarah bokef termasuk cwek sexy sama aja kan sono di video bang windah yg lain jg hujat gamenya jgn cuma ini doang kalo mnurut lu ini doang yg game bokef itu standar ganda awkoawkoawkowako,emg dri dulu banyak kan bang windah main game ngarah bokef termasuk cwek sexy sama saja kan sono di video bang windah yang lain juga hujat gamenya jgn cuma ini doang kalo mnurut lu ini doang yang game bokef itu standar ganda awkoawkoawkowako,emg dri bang windah main game ngarah bokef cwek sexy sono video bang windah hujat gamenya jgn doang kalo mnurut lu doang game bokef standar ganda awkoawkoawkowako,emg dri bang windah main game ngarah bokef cwek sexy sono video bang windah hujat gamenya jgn doang kalo mnurut lu doang game bokef standar ganda awkoawkoawkowako,"indeed from Bang Windah, playing the game of directing the bokef of sexy girls, Sono video, Bang Windah, blaspheme the game, don't do it if you think it's just a double standard bokef game, awkoawkoawkowako"
daripada lo lihat cewek seksi,daripada lo lihat cewek seksi,daripada lo lihat cewek seksi,lo lihat cewek seksi,lo lihat cewek seksi,you see a sexy girl
Standar ganda njis,standar ganda njis,standar ganda njis,standar ganda njis,standar ganda njis,unclean double standards
@ashiPrisilia  standar ganda apanya tim ytm?,ashiprisilia standar ganda apanya tim ytm,ashiprisilia standar ganda apanya tim ytm,ashiprisilia standar ganda apanya tim ytm,ashiprisilia standar ganda apa tim ytm,ashiprisilia double standards what ytm team
GG bang aku bocil Sylus,gg bang aku bocil sylus,gg bang aku bocil sylus,gg bang bocil sylus,gg bang bocil sylus,gg bang bocil sylus
KERENN BANGG,kerenn bangg,kerenn bangg,kerenn bangg,kerenn bangg,"cool, proud"
yeayyy di tunggu story caleb nyaa,yeayyy di tunggu story caleb nyaa,yeayyy di tunggu story caleb nyaa,yeayyy tunggu story caleb nyaa,yeayyy tunggu story caleb nyaa,"Yeayyy, wait for Caleb's story"
makasii bang udah maininn game inii  apalagii komen nya adem ayemm😭,makasii bang udah maininn game inii apalagii komen nya adem ayemm,makasii bang sudah maininn game inii apalagii komen nya adem ayemm,makasii bang maininn game inii apalagii komen nya adem ayemm,makasii bang maininn game ini apalagi komen nya adem ayemm,Thanks bro for playing this game especially for the cool and cool comments
bang tamatin karena banyak youtuber cewek untuk liat cowok aja nggak di tamatin,bang tamatin karena banyak youtuber cewek untuk liat cowok aja nggak di tamatin,bang tamatin karena banyak youtuber cewek untuk liat cowok saja nggak di tamatin,bang tamatin youtuber cewek liat cowok nggak tamatin,bang tamatin youtuber cewek liat cowok nggak tamatin,"Bro, the female YouTuber finished watching the guy not finish"
Finally wkwkwk🎉🎉,finally wkwkwk,finally tertawa,finally tertawa,finally tertawa,finally laughed
Bang stream dinasty warrior ga,bang stream dinasty warrior ga,bang stream dinasty warrior ga,bang stream dinasty warrior ga,bang stream dinasty warrior ga,bang stream dynasty warrior ga
"makasih kak wi dah dh main ini game, ku jarang liat cowo gamer main game dating sim. selalu ditunggu update nya kak🥰🥰🥰😊😄",makasih kak wi dah dh main ini game ku jarang liat cowo gamer main game dating sim selalu ditunggu update nya kak,makasih kak wi dah dh main ini game ku jarang liat cowo gamer main game dating sim selalu ditunggu update nya kak,makasih kak wi dah dh main game ku jarang liat cowo gamer main game dating sim ditunggu update nya kak,makasih kak wi dah dh main game ku jarang liat cowo gamer main game dating sim tunggu update nya kak,"Thank you sis, I've been playing games, I rarely see male gamers playing dating sim games, wait for the update, bro"
makasih bang udh mainin game nya ❤,makasih bang udh mainin game nya,makasih bang udh mainin game nya,makasih bang udh mainin game nya,makasih bang udh mainin game nya,Thank you bro for playing the game
MAKASIH BANG UDAH MAININ GAME INI DISAAT DEVICE KU TDK MENDUKUNG UNTUK MAIN LADS 🤠👊🏻 BANG WINDAH THE BEST! 🥰,makasih bang udah mainin game ini disaat device ku tdk mendukung untuk main lads bang windah the best,makasih bang sudah mainin game ini disaat device ku tidak mendukung untuk main lads bang windah the best,makasih bang mainin game disaat device ku mendukung main lads bang windah the best,makasih bang mainin game saat device ku dukung main lads bang windah the best,Thank you bro for playing the game when my device supports playing lads bro Windah the best
Ty bang btw hiraukan aja yg lain bangg,ty bang btw hiraukan aja yg lain bangg,ty bang by the way hiraukan saja yang lain bangg,ty bang by the way hiraukan bangg,ty bang by the way hirau bangg,ty bro by the way ignore bro
Woy windah cabul,woy windah cabul,woy windah cabul,woy windah cabul,woy windah cabul,Wow Windah pervert
WAAAAA MAKAASIIH BANGWIN MAKASIH BANYAKK JADI BISA TAU GIMANA MAIN NYAA☺️🙏🏻buat kalian yang ga suka pliis jangan ngjudge bangwin yaa dia cuma pengen ngreview. Karna bangwin..aku jadi bisa tau gimana pov nya klo aku lagi main game ini🤩,waaaaa makaasiih bangwin makasih banyakk jadi bisa tau gimana main nyaabuat kalian yang ga suka pliis jangan ngjudge bangwin yaa dia cuma pengen ngreview karna bangwinaku jadi bisa tau gimana pov nya klo aku lagi main game ini,waaaaa makaasiih bangwin makasih banyakk jadi bisa tau gimana main nyaabuat kalian yang ga suka pliis jangan ngjudge bangwin yaa dia cuma pengen ngreview karna bangwinaku jadi bisa tau gimana pov nya klo aku lagi main game ini,waaaaa makaasiih bangwin makasih banyakk tau gimana main nyaabuat ga suka pliis ngjudge bangwin yaa pengen ngreview karna bangwinaku tau gimana pov nya klo main game,waaaaa makaasiih bangwin makasih banyakk tau gimana main nyaabuat ga suka pliis ngjudge bangwin yaa ken ngreview karna bangwinaku tau gimana pov nya klo main game,"Waaaaa thanks Bangwin thanks a lot, I know how to play, so I don't like it, please judge, Bangwin, I'm welcome to review because Bangwin, I know how the POV is when playing the game"
bang hati hati ini adalah game untuk gooner kematian,bang hati hati ini adalah game untuk gooner kematian,bang hati hati ini adalah game untuk gooner kematian,bang hati hati game gooner kematian,bang hati hati game gooner mati,"Bro, be careful, the Gooner game is dead"
Bang Mainin Juga tuh Crazy ones biar Para Fans Cowok gak Iri.,bang mainin juga tuh crazy ones biar para fans cowok gak iri,bang mainin juga tuh crazy ones biar para fans cowok gak iri,bang mainin tuh crazy ones biar fans cowok gak iri,bang mainin tuh crazy ones biar fans cowok gak iri,"Bro, play crazy ones so the male fans don't get jealous"
lovyu bangwin❤,lovyu bangwin,lovyu bangwin,lovyu bangwin,lovyu bangwin,lovyu bangwin
"respect bangg, next lanjutin lagi bang, bukaa ending epik lainnyaa yaa❤️❤️",respect bangg next lanjutin lagi bang bukaa ending epik lainnyaa yaa,respect bangg next lanjutin lagi bang bukaa ending epik lainnyaa yaa,respect bangg next lanjutin bang bukaa ending epik lainnyaa yaa,respect bangg next lanjutin bang bukaa ending epik lainnyaa yaa,"Respect bro, keep going next bro, open another epic ending"
Nih game buat halunya cewe😅,nih game buat halunya cewe,nih game buat halunya cewe,nih game halunya cewe,nih game halunya cewe,This is a cool game for girls
alasan suka nnton bang windah main game adalah aku gak bisa main gamenya T.T jadi main game apapun pasti aku sneneg liatnya,alasan suka nnton bang windah main game adalah aku gak bisa main gamenya tt jadi main game apapun pasti aku sneneg liatnya,alasan suka nnton bang windah main game adalah aku gak bisa main gamenya tt jadi main game apapun pasti aku sneneg liatnya,alasan suka nnton bang windah main game gak main gamenya tt main game apapun sneneg liatnya,alas suka nnton bang windah main game gak main gamenya tt main game apa sneneg liat,"Alas, he likes watching, bro, Windah plays games, doesn't he play games, what games do he play or do he watch them?"
MAKASIH BANGET YA BANG UDAH MAININ DAN MEREVIEW GAME LND❤,makasih banget ya bang udah mainin dan mereview game lnd,makasih banget ya bang sudah mainin dan mereview game lnd,makasih banget ya bang mainin mereview game lnd,makasih banget ya bang mainin mereview game lnd,"Thank you very much, bro, for playing the review of the LD game"
"tapi ada yg cper ka, coba scroll aja di komen terbaru, namanya Ramm_27, jujur ak kesel bgt sama dia, klo gmau bls komennya, minimal report aja ka🙏🏻",tapi ada yg cper ka coba scroll aja di komen terbaru namanya ramm jujur ak kesel bgt sama dia klo gmau bls komennya minimal report aja ka,tapi ada yang cper ka coba scroll saja di komen terbaru namanya ramm jujur ak kesel banget sama dia klo gmau bls komennya minimal report saja ka,cper ka coba scroll komen terbaru namanya ramm jujur ak kesel banget klo gmau bls komennya minimal report ka,cper ka coba scroll komen baru nama ramm jujur ak kesel banget klo gmau bls komennya minimal report ka,"cper, try scrolling for a new comment, name ramm, honestly, I'm really annoyed if you can't comment, at least report it, bro."
related bruh,related bruh,related bruh,related bruh,related bruh,related bro
sumpah kocak banget aku ketawa sepanjang live,sumpah kocak banget aku ketawa sepanjang live,sumpah kocak banget aku ketawa sepanjang live,sumpah kocak banget ketawa live,sumpah kocak banget ketawa live,I swear it's so funny laughing live
"YEAYYY, kereeeen bang, kocak banget wkwkwwkw, terima kasih udah mainin game ini ya bang! semangat terus, ditunggu part 2nya",yeayyy kereeeen bang kocak banget wkwkwwkw terima kasih udah mainin game ini ya bang semangat terus ditunggu part nya,yeayyy kereeeen bang kocak banget wkwkwwkw terima kasih sudah mainin game ini ya bang semangat terus ditunggu part nya,yeayyy kereeeen bang kocak banget wkwkwwkw terima kasih mainin game ya bang semangat ditunggu part nya,yeayyy kereeeen bang kocak banget wkwkwwkw terima kasih mainin game ya bang semangat tunggu part nya,yeayyy cool bro it's really funny hahaha thank you for playing the game bro excitedly waiting for the part
"bang, makasih terus main game. aku nonton semua video bang windah karena enjoy liat game nya",bang makasih terus main game aku nonton semua video bang windah karena enjoy liat game nya,bang makasih terus main game aku nonton semua video bang windah karena enjoy liat game nya,bang makasih main game nonton video bang windah enjoy liat game nya,bang makasih main game nonton video bang windah enjoy liat game nya,"bro, thanks for playing the game, watching the video, bro, Windah, enjoy watching the game"
kocak😭😭,kocak,kocak,kocak,kocak,hilarious
lovyu,lovyu,lovyu,lovyu,lovyu,lovyu
"makasi bangg, big respect 💗💗",makasi bangg big respect,makasi bangg big respect,makasi bangg big respect,makas bangg big respect,"thanks, big respect"
aw trending 4 aw,aw trending aw,aw trending aw,aw trending aw,aw trending aw,aw trending aw
2:41:07 tebak rafayel yang aseli,tebak rafayel yang aseli,tebak rafayel yang aseli,tebak rafayel aseli,tebak rafayel aseli,Rafayel guessed it was genuine
"hehe senengg bang windah mainin gamenyaa, makasii bang windahh",hehe senengg bang windah mainin gamenyaa makasii bang windahh,hehe senengg bang windah mainin gamenyaa makasii bang windahh,hehe senengg bang windah mainin gamenyaa makasii bang windahh,hehe senengg bang windah mainin gamenyaa makasii bang windahh,"hehe, I'm happy to play the game, thank you, bro, Windah"
anjayyy trending 2 untuk game,anjayyy trending untuk game,anjayyy trending untuk game,anjayyy trending game,anjayyy trending game,anjayyy trending game
Coba main sampe hunter contes ga sih,coba main sampe hunter contes ga sih,coba main sampe hunter contes ga sih,coba main sampe hunter contes ga sih,coba main sampe hunter contes ga sih,Try playing until the hunter contests
Itu game hp?,itu game hp,itu game hp,game hp,game hp,cellphone games
ANJIRRR BENERAN MAIN YESSSS ❤❤❤,anjirrr beneran main yessss,anjirrr beneran main yessss,anjirrr beneran main yessss,anjirrr beneran main yessss,anjirrr really playing yessss
Gat,gat,gat,gat,gat,gat
Benar benar sebanyak ini sih cewek yang komentar sampe sulit cari komentar cowok,benar benar sebanyak ini sih cewek yang komentar sampe sulit cari komentar cowok,benar benar sebanyak ini sih cewek yang komentar sampe sulit cari komentar cowok,sih cewek komentar sampe sulit cari komentar cowok,sih cewek komentar sampe sulit cari komentar cowok,It's hard for girls to comment so it's hard to find comments from guys
ZAYNE SUAMIKU BANG ❤,zayne suamiku bang,zayne suamiku bang,zayne suamiku bang,zayne suami bang,Zayne is your husband
🎉🎉🎉🎉,,,,,
RESPECT!!!🥰,respect,respect,respect,respect,respect
bang mainin game endoparasite bang,bang mainin game endoparasite bang,bang mainin game endoparasite bang,bang mainin game endoparasite bang,bang mainin game endoparasite bang,"bro, play the endoparasite game bro"
Salting yee,salting yee,salting yee,salting yee,salting yee,salting yeah
"LOVEEE YOUUU POLL BANG WINDAAAH, AKU SAYANG KAMU BANGETTT!",loveee youuu poll bang windaaah aku sayang kamu bangettt,loveee youuu poll bang windaaah aku sayang kamu bangettt,loveee youuu poll bang windaaah sayang bangettt,loveee youuu poll bang windaaah sayang bangettt,loveee youuu poll bro windaah really love you
Aduhai,aduhai,aduhai,aduhai,aduhai,oh my
"lanjutinn bangg, aku kepo storynyaa",lanjutinn bangg aku kepo storynyaa,lanjutinn bangg aku kepo storynyaa,lanjutinn bangg kepo storynyaa,lanjutinn bangg kepo storynyaa,"Continue, I'm proud of the story"
AKHIRNYAAAAAA,akhirnyaaaaaa,akhirnyaaaaaa,akhirnyaaaaaa,akhirnyaaaaaa,finally
Vibes donghua,vibes donghua,vibes donghua,vibes donghua,vibes donghua,vibes donghua
P,p,p,p,p,p
Makasih bang windahh❤❤❤,makasih bang windahh,makasih bang windahh,makasih bang windahh,makasih bang windahh,Thank you bro Windahh
"Bang windah cobain mode s
Strike Arena Efootball terbaru, itu seru bang 3vs3, ada event baru jugaa",bang windah cobain mode s strike arena efootball terbaru itu seru bang vs ada event baru jugaa,bang windah cobain mode s strike arena efootball terbaru itu seru bang vs ada event baru jugaa,bang windah cobain mode s strike arena efootball terbaru seru bang vs event jugaa,bang windah cobain mode s strike arena efootball baru seru bang vs event jugaa,"bro, try out the s strike mode, the new efootball arena is exciting, bro, vs event too"
Bro bor melupakan bang seret😢,bro bor melupakan bang seret,bro bor melupakan bang seret,bro bor melupakan bang seret,bro bor lupa bang seret,"bro, drill, bro, forget to drag"
Thank youu banggg udah mau maininnnn❤❤❤😢,thank youu banggg udah mau maininnnn,thank youu banggg sudah mau maininnnn,thank youu banggg maininnnn,thank youu banggg maininnnn,"thank you, proud to playinnnnn"
Game pasword bang wkwkwkwkkwk,game pasword bang wkwkwkwkkwk,game pasword bang wkwkwkwkkwk,game pasword bang wkwkwkwkkwk,game pasword bang wkwkwkwkkwk,game password bro hahaha
30:20,,,,,
TRENDING #2 BANG,trending bang,trending bang,trending bang,trending bang,trending bro
terimakasih bang windah ❤,terimakasih bang windah,terimakasih bang windah,terimakasih bang windah,terimakasih bang windah,thank you bro windah
Cobain crazy ones bang,cobain crazy ones bang,cobain crazy ones bang,cobain crazy ones bang,cobain crazy ones bang,try crazy ones bro
"YEAAYY, AKHIRNYA BANG WINDAHH MAINN. MAKASIII BANYAAKKK BANGG!! 😍😍😍😍",yeaayy akhirnya bang windahh mainn makasiii banyaakkk bangg,yeaayy akhirnya bang windahh mainn makasiii banyaakkk bangg,yeaayy bang windahh mainn makasiii banyaakkk bangg,yeaayy bang windahh mainn makasiii banyaakkk bangg,Yeaayy bro Windahh mainn thanks a lot bro
bang nanti main lagi ya seru banget bang :face-blue-smiling::face-blue-smiling:,bang nanti main lagi ya seru banget bang facebluesmilingfacebluesmiling,bang nanti main lagi ya seru banget bang facebluesmilingfacebluesmiling,bang main ya seru banget bang facebluesmilingfacebluesmiling,bang main ya seru banget bang facebluesmilingfacebluesmiling,"bro, it's really fun to play, bro, facebluesmilingfacebluesmiling"
Itu yg hate komen ada masalah apa?😹 Kalah saing kah sama karakter2 nya🤣,itu yg hate komen ada masalah apa kalah saing kah sama karakter nya,itu yang hate komen ada masalah apa kalah saing kah sama karakter nya,hate komen kalah saing kah karakter nya,hate komen kalah saing kah karakter nya,hate comments because the character is less competitive
bang kata cowokku si zayne makasii udah mainin game ini ^^,bang kata cowokku si zayne makasii udah mainin game ini,bang kata cowokku si zayne makasii sudah mainin game ini,bang cowokku si zayne makasii mainin game,bang cowok si zayne makasii mainin game,"Bro, Zayne, thanks for playing the game"
Yo,yo,yo,yo,yo,yo
😂,,,,,
insinyur tuh kak wkwkwk,insinyur tuh kak wkwkwk,insinyur tuh kak tertawa,insinyur tuh kak tertawa,insinyur tuh kak tertawa,The engineer laughed
Bang lanjutin fc mobile dong karna ada update toty plss,bang lanjutin fc mobile dong karna ada update toty plss,bang lanjutin fc mobile dong karna ada update toty plss,bang lanjutin fc mobile karna update toty plss,bang lanjutin fc mobile karna update toty plss,"bro, continue with FC Mobile because there are updates pls"
AKHIRRNYAAAAAAAAAAA,akhirrnyaaaaaaaaaaa,akhirrnyaaaaaaaaaaa,akhirrnyaaaaaaaaaaa,akhirrnyaaaaaaaaaaa,finally
Semua Li ❤,semua li,semua li,li,li,Li
❤❤❤❤❤,,,,,
Jir lah yg chat cew semua😂😂,jir lah yg chat cew semua,jir lah yang chat cew semua,jir chat cew,jir chat cew,chat girl
"Makasih, bang. Lu adem+positif banget. Tanpa game ini (pribadi), rasanya hampa, bang. Karakter² di game ini ngebuat saya merasa diperhatikan banget.",makasih bang lu adempositif banget tanpa game ini pribadi rasanya hampa bang karakter di game ini ngebuat saya merasa diperhatikan banget,makasih bang lu adempositif banget tanpa game ini pribadi rasanya hampa bang karakter di game ini ngebuat saya merasa diperhatikan banget,makasih bang lu adempositif banget game pribadi hampa bang karakter game ngebuat diperhatikan banget,makasih bang lu adempositif banget game pribadi hampa bang karakter game ngebuat perhati banget,"Thank you bro, you are really positive, your personal game is empty bro, the game characters really make you pay attention"
"MAKASIH BANG WIND, LOPE SEKEBON❤❤❤❤❤❤❤❤❤❤❤❤❤❤",makasih bang wind lope sekebon,makasih bang wind lope sekebon,makasih bang wind lope sekebon,makasih bang wind lope kebon,"Thank you, Wind Lope Kebon"
BANG PLIS TERUSIN AKU MAU LIAT STORYNYA🥲😭,bang plis terusin aku mau liat storynya,bang tolong terusin aku mau liat storynya,bang tolong terusin liat storynya,bang tolong terusin liat storynya,"Bro, please continue watching the story"
Bukannya cancel ya bang? Oiya kan cuan,bukannya cancel ya bang oiya kan cuan,bukannya cancel ya bang oiya kan cuan,cancel ya bang oiya cuan,cancel ya bang oiya cuan,"Cancel it, bro, that's fine"
"kebanyakan yapping bang,tapi keren gamenya.",kebanyakan yapping bangtapi keren gamenya,kebanyakan yapping bangtapi keren gamenya,kebanyakan yapping bangtapi keren gamenya,banyak yapping bangtapi keren gamenya,"Lots of yapping, but the game is cool"
YEYYY🎉🎉🎉🎉,yeyyy,yeyyy,yeyyy,yeyyy,yeyyy
57:58 detik detik air terjun niagara,detik detik air terjun niagara,detik detik air terjun niagara,detik detik air terjun niagara,detik detik air terjun niagara,seconds seconds niagara falls
"bang lanjut, nanggung",bang lanjut nanggung,bang lanjut nanggung,bang nanggung,bang nanggung,bro bear it
Sus,sus,sus,sus,sus,sus
Bg main game fc mobile bg udah keluar event toty bg semuanya hebat2 bg playernya tolong bg,bg main game fc mobile bg udah keluar event toty bg semuanya hebat bg playernya tolong bg,bang main game fc mobile bang sudah keluar event toty bang semuanya hebat bang playernya tolong bang,bang main game fc mobile bang event toty bang hebat bang playernya tolong bang,bang main game fc mobile bang event toty bang hebat bang playernya tolong bang,"bro, playing the FC Mobile game, bro, toty event, bro, the players are great, bro"
gua ga suka saleb bg,gua ga suka saleb bg,gua ga suka saleb bang,gua ga suka saleb bang,gua ga suka saleb bang,"I don't like sales, bro"
"Bang aku sebagai lady boy, seneng liat abang main game ini. Karakter karakternya bikin basah🥵",bang aku sebagai lady boy seneng liat abang main game ini karakter karakternya bikin basah,bang aku sebagai lady boy seneng liat abang main game ini karakter karakternya bikin basah,bang lady boy seneng liat abang main game karakter karakternya bikin basah,bang lady boy neng liat abang main game karakter karakter bikin basah,"Bro, lady boy, seeing you play character games makes you wet"
"jgn samain bg, jefri ketampanan in real life, sylus ketampanan fantasi ciwi-ciwi pick me",jgn samain bg jefri ketampanan in real life sylus ketampanan fantasi ciwiciwi pick me,jgn samain bang jefri ketampanan in real life sylus ketampanan fantasi ciwiciwi pick me,jgn samain bang jefri ketampanan in real life sylus ketampanan fantasi ciwiciwi pick me,jgn samain bang jefri tampan in real life sylus tampan fantasi ciwiciwi pick me,"Don't be the same as Jefri, handsome in real life, handsome sylus fantasy Ciwiciwi pick me"
karakter muka muka cowok nya mirip dante & vergil devil my cry,karakter muka muka cowok nya mirip dante vergil devil my cry,karakter muka muka cowok nya mirip dante vergil devil my cry,karakter muka muka cowok nya dante vergil devil my cry,karakter muka muka cowok nya dante vergil devil my cry,The male character's face is Dante Vergil Devil My Cry
"Yang ngehujat game ini gk mikir pke otak yaa, padahal ada game yg sama ky gini versi ceweknya malah lebih parah
Respect buat respon bang windah 🫂",yang ngehujat game ini gk mikir pke otak yaa padahal ada game yg sama ky gini versi ceweknya malah lebih parah respect buat respon bang windah,yang ngehujat game ini gk mikir pke otak yaa padahal ada game yang sama ky gini versi ceweknya malah lebih parah respect buat respon bang windah,ngehujat game gk mikir pke otak yaa game ky gini versi ceweknya parah respect respon bang windah,ngehujat game gk mikir pke otak yaa game ky gin versi cewek parah respect respon bang windah,"Blaspheming the game without thinking with your brain, the girls version of the KY Gin game is serious. Respect Bang Windah's response"
Pls bang,pls bang,tolong bang,tolong bang,tolong bang,please bro
P,p,p,p,p,p
"kasian, touch some grass pls",kasian touch some grass pls,kasian touch some grass tolong,kasian touch some grass tolong,kasi touch some grass tolong,give me touch some grass please
​ @ffoairy  suka suka dia lah nega,ffoairy suka suka dia lah nega,ffoairy suka suka dia lah nega,ffoairy suka suka nega,ffoairy suka suka nega,ffoairy likes like nega
"​ @ffoairy  emg kenyataannya cowo skrg pd buruk , intropeksi diri aja bg",ffoairy emg kenyataannya cowo skrg pd buruk intropeksi diri aja bg,ffoairy emg kenyataannya cowo skrg pd buruk intropeksi diri saja bang,ffoairy emg kenyataannya cowo skrg pd buruk intropeksi bang,ffoairy emg nyata cowo skrg pd buruk intropeksi bang,"ffoairy, it's true that guys nowadays have bad introspection, bro"
Nolep,nolep,nolep,nolep,nolep,nope
"​ @anonyml9382 siap sipaling bodycount banyak, alias bispak😂",anonyml siap sipaling bodycount banyak alias bispak,anonyml siap sipaling bodycount banyak alias bispak,anonyml sipaling bodycount alias bispak,anonyml sipaling bodycount alias bispak,anonyml sipaling bodycount alias bispak
bgst bneran lady boy  = banc* ?,bgst bneran lady boy banc,bgst bneran lady boy banc,bgst bneran lady boy banc,bgst bneran lady boy banc,really really lady boy banc
@daffinzion  nggak bang bercanda,daffinzion nggak bang bercanda,daffinzion nggak bang bercanda,daffinzion nggak bang bercanda,daffinzion nggak bang canda,Daffinzion is not kidding
"bangke, kaget gua bacanya",bangke kaget gua bacanya,bangke kaget gua bacanya,bangke kaget gua bacanya,bangke kaget gua baca,I'm surprised I read it
pickme palalo,pickme palalo,pickme palalo,pickme palalo,pickme palalo,pickme palalo
Lu kali pick me😂,lu kali pick me,lu kali pick me,lu kali pick me,lu kali pick me,You'll pick me
serius bgt si syg,serius bgt si syg,serius banget si syg,serius banget si syg,serius banget si syg,"Very serious, darling"
Elu yg pick me suki,elu yg pick me suki,elu yang pick me suki,elu pick me suki,elu pick me suki,you pick me suki
Biasa yg kek gtu yaa nolep cabul awoakwok,biasa yg kek gtu yaa nolep cabul awoakwok,biasa yang seperti gtu yaa nolep cabul awoakwok,gtu yaa nolep cabul awoakwok,gtu yaa nolep cabul awoakwok,"That's it, no lep lewd awoakwok"
"Ga jg weh,ini viewernya minor smua msh di tahap puber 😭​ @arijumanjing7258 ",ga jg wehini viewernya minor smua msh di tahap puber arijumanjing,ga juga wehini viewernya minor smua msh di tahap puber arijumanjing,ga wehini viewernya minor smua msh tahap puber arijumanjing,ga wehini viewernya minor smua msh tahap puber arijumanjing,"No, the viewers are minor, all of them are still at the Arijumanjing puberty stage"
"wkwk,padahal bagus bgt game nya jir​ @arijumanjing7258 ",wkwkpadahal bagus bgt game nya jir arijumanjing,wkwkpadahal bagus banget game nya jir arijumanjing,wkwkpadahal bagus banget game nya jir arijumanjing,wkwkpadahal bagus banget game nya jir arijumanjing,"Wow, Jir Arijumanjing's game is really good"
Bang windah  kan cuma mau bikin penonton cewek nya seneng,bang windah kan cuma mau bikin penonton cewek nya seneng,bang windah kan cuma mau bikin penonton cewek nya seneng,bang windah bikin penonton cewek nya seneng,bang windah bikin tonton cewek nya neng,"Bro, Windah makes you watch the girls, bro"
"mana iya lagi, malah lebih parah yg onoh ga sih",mana iya lagi malah lebih parah yg onoh ga sih,mana iya lagi malah lebih parah yang onoh ga sih,iya parah onoh ga sih,iya parah onoh ga sih,"Yes, it's serious or not"
Winda uchiha telah keluar,winda uchiha telah keluar,winda uchiha telah keluar,winda uchiha,winda uchiha,Winda Uchiha
Nama gamenya apa buat yang versi ceweknya?,nama gamenya apa buat yang versi ceweknya,nama gamenya apa buat yang versi ceweknya,nama gamenya versi ceweknya,nama gamenya versi cewek,the name of the game is the girls version
Tau nih kek gak boleh banget cewek nafsu 😂,tau nih kek gak boleh banget cewek nafsu,tau nih seperti gak boleh banget cewek nafsu,tau nih gak banget cewek nafsu,tau nih gak banget cewek nafsu,"You know, girls are really lustful"
Nah iya. Mana ada character cewenya yg punya dada lbh gede dari kepalanya 😂,nah iya mana ada character cewenya yg punya dada lbh gede dari kepalanya,nah iya mana ada character cewenya yang punya dada lbh gede dari kepalanya,iya character cewenya dada lbh gede kepalanya,iya character cewenya dada lbh gede kepala,"Yes, the female character has bigger chest and head"
BIASANYA YANG NGEHUJAT ITU FANS METAL GEAR RISING REVENGEANCE YANG FANATIK DAN TOXIC!!!!!!!!!!!!!!! FANS METAL GEAR RISING REVENGEANCE KAN FANS TERTOXIC DAN TERFANATIK SEPANJANG SEJARAH MANUSIA!!!!!!!!!!!!!! 👿👿👿👿👿👿,biasanya yang ngehujat itu fans metal gear rising revengeance yang fanatik dan toxic fans metal gear rising revengeance kan fans tertoxic dan terfanatik sepanjang sejarah manusia,biasanya yang ngehujat itu fans metal gear rising revengeance yang fanatik dan toxic fans metal gear rising revengeance kan fans tertoxic dan terfanatik sepanjang sejarah manusia,ngehujat fans metal gear rising revengeance fanatik toxic fans metal gear rising revengeance fans tertoxic terfanatik sejarah manusia,ngehujat fans metal gear rising revengeance fanatik toxic fans metal gear rising revengeance fans tertoxic fanatik sejarah manusia,blaspheme fans of metal gear rising revengeance fanatical toxic fans metal gear rising revengeance fans tertoxic fanatics human history
"Ga ngehujat, fine fine ae bang windah main ginian, cuma ya agak kecewa kenapa bang windah gak ngajak mama agnes main nih game, no offense, chill",ga ngehujat fine fine ae bang windah main ginian cuma ya agak kecewa kenapa bang windah gak ngajak mama agnes main nih game no offense chill,ga ngehujat fine fine ae bang windah main ginian cuma ya agak kecewa kenapa bang windah gak ngajak mama agnes main nih game no offense chill,ga ngehujat fine fine ae bang windah main ginian ya kecewa bang windah gak ngajak mama agnes main nih game no offense chill,ga ngehujat fine fine ae bang windah main ginian ya kecewa bang windah gak ngajak mama agnes main nih game no offense chill,"Don't blaspheme, fine, fine, bro, Windah, playing like this, I'm disappointed, Bro, Windah, didn't invite Mama Agnes to play this game, no offense, chill"
emang punya? :face-blue-wide-eyes:,emang punya facebluewideeyes,emang punya facebluewideeyes,emang facebluewideeyes,emang facebluewideeyes,indeed facebluewideeyes
Gw pribadi ngehujat semua game fanservice lebay sih. Mau cewe atau cowo ✌️😁,gw pribadi ngehujat semua game fanservice lebay sih mau cewe atau cowo,gw pribadi ngehujat semua game fanservice lebay sih mau cewe atau cowo,gw pribadi ngehujat game fanservice lebay sih cewe cowo,gw pribadi ngehujat game fanservice lebay sih cewe cowo,"I personally despise games with too much fan service, guys"
Sebutin coba gamenya sini sebutin,sebutin coba gamenya sini sebutin,sebutin coba gamenya sini sebutin,sebutin coba gamenya sebutin,sebutin coba gamenya sebutin,"mention it, try the game, mention it"
​@Finallglory bro berusaha lupa dengan game five hearts under one roof🗿,finallglory bro berusaha lupa dengan game five hearts under one roof,finallglory bro berusaha lupa dengan game five hearts under one roof,finallglory bro berusaha lupa game five hearts under one roof,finallglory bro usaha lupa game five hearts under one roof,"finalglory bro, try to forget the five hearts under one roof game"
​@Finallglorynah keluar orang yang nge hujat ke ada prestasi yang dapat dibacakan aja sama lu sampe nge hujat karya orang,finallglorynah keluar orang yang nge hujat ke ada prestasi yang dapat dibacakan aja sama lu sampe nge hujat karya orang,finallglorynah keluar orang yang nge hujat ke ada prestasi yang dapat dibacakan saja sama lu sampe nge hujat karya orang,finallglorynah orang nge hujat prestasi dibacakan lu sampe nge hujat karya orang,finallglorynah orang nge hujat prestasi baca lu sampe nge hujat karya orang,finallglorynah people insult your reading achievements to the point of insulting other people's work
"@Finallglory crazy ones bro, itu no.2 playstore 4no bet",finallglory crazy ones bro itu no playstore no bet,finallglory crazy ones bro itu no playstore no bet,finallglory crazy ones bro no playstore no bet,finallglory crazy ones bro no playstore no bet,finalglory crazy ones bro no playstore no bet
"Thanks bg Windah udh mainin game yg segmentasinya untuk perempuan! Next kalo bisa gunain botnya untuk ke mute/banned kata2 negatif lain ya!
Dan moderator supaya bisa bekerja lebih keras lagi agar komunitas bisa lebih sehat dan gak toxic! ❤❤",thanks bg windah udh mainin game yg segmentasinya untuk perempuan next kalo bisa gunain botnya untuk ke mutebanned kata negatif lain ya dan moderator supaya bisa bekerja lebih keras lagi agar komunitas bisa lebih sehat dan gak toxic,thanks bang windah udh mainin game yang segmentasinya untuk perempuan next kalo bisa gunain botnya untuk ke mutebanned kata negatif lain ya dan moderator supaya bisa bekerja lebih keras lagi agar komunitas bisa lebih sehat dan gak toxic,thanks bang windah udh mainin game segmentasinya perempuan next kalo gunain botnya mutebanned negatif ya moderator keras komunitas sehat gak toxic,thanks bang windah udh mainin game segmentasi perempuan next kalo gunain bot mutebanned negatif ya moderator keras komunitas sehat gak toxic,"thanks bro, Windah, for playing the women's segmentation game, next time if you use a negative mute ban bot, yes, hard moderator, healthy community, not toxic"
"wkwkwk kocakk asli, akhirnya ku tunggu2😭😭",wkwkwk kocakk asli akhirnya ku tunggu,tertawa kocakk asli akhirnya ku tunggu,tertawa kocakk asli ku tunggu,tertawa kocakk asli ku tunggu,I'm waiting for a real hilarious laugh
Viewer problemmatik semua anjim,viewer problemmatik semua anjim,viewer problemmatik semua anjim,viewer problemmatik anjim,viewer problemmatik anjim,anjim problemmatic viewer
"lahh ternyata di lanjutin, teng kyuu bg windahh💋",lahh ternyata di lanjutin teng kyuu bg windahh,lahh ternyata di lanjutin teng kyuu bang windahh,lahh lanjutin teng kyuu bang windahh,lahh lanjutin teng kyuu bang windahh,keep going teng kyuu bro windahh
Aku pilih km aja,aku pilih km aja,aku pilih km saja,pilih km,pilih km,select km
Next main lagi baaang 😂😂😂😂 unlock storynyaa,next main lagi baaang unlock storynyaa,next main lagi baaang unlock storynyaa,next main baaang unlock storynyaa,next main baaang unlock storynyaa,next time you play baaang unlock the story
"Selepas gw nonton ini..lgsung gw jadi sigma boy, motivasi jadi bdan bgus",selepas gw nonton inilgsung gw jadi sigma boy motivasi jadi bdan bgus,selepas gw nonton inilgsung gw jadi sigma boy motivasi jadi bdan bgus,selepas gw nonton inilgsung gw sigma boy motivasi bdan bgus,lepas gw nonton inilgsung gw sigma boy motivasi bdan bgus,After I watched this live I was Sigma Boy's motivation and was really good
Thankyouu kak windahh,thankyouu kak windahh,thankyouu kak windahh,thankyouu kak windahh,thankyouu kak windahh,thank you sis windahh
"Game kayak gini mah pasti lebih banyak ceweknya yang nonton, dibanding cowok 😂",game kayak gini mah pasti lebih banyak ceweknya yang nonton dibanding cowok,game kayak gini mah pasti lebih banyak ceweknya yang nonton dibanding cowok,game kayak gini mah ceweknya nonton dibanding cowok,game kayak gin mah cewek nonton banding cowok,games like gin mah girls watch compared to boys
2:41:38 rafayel kiri untuk baca 😭,rafayel kiri untuk baca,rafayel kiri untuk baca,rafayel kiri baca,rafayel kiri baca,Rafayel left read
"ih bagus bgt, aku marathon lg nih mayan 3 jam HEHE makasi bang dah main simulator gini",ih bagus bgt aku marathon lg nih mayan jam hehe makasi bang dah main simulator gini,ih bagus banget aku marathon lg nih mayan jam hehe makasi bang dah main simulator gini,ih bagus banget marathon lg nih mayan jam hehe makasi bang dah main simulator gini,ih bagus banget marathon lg nih mayan jam hehe makas bang dah main simulator gin,"Oh, that's a really good marathon, it's a great time, hehe, thanks bro for playing the gin simulator"
"Bang windah zayne girly ya, aku juga main nya zayne bang, kamu jangan sampe oleng ke caleb ya bang (soalnya aku udh oleng)",bang windah zayne girly ya aku juga main nya zayne bang kamu jangan sampe oleng ke caleb ya bang soalnya aku udh oleng,bang windah zayne girly ya aku juga main nya zayne bang kamu jangan sampe oleng ke caleb ya bang soalnya aku udh oleng,bang windah zayne girly ya main nya zayne bang sampe oleng caleb ya bang udh oleng,bang windah zayne girly ya main nya zayne bang sampe oleng caleb ya bang udh oleng,"Bro, Windah Zayne's girly, Zayne's playing, bro, Caleb's shaking, bro, he's shaking"
Aku pacar rafayel bang sama scaramouche,aku pacar rafayel bang sama scaramouche,aku pacar rafayel bang sama scaramouche,pacar rafayel bang scaramouche,pacar rafayel bang scaramouche,"Rafayel's girlfriend, Bang Scaramouche"
Bang gimana sih Abang bisa download tuh game di PC? Aku aja gagal gak bisa download tuh game di PC 😢,bang gimana sih abang bisa download tuh game di pc aku aja gagal gak bisa download tuh game di pc,bang gimana sih abang bisa download tuh game di pc aku saja gagal gak bisa download tuh game di pc,bang gimana sih abang download tuh game pc gagal gak download tuh game pc,bang gimana sih abang download tuh game pc gagal gak download tuh game pc,"bro, how do you download the PC game, it doesn't work, don't download the PC game"
Lanjut bang selesai storynyaaa❤❤❤❤,lanjut bang selesai storynyaaa,lanjut bang selesai storynyaaa,bang selesai storynyaaa,bang selesai storynyaaa,"Bro, the story is finished"
Aduh ganteng ya,aduh ganteng ya,aduh ganteng ya,aduh ganteng ya,aduh ganteng ya,oh handsome huh
"Terumakasih bang udah mau mainin game ini, 

Nanti lanjutin story ya bang selesaikan semua misi, nanti akan muncul battle dan di sana ada option “open orbit” nah ini adalah ladang untuk grinding dan battle bang , ini makin tinggi makin susah battle nya 

Terus ada abbysal chaos , ini adalah sub battle yang ada stori nya, jadi kita dapat misi bareng companion untuk dapat rawards bang. 

Nanti story lanjutannya bakalan ketemu caleb under the tittle homecoming wings, dia seorang pilot bang. 

Brief character: 
Xavier itu deepspace hunter, zayne dokter di akso hospital, rafayel pelukis terkenal, sylus leader organisasi gelap “onychinus” di n109 zone, caleb colonel pilot farspacefleet. 


Makasih ya bang udah mainn, aku paling suka sylus , dia sangar tapi dia sweet bangettt juga DIA PALING KAYA XIXIXIXIXI ❤❤❤",terumakasih bang udah mau mainin game ini nanti lanjutin story ya bang selesaikan semua misi nanti akan muncul battle dan di sana ada option open orbit nah ini adalah ladang untuk grinding dan battle bang ini makin tinggi makin susah battle nya terus ada abbysal chaos ini adalah sub battle yang ada stori nya jadi kita dapat misi bareng companion untuk dapat rawards bang nanti story lanjutannya bakalan ketemu caleb under the tittle homecoming wings dia seorang pilot bang brief character xavier itu deepspace hunter zayne dokter di akso hospital rafayel pelukis terkenal sylus leader organisasi gelap onychinus di n zone caleb colonel pilot farspacefleet makasih ya bang udah mainn aku paling suka sylus dia sangar tapi dia sweet bangettt juga dia paling kaya xixixixixi,terumakasih bang sudah mau mainin game ini nanti lanjutin story ya bang selesaikan semua misi nanti akan muncul battle dan di sana ada option open orbit nah ini adalah ladang untuk grinding dan battle bang ini makin tinggi makin susah battle nya terus ada abbysal chaos ini adalah sub battle yang ada stori nya jadi kita dapat misi bareng companion untuk dapat rawards bang nanti story lanjutannya bakalan ketemu caleb under the tittle homecoming wings dia seorang pilot bang brief character xavier itu deepspace hunter zayne dokter di akso hospital rafayel pelukis terkenal sylus leader organisasi gelap onychinus di n zone caleb colonel pilot farspacefleet makasih ya bang sudah mainn aku paling suka sylus dia sangar tapi dia sweet bangettt juga dia paling kaya xixixixixi,terumakasih bang mainin game lanjutin story ya bang selesaikan misi muncul battle option open orbit ladang grinding battle bang susah battle nya abbysal chaos sub battle stori nya misi bareng companion rawards bang story lanjutannya ketemu caleb under the tittle homecoming wings pilot bang brief character xavier deepspace hunter zayne dokter akso hospital rafayel pelukis terkenal sylus leader organisasi gelap onychinus n zone caleb colonel pilot farspacefleet makasih ya bang mainn suka sylus sangar sweet bangettt kaya xixixixixi,terumakasih bang mainin game lanjutin story ya bang selesai misi muncul battle option open orbit ladang grinding battle bang susah battle nya abbysal chaos sub battle stori nya misi bareng companion rawards bang story lanjut ketemu caleb under the tittle homecoming wings pilot bang brief character xavier deepspace hunter zayne dokter akso hospital rafayel peluk kenal sylus leader organisasi gelap onychinus n zone caleb colonel pilot farspacefleet makasih ya bang mainn suka sylus sangar sweet bangettt kaya xixixixixi,"Thank you bro, play the game, continue the story, bro, after completing the mission, the battle option appears, open orbit, field, grinding battle, it's hard, the battle is abysal chaos, sub battle story, mission with companion rawards, bang story, continue to meet Caleb under the title, Homecoming Wings, pilot, brief character, Xavier, Deepspace Hunter, Zayne, Akso Hospital doctor, Rafayel, hug, get to know Sylus, leader of the dark organization, Onychinus N Zone, Caleb, Colonel, Farspacefleet pilot, Thank you, bro, I like Sylus. really sweet like xixixixixi"
makasih bang udah mainin ni game dan gua juga bisa liat suami gua ❤❤❤❤❤❤❤,makasih bang udah mainin ni game dan gua juga bisa liat suami gua,makasih bang sudah mainin ni game dan gua juga bisa liat suami gua,makasih bang mainin ni game gua liat suami gua,makasih bang mainin ni game gua liat suami gua,"Thank you bro, I'm playing this game to see my husband"
"Menangis liat si Windah ngorbanin dm ungu buat nuker ke dm merah 😂
Kamu coba baca story lagi win yg pertama , soalnya nyambung , alesan Caleb tangannya pake tangan robot 😂
Sukses trusss yaa 🎉🎉🎉❤",menangis liat si windah ngorbanin dm ungu buat nuker ke dm merah kamu coba baca story lagi win yg pertama soalnya nyambung alesan caleb tangannya pake tangan robot sukses trusss yaa,menangis liat si windah ngorbanin dm ungu buat nuker ke dm merah kamu coba baca story lagi win yang pertama soalnya nyambung alesan caleb tangannya pake tangan robot sukses trusss yaa,menangis liat si windah ngorbanin dm ungu nuker dm merah coba baca story win nyambung alesan caleb tangannya pake tangan robot sukses trusss yaa,menang liat si windah ngorbanin dm ungu nuker dm merah coba baca story win nyambung alesan caleb tangan pake tangan robot sukses trusss yaa,"Win to see Windah make sacrifices with purple DMs, nuker with red DMs. Try reading the story. Win connects. Reasons for Caleb's hands using robot hands are successful, trusss"
Respect banget makasih bang Windah ♥️,respect banget makasih bang windah,respect banget makasih bang windah,respect banget makasih bang windah,respect banget makasih bang windah,"really respect, thank you bro windah"
gg 🔥,gg,gg,gg,gg,gg
siipp bangggg👏🏻,siipp bangggg,siipp bangggg,siipp bangggg,siipp bangggg,Sipp bro
GG kakkkkk!,gg kakkkkk,gg kakkkkk,gg kakkkkk,gg kakkkkk,gg kakkkkk
gwe juga buset wkwk,gwe juga buset wkwk,gwe juga buset tertawa,gwe buset tertawa,gwe buset tertawa,I'm just laughing
Ujung² Turu,ujung turu,ujung turu,ujung turu,ujung turu,the end of the fall
Bangga gw bg semangat yaa🎉,bangga gw bg semangat yaa,bangga gw bang semangat yaa,bangga gw bang semangat yaa,bangga gw bang semangat yaa,"I'm proud, you're enthusiastic"
sama hal nya kaya game five heart,sama hal nya kaya game five heart,sama hal nya kaya game five heart,nya kaya game five heart,nya kaya game five heart,it's like the five hearts game
Bang Windha harus Lanjutin sih ❤,bang windha harus lanjutin sih,bang windha harus lanjutin sih,bang windha lanjutin sih,bang windha lanjutin sih,"Bro Windha, keep going"
"that ""ga kunting kuku""😂
btw sylus the man your are rawwrrr hahahha",that ga kunting kuku btw sylus the man your are rawwrrr hahahha,that ga kunting kuku by the way sylus the man your are rawwrrr hahahha,that ga kunting kuku by the way sylus the man your are rawwrrr hahahha,that ga kunting kuku by the way sylus the man your are rawwrrr hahahha,that doesn't cut your nails by the way sylus the man you are rawwrrr hahahha
grafiknya jadi inget dragon raja,grafiknya jadi inget dragon raja,grafiknya jadi inget dragon raja,grafiknya inget dragon raja,grafik inget dragon raja,graphic remember dragon raja
Terima kasih bg windah telah memainkan game indah ini ❤,terima kasih bg windah telah memainkan game indah ini,terima kasih bang windah telah memainkan game indah ini,terima kasih bang windah memainkan game indah,terima kasih bang windah main game indah,"Thank you bro, Windah for playing a beautiful game"
Game ampas,game ampas,game ampas,game ampas,game ampas,dregs game
"THANK UUUU UDH MAININ GAME INI BANGGG, SEHAT SELALUUUUUU❤❤❤❤",thank uuuu udh mainin game ini banggg sehat selaluuuuuu,thank uuuu udh mainin game ini banggg sehat selaluuuuuu,thank uuuu udh mainin game banggg sehat selaluuuuuu,thank uuuu udh mainin game banggg sehat selaluuuuuu,thank uuuu for playing the game proudly and stay healthy always
Bang cita cita aku pengen dipeluk caleb,bang cita cita aku pengen dipeluk caleb,bang cita cita aku pengen dipeluk caleb,bang cita cita pengen dipeluk caleb,bang cita cita ken peluk caleb,"Bro, I want to hug Caleb"
Makasih udh mainin ini bang windah,makasih udh mainin ini bang windah,makasih udh mainin ini bang windah,makasih udh mainin bang windah,makasih udh mainin bang windah,"Thank you for playing, bro, Windah"
MANTAP BANG GW LAKI JUGA DAN GA MIKIRIN U MAIN APA JUSTEU GW NUNGGU INI KARENA PENGEN LIAT REAKSI ABANG,mantap bang gw laki juga dan ga mikirin u main apa justeu gw nunggu ini karena pengen liat reaksi abang,mantap bang gw laki juga dan ga mikirin u main apa justeu gw nunggu ini karena pengen liat reaksi abang,mantap bang gw laki ga mikirin u main justeu gw nunggu pengen liat reaksi abang,mantap bang gw laki ga mikirin u main justeu gw nunggu ken liat reaksi abang,"That's cool, bro, I'm a man, I didn't think about playing, I'm just waiting to see your reaction, bro"
Makasih udah mainin ini bg windahhhh🎉🎉🎉,makasih udah mainin ini bg windahhhh,makasih sudah mainin ini bang windahhhh,makasih mainin bang windahhhh,makasih mainin bang windahhhh,"Thank you for playing, bro, Windahhhh"
AWWW SYLUS QQ,awww sylus qq,awww sylus qq,awww sylus qq,awww sylus qq,awww sylus qq
"Thanks bang windah.
Sudah membuat para hatersnya diam. Makasih",thanks bang windah sudah membuat para hatersnya diam makasih,thanks bang windah sudah membuat para hatersnya diam makasih,thanks bang windah hatersnya diam makasih,thanks bang windah hatersnya diam makasih,"thanks bro, windah, the haters are quiet, thank you"
LANJUT LAGI BANG 😋,lanjut lagi bang,lanjut lagi bang,bang,bang,bro
"Terserah bang windah mau main game apa, bocil"" kalau gak duka gak usah nonton dan cewek juga butuh game halu gak cowok aja jadi sesama halu saling hargai",terserah bang windah mau main game apa bocil kalau gak duka gak usah nonton dan cewek juga butuh game halu gak cowok aja jadi sesama halu saling hargai,terserah bang windah mau main game apa bocil kalau gak duka gak usah nonton dan cewek juga butuh game halu gak cowok saja jadi sesama halu saling hargai,terserah bang windah main game bocil gak duka gak nonton cewek butuh game halu gak cowok halu hargai,serah bang windah main game bocil gak duka gak nonton cewek butuh game halu gak cowok halu harga,"Hand it over, bro, Windah, playing small games, don't be sad, don't watch, girls need halu games, don't boys have halu prices"
Semangat bang windah ❤,semangat bang windah,semangat bang windah,semangat bang windah,semangat bang windah,Cheer up bro Windah
Ngakak di menit 33:10 pas bagiaan Sylus😂,ngakak di menit pas bagiaan sylus,ngakak di menit pas bagiaan sylus,ngakak menit pas bagiaan sylus,ngakak menit pas bagiaan sylus,I laughed for a minute when the sylus parted
YAHH KETINGGALAN,yahh ketinggalan,yahh ketinggalan,yahh ketinggalan,yahh tinggal,"yeah, stay"
"Abaikan omongan hater bg, cukup nikmati game yang menurut windah berpotensi",abaikan omongan hater bg cukup nikmati game yang menurut windah berpotensi,abaikan omongan hater bang cukup nikmati game yang menurut windah berpotensi,abaikan omongan hater bang nikmati game windah berpotensi,abai omong hater bang nikmat game windah potensi,"Ignore the hater talk, bro, enjoy the game with beautiful potential"
"Makasih udah nyempetin maenin game kesukaan gue bang, btw husbu gue caleb and sylus❤",makasih udah nyempetin maenin game kesukaan gue bang btw husbu gue caleb and sylus,makasih sudah nyempetin maenin game kesukaan gue bang by the way husbu gue caleb and sylus,makasih nyempetin maenin game kesukaan gue bang by the way husbu gue caleb and sylus,makasih nyempetin maenin game suka gue bang by the way husbu gue caleb and sylus,"Thank you for playing the game I like, bro, my husband is Caleb and Sylus."
Bang aku tidak pernah like komen ku bang,bang aku tidak pernah like komen ku bang,bang aku tidak pernah like komen ku bang,bang like komen ku bang,bang like komen ku bang,"Bro, like my comment, bro"
"Lanjutin aja bang gk usah dengerin bocil provok bang, aku suka cerita dari game ini bang :face-blue-wide-eyes::face-blue-wide-eyes::face-blue-wide-eyes:",lanjutin aja bang gk usah dengerin bocil provok bang aku suka cerita dari game ini bang facebluewideeyesfacebluewideeyesfacebluewideeyes,lanjutin saja bang gk usah dengerin bocil provok bang aku suka cerita dari game ini bang facebluewideeyesfacebluewideeyesfacebluewideeyes,lanjutin bang gk dengerin bocil provok bang suka cerita game bang facebluewideeyesfacebluewideeyesfacebluewideeyes,lanjutin bang gk dengerin bocil provok bang suka cerita game bang facebluewideeyesfacebluewideeyesfacebluewideeyes,"keep going, bro, don't you listen to the provok leaks, bro, you like game stories, bro, facebluewideeyesfacebluewideeyesfacebluewideeyes"
"Reall cuyy, kangen eri ama luminous",reall cuyy kangen eri ama luminous,reall cuyy kangen eri ama luminous,reall cuyy kangen eri ama luminous,reall cuyy kangen eri ama luminous,I really miss Eri and Luminous
Hama,hama,hama,hama,hama,pest
"thank you for reviewing this game so well, bang 🥺🥺💐",thank you for reviewing this game so well bang,thank you for reviewing this game so well bang,thank you for reviewing this game so well bang,thank you for reviewing this game so well bang,thank you for reviewing this game so well bro
24:32 malah pura2 ngak tau dia sndri nge crash,malah pura ngak tau dia sndri nge crash,malah pura ngak tau dia sndri nge crash,pura ngak tau sndri nge crash,pura ngak tau sndri nge crash,pretend not to know it's crashing
Aku bocil rafayelll,aku bocil rafayelll,aku bocil rafayelll,bocil rafayelll,bocil rafayelll,little rafayelll
21:36 gagal kentang/crash,gagal kentangcrash,gagal kentangcrash,gagal kentangcrash,gagal kentangcrash,fail potatocrash
Pake Scarlett makanya mulus,pake scarlett makanya mulus,pake scarlett makanya mulus,pake scarlett mulus,pake scarlett mulus,Use Scarlett Smooth
Caleb 😍,caleb,caleb,caleb,caleb,caleb
WINDAH JOMOQ,windah jomoq,windah jomoq,windah jomoq,windah jomoq,windah jomoq
Deja vu,deja vu,deja vu,deja vu,deja vu,deja vu
busettt komen nya cewek semua🗿,busettt komen nya cewek semua,busettt komen nya cewek semua,busettt komen nya cewek,busettt komen nya cewek,"Busett, the comment is a girl"
"Nonton dan nikmati,mantap.",nonton dan nikmatimantap,nonton dan nikmatimantap,nonton nikmatimantap,nonton nikmatimantap,watch enjoy great
Bang main Nikki bang,bang main nikki bang,bang main nikki bang,bang main nikki bang,bang main nikki bang,"bro, play nikki bro"
"BANG WINDAH THANK YOU SO MUCH YAAA, LOVE YOU BANGETTTT",bang windah thank you so much yaaa love you bangetttt,bang windah thank you so much yaaa love you bangetttt,bang windah thank you so much yaaa love you bangetttt,bang windah thank you so much yaaa love you bangetttt,"Bang Windah, thank you so much, I love you so much"
"45:51 WKWKWK ""lOh, gEpenK"" reflek ketawa 😭😭",wkwkwk loh gepenk reflek ketawa,tertawa loh gepenk reflek ketawa,tertawa loh gepenk reflek ketawa,tertawa loh gepenk reflek ketawa,"laugh, gepenk reflex laugh"
makasih bangggggg❤❤❤❤,makasih bangggggg,makasih bangggggg,makasih bangggggg,makasih bangggggg,thank you bro
makasi ya bang windah buat maen game kesukaan ku wahahaha~:yougotthis::yougotthis::yougotthis::yougotthis:,makasi ya bang windah buat maen game kesukaan ku wahahahayougotthisyougotthisyougotthisyougotthis,makasi ya bang windah buat maen game kesukaan ku wahahahayougotthisyougotthisyougotthisyougotthis,makasi ya bang windah maen game kesukaan ku wahahahayougotthisyougotthisyougotthisyougotthis,makas ya bang windah maen game suka ku wahahahayougotthisyougotthisyougotthisyougotthis,"Thanks bro, Windah plays my favorite game wahahahayougotthisyougotthisyougotthisyougotthis"
❤❤❤❤❤❤❤❤❤❤😊 ayasii,ayasii,ayasii,ayasii,ayasii,ayasii
Tahniah bang dapat memories 5 Bintang caleb😆,tahniah bang dapat memories bintang caleb,tahniah bang dapat memories bintang caleb,tahniah bang memories bintang caleb,tahniah bang memories bintang caleb,congratulations bro memories star caleb
ditunggu si caleb ya bangg,ditunggu si caleb ya bangg,ditunggu si caleb ya bangg,ditunggu si caleb ya bangg,tunggu si caleb ya bangg,Wait for Caleb bro
"Kebanyakan yapping jir gamenya, padahal battle gak nyangka bagus juga",kebanyakan yapping jir gamenya padahal battle gak nyangka bagus juga,kebanyakan yapping jir gamenya padahal battle gak nyangka bagus juga,kebanyakan yapping jir gamenya battle gak nyangka bagus,banyak yapping jir gamenya battle gak nyangka bagus,"There's a lot of yapping about the battle game, I didn't expect it to be good"
keren banget woy ini gamenya :face-red-heart-shape::yougotthis:,keren banget woy ini gamenya faceredheartshapeyougotthis,keren banget woy ini gamenya faceredheartshapeyougotthis,keren banget woy gamenya faceredheartshapeyougotthis,keren banget woy gamenya faceredheartshapeyougotthis,"What a cool game, faceredheartshapeyougotthis"
lu yg jomoq kocak,lu yg jomoq kocak,lu yang jomoq kocak,lu jomoq kocak,lu jomoq kocak,You're hilarious
Jomoq teriak jomoq 🤭,jomoq teriak jomoq,jomoq teriak jomoq,jomoq teriak jomoq,jomoq teriak jomoq,Jomoq shouted Jomoq
APALAHH,apalahh,apalahh,apalahh,apalahh,whatever
Si suki knp jir,si suki knp jir,si suki knp jir,si suki knp jir,si suki knp jir,Suki why sir?
Windah stream buat cwe lah lu ngapain nonton?,windah stream buat cwe lah lu ngapain nonton,windah stream buat cwe lah lu ngapain nonton,windah stream cwe lu ngapain nonton,windah stream cwe lu ngapain nonton,What are you doing watching Windah Stream?
bjir dilike komen gua ma bang windah🗿🗿,bjir dilike komen gua ma bang windah,bjir dilike komen gua ma bang windah,bjir dilike komen gua ma bang windah,bjir dilike komen gua ma bang windah,"Many people liked my comment, Ma Bang Windah"
HAHAHAHA IYA BEJIR😭😭😭😭😭,hahahaha iya bejir,hahahaha iya bejir,hahahaha iya bejir,hahahaha iya bejir,hahahaha yeah great
bang main yg kaya gini lagi dongg aeru,bang main yg kaya gini lagi dongg aeru,bang main yang kaya gini lagi dongg aeru,bang main kaya gini dongg aeru,bang main kaya gin dongg aeru,"bro, play like gin, dong aeru"
Hemm,hemm,hemm,hemm,hemm,hmm
Hebat kamu BG di tonton bnyk cw😂,hebat kamu bg di tonton bnyk cw,hebat kamu bang di tonton bnyk cw,hebat bang tonton bnyk cw,hebat bang tonton bnyk cw,"It's great bro, watch lots of CW"
2:45:50 😂 girls girls,girls girls,girls girls,girls girls,girls girls,girls girls
Makasih bang udah main game ini! Next lanjut lagi yaw,makasih bang udah main game ini next lanjut lagi yaw,makasih bang sudah main game ini next lanjut lagi yaw,makasih bang main game next yaw,makasih bang main game next yaw,"Thanks bro, let's play the next game"
"Terimakasih banyak bang windah karna sudah memainkan game ini demi kami para cewe cewe❤ 
Semangat terus bang ❤",terimakasih banyak bang windah karna sudah memainkan game ini demi kami para cewe cewe semangat terus bang,terimakasih banyak bang windah karna sudah memainkan game ini demi kami para cewe cewe semangat terus bang,terimakasih bang windah karna memainkan game cewe cewe semangat bang,terimakasih bang windah karna main game cewe cewe semangat bang,"Thank you bro, Windah, for playing the game, the girls are enthusiastic, bro"
WAHH GA EXPECT 😂😂😂  BANG WINDAH NYOBA LOVE AND DEEPSPACE AOAKQKQKKAK,wahh ga expect bang windah nyoba love and deepspace aoakqkqkkak,wahh ga expect bang windah nyoba love and deepspace aoakqkqkkak,wahh ga expect bang windah nyoba love and deepspace aoakqkqkkak,wahh ga expect bang windah nyoba love and deepspace aoakqkqkkak,"Wow, didn't expect bro, Windah tried love and deepspace aoakqkqkkak"
2:43:59 cucok deh,cucok deh,cucok deh,cucok deh,cucok deh,that's nice
Aku gk dapet caleb painful signal 😢😢😢😢😢😢😢😢😢 malah dapet yg lain,aku gk dapet caleb painful signal malah dapet yg lain,aku gk dapet caleb painful signal malah dapet yang lain,gk dapet caleb painful signal dapet,gk dapet caleb painful signal dapet,I didn't get Caleb's painful signal
akhirnya main lagi gamenya mantepp seru banget🔥,akhirnya main lagi gamenya mantepp seru banget,akhirnya main lagi gamenya mantepp seru banget,main gamenya mantepp seru banget,main gamenya mantepp seru banget,Playing the game is really fun
"BIG RESPECT buat bang windah karna udah mainin game ini, thank you bangg🙌",big respect buat bang windah karna udah mainin game ini thank you bangg,big respect buat bang windah karna sudah mainin game ini thank you bangg,big respect bang windah karna mainin game thank you bangg,big respect bang windah karna mainin game thank you bangg,big respect bro windah for playing the game thank you bro
"Makasi ya bangg windah gemoy udah mainin game ini, lupyuuu banggg ❤",makasi ya bangg windah gemoy udah mainin game ini lupyuuu banggg,makasi ya bangg windah gemoy sudah mainin game ini lupyuuu banggg,makasi ya bangg windah gemoy mainin game lupyuuu banggg,makas ya bangg windah gemoy mainin game lupyuuu banggg,"thanks, bro, Windah Gemoy, played the game, bro, bro"
bang lu keren bgt thankyou bang udh mainin game ini. Lu demen  yg mana bang cowony?,bang lu keren bgt thankyou bang udh mainin game ini lu demen yg mana bang cowony,bang lu keren banget thankyou bang udh mainin game ini lu demen yang mana bang cowony,bang lu keren banget thankyou bang udh mainin game lu demen bang cowony,bang lu keren banget thankyou bang udh mainin game lu demen bang cowony,"bro, you're really cool, thank you bro for playing the game, you like it, bro, cowony"
Mana nih orang2 yang bully bang windah?,mana nih orang yang bully bang windah,mana nih orang yang bully bang windah,nih orang bully bang windah,nih orang bully bang windah,"This person is a bully, Bro Windah"
"Sedih hp ku gak memadai buat mainin game ini, makasih bang dah ngasih experience untuk perempuan"" yg jadi viewer disini.

-xavier lover's",sedih hp ku gak memadai buat mainin game ini makasih bang dah ngasih experience untuk perempuan yg jadi viewer disini xavier lovers,sedih hp ku gak memadai buat mainin game ini makasih bang dah ngasih experience untuk perempuan yang jadi viewer disini xavier lovers,sedih hp ku gak memadai mainin game makasih bang dah ngasih experience perempuan viewer xavier lovers,sedih hp ku gak pada mainin game makasih bang dah ngasih experience perempuan viewer xavier lovers,"sad, my cellphone won't play games, thank you bro for giving experience, female viewer, xavier lovers"
BIG RESPECT BUAT BANG WINDAH ❤🎉 MAKASI BANG UDH MAIN GAME NYA,big respect buat bang windah makasi bang udh main game nya,big respect buat bang windah makasi bang udh main game nya,big respect bang windah makasi bang udh main game nya,big respect bang windah makas bang udh main game nya,"Big respect, bro, thanks for playing the game"
MENYALA WINDAH,menyala windah,menyala windah,menyala windah,nyala windah,beautiful flame
THERE'S NOTHING WRONG WITH THIS GAME,theres nothing wrong with this game,theres nothing wrong with this game,theres nothing wrong with this game,theres nothing wrong with this game,there's nothing wrong with this game
aku xavier bang,aku xavier bang,aku xavier bang,xavier bang,xavier bang,Xavier bro
MKSII BANYAK BG UDH MAIN GAME INIII❤❤❤,mksii banyak bg udh main game iniii,mksii banyak bang udh main game ini,mksii bang udh main game,mksii bang udh main game,Thanks bro for playing the game
ga usah didengerin apa kritik dari warga apk b0k30p itu bang windah,ga usah didengerin apa kritik dari warga apk bkp itu bang windah,ga usah didengerin apa kritik dari warga apk bkp itu bang windah,ga didengerin kritik warga apk bkp bang windah,ga didengerin kritik warga apk bkp bang windah,"The criticism of APK BKP residents, Bang Windah, is not being listened to"
Hdeh,hdeh,hdeh,hdeh,hdeh,huh
Suka bgt ma Jainul ma Sulis,suka bgt ma jainul ma sulis,suka banget ma jainul ma sulis,suka banget ma jainul ma sulis,suka banget ma jainul ma sulis,I really like Ma Jainul Ma Sulis
Salut udh proseional bang gg,salut udh proseional bang gg,salut udh proseional bang gg,salut udh proseional bang gg,salut udh proseional bang gg,"Greetings for being professional, bro"
Makasi bang windahh❤,makasi bang windahh,makasi bang windahh,makasi bang windahh,makas bang windahh,Thanks bro Windahh
Sebagai laki laki kita belajar di game ini menjadi pria sigma,sebagai laki laki kita belajar di game ini menjadi pria sigma,sebagai laki laki kita belajar di game ini menjadi pria sigma,laki laki belajar game pria sigma,laki laki ajar game pria sigma,man teaches sigma man game
lah  mana jomoknya??? YA EMANG GADA KOCAK.,lah mana jomoknya ya emang gada kocak,lah mana jomoknya ya emang gada kocak,jomoknya ya emang gada kocak,jomoknya ya emang gada kocak,The grossness isn't really funny
"Semangat bg, jgn dengerin bocil caper, karena km strimer",semangat bg jgn dengerin bocil caper karena km strimer,semangat bang jgn dengerin bocil caper karena km strimer,semangat bang jgn dengerin bocil caper km strimer,semangat bang jgn dengerin bocil caper km strimer,"Cheer up bro, don't listen to the caper jokes from your Strimer"
Bang windah kamu kerenn aku suka kamuuu😭,bang windah kamu kerenn aku suka kamuuu,bang windah kamu kerenn aku suka kamuuu,bang windah kerenn suka kamuuu,bang windah kerenn suka kamuuu,"Cool bro, I like you"
THANK YOUUU BANG WINDAH BIGGGGG LOOOOVE ❤❤❤❤❤❤,thank youuu bang windah biggggg loooove,thank youuu bang windah biggggg loooove,thank youuu bang windah biggggg loooove,thank youuu bang windah biggggg loooove,thank youuu bro windah biggggg loooove
"makasih bang udah mau nunggu ganti banner beneran wkwk. untung viewers cowo yg sawan ga sebrutal pas pertama ngumumin live. glad u educate them, makasih bang windowss",makasih bang udah mau nunggu ganti banner beneran wkwk untung viewers cowo yg sawan ga sebrutal pas pertama ngumumin live glad u educate them makasih bang windowss,makasih bang sudah mau nunggu ganti banner beneran tertawa untung viewers cowo yang sawan ga sebrutal pas pertama ngumumin live glad u educate them makasih bang windowss,makasih bang nunggu ganti banner beneran tertawa untung viewers cowo sawan ga sebrutal pas ngumumin live glad u educate them makasih bang windowss,makasih bang nunggu ganti banner beneran tertawa untung viewers cowo sawan ga brutal pas ngumumin live glad u educate them makasih bang windowss,"Thank you bro, waiting to change the banner, I'm really laughing, luckily the viewers sawan guys weren't brutal when they announced the live glad, u educate them, thank you, bro, windows"
"bang kalo mau pull companion b5 buat combat, pull myth pairnya bangg",bang kalo mau pull companion b buat combat pull myth pairnya bangg,bang kalo mau pull companion b buat combat pull myth pairnya bangg,bang kalo pull companion b combat pull myth pairnya bangg,bang kalo pull companion b combat pull myth pair bangg,"bro, if you pull companion b combat pull myth pair bro"
Makasih bg windah 😊,makasih bg windah,makasih bang windah,makasih bang windah,makasih bang windah,Thank you bro Windah
Gokil 😭 bisa2 nya gaca sampe 1jt jirr baru juga main,gokil bisa nya gaca sampe jt jirr baru juga main,gokil bisa nya gaca sampe jt jirr baru juga main,gokil nya gaca sampe jt jirr main,gokil nya gaca sampe jt jirr main,It's crazy that it doesn't play until it's loud
Baru video pertama udah kepincut sama Zayne. SAMA SIH AKU JUGA🤣,baru video pertama udah kepincut sama zayne sama sih aku juga,baru video pertama sudah kepincut sama zayne sama sih aku juga,video kepincut zayne sih,video kepincut zayne sih,I'm attracted to Zayne's video
Thankyou banget ya bang windah udah mainin game ini dengan baik. Respect you so much setelah kejadian kemaren. Keep semangat stream ya bang win,thankyou banget ya bang windah udah mainin game ini dengan baik respect you so much setelah kejadian kemaren keep semangat stream ya bang win,thankyou banget ya bang windah sudah mainin game ini dengan baik respect you so much setelah kejadian kemaren keep semangat stream ya bang win,thankyou banget ya bang windah mainin game respect you so much kejadian kemaren keep semangat stream ya bang win,thankyou banget ya bang windah mainin game respect you so much jadi kemaren keep semangat stream ya bang win,"Thank you so much, bro, Winah, playing the game, respects you so much, so yesterday, keep up the enthusiasm for streaming, bro, Win"
"Jagoan kita sama bang, gue juga Zayne wkwkwk",jagoan kita sama bang gue juga zayne wkwkwk,jagoan kita sama bang gue juga zayne tertawa,jagoan bang gue zayne tertawa,jago bang gue zayne tertawa,"I'm good, Zayne laughed"
"makasih bang dah mainin game ini. ga usah peduliin orang2 yang suka ngegoreng itu. just do what you want, selama ga ngerugiin orang lain. semangat terus bang Windah, ditunggu lanjutannya ❤🌹",makasih bang dah mainin game ini ga usah peduliin orang yang suka ngegoreng itu just do what you want selama ga ngerugiin orang lain semangat terus bang windah ditunggu lanjutannya,makasih bang dah mainin game ini ga usah peduliin orang yang suka ngegoreng itu just do what you want selama ga ngerugiin orang lain semangat terus bang windah ditunggu lanjutannya,makasih bang dah mainin game ga peduliin orang suka ngegoreng just do what you want ga ngerugiin orang semangat bang windah ditunggu lanjutannya,makasih bang dah mainin game ga peduliin orang suka ngegoreng just do what you want ga ngerugiin orang semangat bang windah tunggu lanjut,"Thank you bro for playing the game, don't care if people like to fry, just do what you want, don't harm anyone's enthusiasm, bro, wait for more"
"THANK U SO MUCH BANG WINDAH

Makin sayang sama papa brando❤ sehat terus bang",thank u so much bang windah makin sayang sama papa brando sehat terus bang,thank u so much bang windah makin sayang sama papa brando sehat terus bang,thank u so much bang windah sayang papa brando sehat bang,thank u so much bang windah sayang papa brando sehat bang,"thank you so much, bro, windah, dear papa brando, healthy bro"
we bang gw ketinggalan 😭😭,we bang gw ketinggalan,we bang gw ketinggalan,we bang gw ketinggalan,we bang gw tinggal,"we bro, I'm staying"
JAINUL😭😭😭 gakuat,jainul gakuat,jainul gakuat,jainul gakuat,jainul gakuat,jainul is not strong
Jainul sama sulis ga tuh,jainul sama sulis ga tuh,jainul sama sulis ga tuh,jainul sulis ga tuh,jainul sulis ga tuh,Isn't it really difficult?
Kalep? 😭,kalep,kalep,kalep,kalep,calm
"Tapi ada beberapa di banner atau event ya, atau juga card gitu yg 13+",tapi ada beberapa di banner atau event ya atau juga card gitu yg,tapi ada beberapa di banner atau event ya atau juga card gitu yang,banner event ya card gitu,banner event ya card gitu,Event banners are cards like that
"emg zayne tuh bikin ughhh banget kak, aku baru main langsung kepincut wkwkwk",emg zayne tuh bikin ughhh banget kak aku baru main langsung kepincut wkwkwk,emg zayne tuh bikin ughhh banget kak aku baru main langsung kepincut tertawa,emg zayne tuh bikin ughhh banget kak main langsung kepincut tertawa,emg zayne tuh bikin ughhh banget kak main langsung kepincut tertawa,"Zayne really made me really ughhh, bro, I was immediately attracted to laughing"
 @sst4rgz  suami idaman dan mantu idaman semua mama2 asia 😭,sstrgz suami idaman dan mantu idaman semua mama asia,sstrgz suami idaman dan mantu idaman semua mama asia,sstrgz suami idaman mantu idaman mama asia,sstrgz suami idam mantu idam mama asia,sstrgz Asian mom's dream husband's daughter-in-law dreams
Makasih bang windah sudah menghibur kami para perempuan untuk memainkan permainan ini walaupun di hujat sama bocil² kematian kami tetap mendukung bang Windah !!🎉🎉❤,makasih bang windah sudah menghibur kami para perempuan untuk memainkan permainan ini walaupun di hujat sama bocil kematian kami tetap mendukung bang windah,makasih bang windah sudah menghibur kami para perempuan untuk memainkan permainan ini walaupun di hujat sama bocil kematian kami tetap mendukung bang windah,makasih bang windah menghibur perempuan memainkan permainan hujat bocil kematian mendukung bang windah,makasih bang windah hibur perempuan main main hujat bocil mati dukung bang windah,"Thank you, Bro Windah, for entertaining women playing around and blaspheming little kids to death, support Bang Windah"
3:13 streamer kurang persiapan,streamer kurang persiapan,streamer kurang persiapan,streamer persiapan,streamer siap,streamer ready
Nice sip bang,nice sip bang,nice sip bang,nice sip bang,nice sip bang,"nice, bro"
makasii bang windah❤❤❤❤,makasii bang windah,makasii bang windah,makasii bang windah,makasii bang windah,Thanks bro Windah
Thank you and respect buat bang windah,thank you and respect buat bang windah,thank you and respect buat bang windah,thank you and respect bang windah,thank you and respect bang windah,thank you and respect bro windah
YAYYYY BRANDO MAIN LADSSS,yayyyy brando main ladsss,yayyyy brando main ladsss,yayyyy brando main ladsss,yayyyy brando main ladsss,yayyyy brando plays ladsss
pas bagian sylus ampe nge screenshoot terus🤣,pas bagian sylus ampe nge screenshoot terus,pas bagian sylus ampe nge screenshoot terus,pas sylus ampe nge screenshoot,pas sylus ampe nge screenshoot,right after the sylus took a screenshot
"akhirnya 🔥🔥🔥, bang kapan main Minecraft lagi?😢",akhirnya bang kapan main minecraft lagi,akhirnya bang kapan main minecraft lagi,bang main minecraft,bang main minecraft,"bro, play minecraft"
SEMUANYA PACAR SUAMI KUU,semuanya pacar suami kuu,semuanya pacar suami kuu,pacar suami kuu,pacar suami kuu,my husband's girlfriend
Ayo kita gas spam rating b1 di play store,ayo kita gas spam rating b di play store,ayo kita gas spam rating b di play store,ayo gas spam rating b play store,ayo gas spam rating b play store,"Come on, gas spam rating B Play Store"
"Windah : K, I'll doit my self",windah k ill doit my self,windah k ill doit my self,windah k ill doit my self,windah k ill doit my self,windah k ill doit my self
Akhirnya bukan love and deepcrash lagi,akhirnya bukan love and deepcrash lagi,akhirnya bukan love and deepcrash lagi,love and deepcrash,love and deepcrash,love and deep crash
Trending yeyeyeyeyeyy❤❤❤❤,trending yeyeyeyeyeyy,trending yeyeyeyeyeyy,trending yeyeyeyeyeyy,trending yeyeyeyeyeyy,trending yeyeyeyeyeyy
makasih banyak udah main game nya banggg,makasih banyak udah main game nya banggg,makasih banyak sudah main game nya banggg,makasih main game nya banggg,makasih main game nya banggg,Thank you for playing the game bro
Aku setelah memainkan game ini langsung punya cewek bang,aku setelah memainkan game ini langsung punya cewek bang,aku setelah memainkan game ini langsung punya cewek bang,memainkan game langsung cewek bang,main game langsung cewek bang,"Play games directly with girls, bro"
Karakternya ganteng apa gw harus coba jg ya :v,karakternya ganteng apa gw harus coba jg ya v,karakternya ganteng apa gw harus coba juga ya v,karakternya ganteng gw coba ya v,karakter ganteng gw coba ya v,"I'll try my handsome character, v"
semalem gw kaga ikut nonton stream 😭😭😭,semalem gw kaga ikut nonton stream,semalem gw kaga ikut nonton stream,semalem gw kaga nonton stream,semalem gw kaga nonton stream,Last night I didn't watch the stream
hello bang windah,hello bang windah,hello bang windah,hello bang windah,hello bang windah,hello bro windah
unlock cerita cyborg bang aku jadi penasaran ama alur ceritanya.,unlock cerita cyborg bang aku jadi penasaran ama alur ceritanya,unlock cerita cyborg bang aku jadi penasaran ama alur ceritanya,unlock cerita cyborg bang penasaran ama alur ceritanya,unlock cerita cyborg bang penasaran ama alur cerita,"unlock the cyborg story bro, I'm curious about the storyline"
"i know, i'm pretty",i know im pretty,i know im pretty,i know im pretty,i know im pretty,i know im pretty
Ty buat bg windah luvv luvv uda mw mainin ini lgii jg berusaha buat mainin❤❤❤❤,ty buat bg windah luvv luvv uda mw mainin ini lgii jg berusaha buat mainin,ty buat bang windah luvv luvv uda mw mainin ini lgii juga berusaha buat mainin,ty bang windah luvv luvv uda mw mainin lgii berusaha mainin,ty bang windah luvv luvv uda mw mainin lgii usaha mainin,ty bro windah luvv luvv I've been playing again trying to play
najis caper,najis caper,najis caper,najis caper,najis caper,unclean capers
Pfp badut 🥴,pfp badut,pfp badut,pfp badut,pfp badut,pfp clown
Bocil caper😂,bocil caper,bocil caper,bocil caper,bocil caper,little capers
@lightphocnix  lu kali yang caper dek,lightphocnix lu kali yang caper dek,lightphocnix lu kali yang caper dek,lightphocnix lu kali caper dek,lightphocnix lu kali caper dek,"lightphocnix, you're caper"
Si suki knp jir,si suki knp jir,si suki knp jir,si suki knp jir,si suki knp jir,Suki why sir?
 @Jun9forone  lah lu yang kenapa dek 😂,junforone lah lu yang kenapa dek,junforone lah lu yang kenapa dek,junforone lu dek,junforone lu dek,Junforone you bro
Ini game khusus cewek kocak kocak 😂😂,ini game khusus cewek kocak kocak,ini game khusus cewek kocak kocak,game khusus cewek kocak kocak,game khusus cewek kocak kocak,Hilarious special games for girls
Attention seeker,attention seeker,attention seeker,attention seeker,attention seeker,attention seeker
@Dipapalipapalepale ngaca dek wkwkkw,dipapalipapalepale ngaca dek wkwkkw,dipapalipapalepale ngaca dek wkwkkw,dipapalipapalepale ngaca dek wkwkkw,dipapalipapalepale ngaca dek wkwkkw,dipapalipapalepale looking at the deck hahaha
Klo gk ngerti mendingan gk usah,klo gk ngerti mendingan gk usah,klo gk ngerti mendingan gk usah,klo gk ngerti mendingan gk,klo gk ngerti mending gk,"If you don't understand, it's better not to"
@ashiPrisilia emng ini game high mekanik ya?,ashiprisilia emng ini game high mekanik ya,ashiprisilia emng ini game high mekanik ya,ashiprisilia emng game high mekanik ya,ashiprisilia emng game high mekanik ya,"ashiprisilia is a high mechanical game, right?"
aduhaiii,aduhaiii,aduhaiii,aduhaiii,aduhaiii,oh my
AAAAAAA AKHIRNYA SENENG BANGETTTT,aaaaaaa akhirnya seneng bangetttt,aaaaaaa akhirnya seneng bangetttt,aaaaaaa seneng bangetttt,aaaaaaa neng bangetttt,aaaaaaa really nice
sapa bang,sapa bang,sapa bang,sapa bang,sapa bang,who?
YYYEEYYYYY,yyyeeyyyyy,yyyeeyyyyy,yyyeeyyyyy,yyyeeyyyyy,yyyeeyyyyy
semangatt bangg windahh❤,semangatt bangg windahh,semangatt bangg windahh,semangatt bangg windahh,semangatt bangg windahh,Windah's enthusiasm
2:49:38 itu elu bang😭🗿,itu elu bang,itu elu bang,elu bang,elu bang,you bro
"Seneng bangettt bah windah main iniii , kota yang gak bisa mainnya hanya bisa liattt , smeoga kedepnya bah windah mau main lagi mau liat date nya sylusss ❤❤❤",seneng bangettt bah windah main iniii kota yang gak bisa mainnya hanya bisa liattt smeoga kedepnya bah windah mau main lagi mau liat date nya sylusss,seneng bangettt bah windah main ini kota yang gak bisa mainnya hanya bisa liattt smeoga kedepnya bah windah mau main lagi mau liat date nya sylusss,seneng bangettt bah windah main kota gak mainnya liattt smeoga kedepnya bah windah main liat date nya sylusss,neng bangettt bah windah main kota gak main liattt smeoga kedepnya bah windah main liat date nya sylusss,"Neng, it's really great that Windah is playing in the city, I'm not playing, I hope in the future, Windah is playing, I'm going to see the date, sylusss"
THANK U BANG WINDAHHH ❤,thank u bang windahhh,thank u bang windahhh,thank u bang windahhh,thank u bang windahhh,thank you bro windahhh
"Apapun game yg bg windah mainkn sy dukung2 aja krna aku sudah yakin bg Windah it udh observasi duluan game yg ingin dimainkn dan juga mempertimbangkn jumlah penontonnya etc,semangat terus bang",apapun game yg bg windah mainkn sy dukung aja krna aku sudah yakin bg windah it udh observasi duluan game yg ingin dimainkn dan juga mempertimbangkn jumlah penontonnya etcsemangat terus bang,apapun game yang bang windah mainkn sy dukung saja krna aku sudah yakin bang windah it udh observasi duluan game yang ingin dimainkn dan juga mempertimbangkn jumlah penontonnya etcsemangat terus bang,apapun game bang windah mainkn sy dukung krna bang windah it udh observasi duluan game dimainkn mempertimbangkn penontonnya etcsemangat bang,apa game bang windah mainkn sy dukung krna bang windah it udh observasi duluan game dimainkn mempertimbangkn tonton etcsemangat bang,"What game do you want to play, Bro Windah, I support it because Bro Windah, I've already observed the game first, considering watching it, etc. Cheer up, bro."
Thankyou bang,thankyou bang,thankyou bang,thankyou bang,thankyou bang,thank you bro
There's nothing wrong with this game❤,theres nothing wrong with this game,theres nothing wrong with this game,theres nothing wrong with this game,theres nothing wrong with this game,there's nothing wrong with this game
Bang kenapa evelyn Lockhart sih namanya harusnya evelyn imroatus,bang kenapa evelyn lockhart sih namanya harusnya evelyn imroatus,bang kenapa evelyn lockhart sih namanya harusnya evelyn imroatus,bang evelyn lockhart sih namanya evelyn imroatus,bang evelyn lockhart sih nama evelyn imroatus,"Bro, Evelyn Lockhart's name is Evelyn Imroatus"
"Ngakak banget sm reaksi bang windah, dia bisa ngimbangi cara komunikasi ke penonton cwek
contoh ""disini ada gak cwek yg cita²nya pegang dada pria berambut biru""🤣😭 26:49",ngakak banget sm reaksi bang windah dia bisa ngimbangi cara komunikasi ke penonton cwek contoh disini ada gak cwek yg citanya pegang dada pria berambut biru,ngakak banget sm reaksi bang windah dia bisa ngimbangi cara komunikasi ke penonton cwek contoh disini ada gak cwek yang citanya pegang dada pria berambut biru,ngakak banget sm reaksi bang windah ngimbangi komunikasi penonton cwek contoh gak cwek citanya pegang dada pria berambut biru,ngakak banget sm reaksi bang windah ngimbangi komunikasi tonton cwek contoh gak cwek cita pegang dada pria rambut biru,"I'm really laughing because Bro Windah's reaction balances communication. Watch girls, for example, girls don't want to grab a man's chest with blue hair."
"AKKKK SUAMI AK SEMUA

Zayne, ayel, sapier ama caleeeeeb, sylus uga ueueueue 😭❤",akkkk suami ak semua zayne ayel sapier ama caleeeeeb sylus uga ueueueue,akkkk suami ak semua zayne ayel sapier ama caleeeeeb sylus uga ueueueue,akkkk suami ak zayne ayel sapier ama caleeeeeb sylus uga ueueueue,akkkk suami ak zayne ayel sapier ama caleeeeeb sylus uga ueueueue,akkkk ak zayne's husband ayel sapier ama caleeeeeb sylus uga ueueueue
Yang komen buruk ttg game ini muka mereka jelek dan iri sama karakter di game ini,yang komen buruk ttg game ini muka mereka jelek dan iri sama karakter di game ini,yang komen buruk ttg game ini muka mereka jelek dan iri sama karakter di game ini,komen buruk ttg game muka jelek iri karakter game,komen buruk ttg game muka jelek iri karakter game,"bad comments about the game, ugly faces, envy of the game characters"
gua udah 1 tahunan main ni game🗿🗿,gua udah tahunan main ni game,gua sudah tahunan main ni game,gua tahunan main ni game,gua tahun main ni game,I've been playing this game for years
"akhirnya di mainin juga game ini, thank you bang windah :33 may God always bless you 🤗",akhirnya di mainin juga game ini thank you bang windah may god always bless you,akhirnya di mainin juga game ini thank you bang windah may god always bless you,mainin game thank you bang windah may god always bless you,mainin game thank you bang windah may god always bless you,play the game thank you bro windah may god always bless you
Pengen bgt main game ini tapi hp ku gak support 😢 makasih bang windah udah mainin game ini jadi tau ada story nya 🥰,pengen bgt main game ini tapi hp ku gak support makasih bang windah udah mainin game ini jadi tau ada story nya,pengen banget main game ini tapi hp ku gak support makasih bang windah sudah mainin game ini jadi tau ada story nya,pengen banget main game hp ku gak support makasih bang windah mainin game tau story nya,ken banget main game hp ku gak support makasih bang windah mainin game tau story nya,"It's really cool to play games on my cellphone, it doesn't support it, thank you bro, Windah, play the game and know the story"
huhu aku telat bang padahal kemarin paling semangat t__t Terimakasih ya bang sudah mainin game ini walaupun memang sempat ada prahara. Tapi abang tetap main dan jujur aku seneng karena sebagai orang yang gabisa main ini karena kehalang device- abang mainin ini jadi aku tahu gimana jalan ceritanya! Terimakasih ya bang❤ ❤❤Sehat selalu bamg windows aylofyu,huhu aku telat bang padahal kemarin paling semangat tt terimakasih ya bang sudah mainin game ini walaupun memang sempat ada prahara tapi abang tetap main dan jujur aku seneng karena sebagai orang yang gabisa main ini karena kehalang device abang mainin ini jadi aku tahu gimana jalan ceritanya terimakasih ya bang sehat selalu bamg windows aylofyu,huhu aku telat bang padahal kemarin paling semangat tt terimakasih ya bang sudah mainin game ini walaupun memang sempat ada prahara tapi abang tetap main dan jujur aku seneng karena sebagai orang yang gabisa main ini karena kehalang device abang mainin ini jadi aku tahu gimana jalan ceritanya terimakasih ya bang sehat selalu bamg windows aylofyu,huhu telat bang kemarin semangat tt terimakasih ya bang mainin game prahara abang main jujur seneng orang gabisa main kehalang device abang mainin gimana jalan ceritanya terimakasih ya bang sehat bamg windows aylofyu,huhu telat bang kemarin semangat tt terimakasih ya bang mainin game prahara abang main jujur neng orang gabisa main halang device abang mainin gimana jalan cerita terimakasih ya bang sehat bamg windows aylofyu,"ugh, I was late yesterday, cheer up, thank you, bro, play the tempest game, bro, play honestly, bro, people can't play halang device, bro, how's the story going, thank you, bro, it's healthy, bro, windows aylofyu"
yang di kanan bawah lebih ganteng dari semua cowo digame itu bang ❤,yang di kanan bawah lebih ganteng dari semua cowo digame itu bang,yang di kanan bawah lebih ganteng dari semua cowo digame itu bang,kanan ganteng cowo digame bang,kanan ganteng cowo digame bang,"Right, handsome guy in the game, bro"
"Makasih bang udah main game ini😍
Aku selalu ngakak liat ekspresi lu bang😂
Semangat terusss",makasih bang udah main game ini aku selalu ngakak liat ekspresi lu bang semangat terusss,makasih bang sudah main game ini aku selalu ngakak liat ekspresi lu bang semangat terusss,makasih bang main game ngakak liat ekspresi lu bang semangat terusss,makasih bang main game ngakak liat ekspresi lu bang semangat terusss,"Thank you, bro, playing the game, I can't see your expression, bro, keep up the enthusiasm"
Siapa sh youtuber yg di sindir2 Mulu sm bng windah😮,siapa sh youtuber yg di sindir mulu sm bng windah,siapa sh youtuber yang di sindir mulu sm bng windah,sh youtuber sindir mulu sm bng windah,sh youtuber sindir mulu sm bng windah,sh youtuber sarcastically smug bng windah
"ditunggu part 2nya banggg, makasih udah mainin lads🥺🤏🏻",ditunggu part nya banggg makasih udah mainin lads,ditunggu part nya banggg makasih sudah mainin lads,ditunggu part nya banggg makasih mainin lads,tunggu part nya banggg makasih mainin lads,"Wait for the part bro, thanks for playing lads"
MAKASIH BANG UDAH MAIN GAME INI❤❤,makasih bang udah main game ini,makasih bang sudah main game ini,makasih bang main game,makasih bang main game,thanks bro for playing the game
"Huwaaa, abang dapet kartu yang ku mau😢😢😢tapi gpp, makasih ya bang respect nya, keren positif semua",huwaaa abang dapet kartu yang ku mautapi gpp makasih ya bang respect nya keren positif semua,huwaaa abang dapet kartu yang ku mautapi gpp makasih ya bang respect nya keren positif semua,huwaaa abang dapet kartu ku mautapi gpp makasih ya bang respect nya keren positif,huwaaa abang dapet kartu ku mautapi gpp makasih ya bang respect nya keren positif,"Wow, bro, I got my card, but it's okay, thank you, bro, the respect is cool, positive"
Thank you dah maen bang🙏,thank you dah maen bang,thank you dah maen bang,thank you dah maen bang,thank you dah maen bang,thank you for playing bro
Bang lu lebih ganteng,bang lu lebih ganteng,bang lu lebih ganteng,bang lu ganteng,bang lu ganteng,"bro, you're handsome"
BANG MAIN SIMCITY SAMPE TAMAT BANG,bang main simcity sampe tamat bang,bang main simcity sampe tamat bang,bang main simcity sampe tamat bang,bang main simcity sampe tamat bang,"bro, play Simcity until the end bro"
"storynya bagus banget, berasa baca manhwa romance versi 3d, sayang aja hp gua ga mendukung buat main ni game",storynya bagus banget berasa baca manhwa romance versi d sayang aja hp gua ga mendukung buat main ni game,storynya bagus banget berasa baca manhwa romance versi d sayang saja hp gua ga mendukung buat main ni game,storynya bagus banget berasa baca manhwa romance versi d sayang hp gua ga mendukung main ni game,storynya bagus banget asa baca manhwa romance versi d sayang hp gua ga dukung main ni game,The story is really good. I hope to read the D version of the Manhwa Romance. Unfortunately my cellphone doesn't support playing this game
MAKASIHHHH BANGGGG UDAHH MAININNN GAMEE NYAAAA AKUUU SAYANGG PAPA BRANDOO ❤,makasihhhh bangggg udahh maininnn gamee nyaaaa akuuu sayangg papa brandoo,makasihhhh bangggg udahh maininnn gamee nyaaaa akuuu sayangg papa brandoo,makasihhhh bangggg udahh maininnn gamee nyaaaa akuuu sayangg papa brandoo,makasihhhh bangggg udahh maininnn gamee nyaaaa akuuu sayangg papa brandoo,"Thank you, I'm proud to have played the game, I love Papa Brandoo"
BANG AKU SENENG AKHIRNYA KAMU JADI MAIN GAME INI (*゜▽゜)_□,bang aku seneng akhirnya kamu jadi main game ini,bang aku seneng akhirnya kamu jadi main game ini,bang seneng main game,bang neng main game,"Bro, I'm playing a game"
"Aman kan bang live yang ini, gak kaya live yang sebelumnya?
Kalo aman yah baguslahh 😊",aman kan bang live yang ini gak kaya live yang sebelumnya kalo aman yah baguslahh,aman kan bang live yang ini gak kaya live yang sebelumnya kalo aman yah baguslahh,aman bang live gak kaya live kalo aman yah baguslahh,aman bang live gak kaya live kalo aman yah baguslahh,"It's safe bro, live isn't like live if it's safe, that's good"
"bang lain kali kalau main kamu fokus aja ke main story dari awal ke akhir jadi jangan lompat lompat gitu. not an insult, soalnya aku yang ga terlalu mengikuti game ini jadi kalau lompat lompat story gitu kayak kurang sreg aja. dan karena aku suka sama bang windah yg menikmati game story dari awal ke akhir. but overall this game is good girls! u're right, there's nothing wrong with this game!🔥
so thankful sudah menyempatkan 3 jamnya untuk mainin dan mereview game ini, big respect for u bang💞❤️",bang lain kali kalau main kamu fokus aja ke main story dari awal ke akhir jadi jangan lompat lompat gitu not an insult soalnya aku yang ga terlalu mengikuti game ini jadi kalau lompat lompat story gitu kayak kurang sreg aja dan karena aku suka sama bang windah yg menikmati game story dari awal ke akhir but overall this game is good girls ure right theres nothing wrong with this game so thankful sudah menyempatkan jamnya untuk mainin dan mereview game ini big respect for u bang,bang lain kali kalau main kamu fokus saja ke main story dari awal ke akhir jadi jangan lompat lompat gitu not an insult soalnya aku yang ga terlalu mengikuti game ini jadi kalau lompat lompat story gitu kayak kurang sreg saja dan karena aku suka sama bang windah yang menikmati game story dari awal ke akhir but overall this game is good girls ure right theres nothing wrong with this game so thankful sudah menyempatkan jamnya untuk mainin dan mereview game ini big respect for u bang,bang kali main fokus main story lompat lompat gitu not an insult ga mengikuti game lompat lompat story gitu kayak sreg suka bang windah menikmati game story but overall this game is good girls ure right theres nothing wrong with this game so thankful menyempatkan jamnya mainin mereview game big respect for u bang,bang kali main fokus main story lompat lompat gitu not an insult ga ikut game lompat lompat story gitu kayak sreg suka bang windah nikmat game story but overall this game is good girls ure right theres nothing wrong with this game so thankful sempat jam mainin mereview game big respect for u bang,"Bro, you can play, focus on playing the story, jump and jump, not an insult, don't take part in the game, jump and jump, the story is like that, like it, I like it, bro, Windah enjoys the story game, but overall this game is good, girls, right, there's nothing wrong with this game, so thankfully I had time to play, reviewing the game, big respect for you, bro."
KETIK 1 JIKA KAMU SETUJU BANG WINDAH JADI PRESIDEN 😋☝️,ketik jika kamu setuju bang windah jadi presiden,ketik jika kamu setuju bang windah jadi presiden,ketik setuju bang windah presiden,ketik tuju bang windah presiden,type go to bang windah president
BANG WINDAH GG SUDAH MAININ GAME INI😅,bang windah gg sudah mainin game ini,bang windah gg sudah mainin game ini,bang windah gg mainin game,bang windah gg mainin game,"Bro, Windah doesn't play games"
O,o,o,o,o,o
bang kamu mirip zayne,bang kamu mirip zayne,bang kamu mirip zayne,bang zayne,bang zayne,Zayne bro
"ngakak 3 jam nonton bang windah main LNDS 😭

makasih ya bang udah dimainin gamenya, sehat selalu baang 😸",ngakak jam nonton bang windah main lnds makasih ya bang udah dimainin gamenya sehat selalu baang,ngakak jam nonton bang windah main lnds makasih ya bang sudah dimainin gamenya sehat selalu baang,ngakak jam nonton bang windah main lnds makasih ya bang dimainin gamenya sehat baang,ngakak jam nonton bang windah main lnds makasih ya bang dimainin gamenya sehat baang,"I was laughing while watching Bro Windah playing Lnds, thanks bro, playing the game is healthy bro"
"Wah gg, trending",wah gg trending,wah gg trending,gg trending,gg trending,gg trending
"Penasaran aja nonton soalnya rame karna apa ,",penasaran aja nonton soalnya rame karna apa,penasaran saja nonton soalnya rame karna apa,penasaran nonton rame karna,penasaran nonton rame karna,I'm curious to watch it because
Wah kepanasan 😂,wah kepanasan,wah kepanasan,kepanasan,panas,hot
bang aku sampe ketiduran,bang aku sampe ketiduran,bang aku sampe ketiduran,bang sampe ketiduran,bang sampe tidur,bro until I fell asleep
Aku benci Ilham 😡,aku benci ilham,aku benci ilham,benci ilham,benci ilham,hate inspiration
BANG MAIN GAME  Couple-Cultivation Saves the World,bang main game couplecultivation saves the world,bang main game couplecultivation saves the world,bang main game couplecultivation saves the world,bang main game couplecultivation saves the world,"bro, play the game couplecultivation saves the world"
"Makasih ya bang windah udah main game ini. Walau sempet pas awal awal mau main game ini ada huru hara jg, tapi seneng bgt liat abang enjoy bgt main game ini.",makasih ya bang windah udah main game ini walau sempet pas awal awal mau main game ini ada huru hara jg tapi seneng bgt liat abang enjoy bgt main game ini,makasih ya bang windah sudah main game ini walau sempet pas awal awal mau main game ini ada huru hara juga tapi seneng banget liat abang enjoy banget main game ini,makasih ya bang windah main game sempet pas main game huru hara seneng banget liat abang enjoy banget main game,makasih ya bang windah main game sempet pas main game huru hara neng banget liat abang enjoy banget main game,"Thank you, bro, for playing the game, when I was playing the riot game, I really saw that you really enjoyed playing the game"
Yeyyy,yeyyy,yeyyy,yeyyy,yeyyy,yeyyy
"Terpantau banyak ciwi2 bahagia, termasuk aku. Thankyou bang windah😊",terpantau banyak ciwi bahagia termasuk aku thankyou bang windah,terpantau banyak ciwi bahagia termasuk aku thankyou bang windah,terpantau ciwi bahagia thankyou bang windah,pantau ciwi bahagia thankyou bang windah,monitor happy ciwi thank you bro windah
Emang cowo cowo yg protes tuh double standar anjir,emang cowo cowo yg protes tuh double standar anjir,emang cowo cowo yang protes tuh double standar anjir,emang cowo cowo protes tuh double standar anjir,emang cowo cowo protes tuh double standar anjir,"It's true that men and women are protesting, that's a double standard, sir"
"MAKASIHHH BANG UDH MAININ GAME INI, BTW SYLUS KUU GANTENGG BNGTT🥰❤",makasihhh bang udh mainin game ini btw sylus kuu gantengg bngtt,makasihhh bang udh mainin game ini by the way sylus kuu gantengg bngtt,makasihhh bang udh mainin game by the way sylus kuu gantengg bngtt,makasihhh bang udh mainin game by the way sylus kuu gantengg bngtt,Thank you bro for playing the game by the way Sylus Kuu is really handsome
anjayyy akhirnya setelah 7 purnama bang windah main game iniii😀😀,anjayyy akhirnya setelah purnama bang windah main game iniii,anjayyy akhirnya setelah purnama bang windah main game ini,anjayyy purnama bang windah main game,anjayyy purnama bang windah main game,Anjayyy Purma Bang Windah plays games
Fans cewek kesenengan,fans cewek kesenengan,fans cewek kesenengan,fans cewek kesenengan,fans cewek neng,"female fans, bro"
Bang rafayel imut dan pacarku,bang rafayel imut dan pacarku,bang rafayel imut dan pacarku,bang rafayel imut pacarku,bang rafayel imut pacar,Bang Rafayel is a cute girlfriend
Pleaseee lanjutttt banggg,pleaseee lanjutttt banggg,pleaseee lanjutttt banggg,pleaseee lanjutttt banggg,pleaseee lanjutttt banggg,please continue bro
DONGHUA,donghua,donghua,donghua,donghua,donghua
"Respect to bang Windah, melanjutkan hal yg sudah dimulai",respect to bang windah melanjutkan hal yg sudah dimulai,respect to bang windah melanjutkan hal yang sudah dimulai,respect to bang windah melanjutkan,respect to bang windah lanjut,respect to bang windah continue
KOCAKK MALAH SALTING,kocakk malah salting,kocakk malah salting,kocakk salting,kocakk salting,salting is hilarious
ini gim apa bang,ini gim apa bang,ini gim apa bang,gim bang,gim bang,game bro
"makasih bang windah udah mainin game ini, iloyvu bang❤",makasih bang windah udah mainin game ini iloyvu bang,makasih bang windah sudah mainin game ini iloyvu bang,makasih bang windah mainin game iloyvu bang,makasih bang windah mainin game iloyvu bang,"Thank you, bro, for playing the Iloyvu game, bro"
"Bang coba main my child lebensborn dong, game story simple tapi bikin terharu",bang coba main my child lebensborn dong game story simple tapi bikin terharu,bang coba main my child lebensborn dong game story simple tapi bikin terharu,bang coba main my child lebensborn game story simple bikin terharu,bang coba main my child lebensborn game story simple bikin haru,"Bro, try playing My Child Lebensborn, the simple story game will make you emotional"
3:00:00,,,,,
19:38 ni cewek manis bgt jir tipe gw 😁🥰 langsung suka wkwkwk,ni cewek manis bgt jir tipe gw langsung suka wkwkwk,ni cewek manis banget jir tipe gw langsung suka tertawa,ni cewek manis banget jir tipe gw langsung suka tertawa,ni cewek manis banget jir tipe gw langsung suka tertawa,"This is a really sweet girl, my type just loves to laugh"
Gk jelas,gk jelas,gk jelas,gk,gk,No
Gass min bggg 😁,gass min bggg,gass min bggg,gass min bggg,gass min bggg,gass ​​min bggg
gw cowok dan gw adalah sylus 😈😈,gw cowok dan gw adalah sylus,gw cowok dan gw adalah sylus,gw cowok gw sylus,gw cowok gw sylus,"I'm a guy, I'm Sylus"
"Terimakasih bang windah udah main game ini, udah banyak halangannya dari kemarin dan tpp usaha buat main😢 We all love yuuu",terimakasih bang windah udah main game ini udah banyak halangannya dari kemarin dan tpp usaha buat main we all love yuuu,terimakasih bang windah sudah main game ini sudah banyak halangannya dari kemarin dan tpp usaha buat main we all love yuuu,terimakasih bang windah main game halangannya kemarin tpp usaha main we all love yuuu,terimakasih bang windah main game halang kemarin tpp usaha main we all love yuuu,"Thank you bro, Windah played the Halang game yesterday but tried to play, we all love Yuuu"
"thank you soo much bang windah❤
selamat buat cowo cowo yang yang gak respect ke kita, bang windah prove that he's bijaksana dan respect ke viewers cewe, we love youu bang windah ! aku seneng banget ga salah support orang selama ini❤",thank you soo much bang windah selamat buat cowo cowo yang yang gak respect ke kita bang windah prove that hes bijaksana dan respect ke viewers cewe we love youu bang windah aku seneng banget ga salah support orang selama ini,thank you soo much bang windah selamat buat cowo cowo yang yang gak respect ke kita bang windah prove that hes bijaksana dan respect ke viewers cewe we love youu bang windah aku seneng banget ga salah support orang selama ini,thank you soo much bang windah selamat cowo cowo gak respect bang windah prove that hes bijaksana respect viewers cewe we love youu bang windah seneng banget ga salah support orang,thank you soo much bang windah selamat cowo cowo gak respect bang windah prove that hes bijaksana respect viewers cewe we love youu bang windah neng banget ga salah support orang,thank you so much bro Windah congratulations guys guys don't respect bro Windah prove that he's wise respect female viewers we love you bro windah neng it's really not wrong to support people
"Nontonin vidio bang windah ❌
Nontonin live chat ☠️",nontonin vidio bang windah nontonin live chat,nontonin vidio bang windah nontonin live chat,nontonin vidio bang windah nontonin live chat,nontonin vidio bang windah nontonin live chat,"Watch the video, Bang Windah, watch the live chat"
aku suka sayne,aku suka sayne,aku suka sayne,suka sayne,suka sayne,"I like it, Sayne"
Seruuu,seruuu,seruuu,seruuu,seruuu,it's fun
Bjir komentar cowok tenggelam,bjir komentar cowok tenggelam,bjir komentar cowok tenggelam,bjir komentar cowok tenggelam,bjir komentar cowok tenggelam,the flood of male comments is drowning
"terimakasihh banyakk bangg windaah, udah mainin inii❤❤",terimakasihh banyakk bangg windaah udah mainin inii,terimakasihh banyakk bangg windaah sudah mainin inii,terimakasihh banyakk bangg windaah mainin inii,terimakasihh banyakk bangg windaah mainin ini,"Thank you very much, I'm proud to play this"
Giliran game ginian dimainin 3 jam tapi giliran roblox sejam aja ga nyampe😢,giliran game ginian dimainin jam tapi giliran roblox sejam aja ga nyampe,giliran game ginian dimainin jam tapi giliran roblox sejam saja ga nyampe,giliran game ginian dimainin jam giliran roblox sejam ga nyampe,gilir game ginian dimainin jam gilir roblox jam ga nyampe,"When you play this game, it's time to play Roblox when it doesn't arrive"
Semangat bang,semangat bang,semangat bang,semangat bang,semangat bang,cheer up bro
"telat nonton, tapi bakal ku rewatch. btw makasih ya bang udh main game nya, semoga harimu menyenangkan (⁠・⁠o⁠・⁠)",telat nonton tapi bakal ku rewatch btw makasih ya bang udh main game nya semoga harimu menyenangkan o,telat nonton tapi bakal ku rewatch by the way makasih ya bang udh main game nya semoga harimu menyenangkan o,telat nonton ku rewatch by the way makasih ya bang udh main game nya semoga harimu menyenangkan o,telat nonton ku rewatch by the way makasih ya bang udh main game nya moga hari senang o,"I was late watching, I rewatched it by the way, thank you bro for playing the game, have a happy day o"
THANK YOU BANG WINDAH SUDAH MEMAINKAN GAME INI🥰🥰🥰🥰,thank you bang windah sudah memainkan game ini,thank you bang windah sudah memainkan game ini,thank you bang windah memainkan game,thank you bang windah main game,"Thank you bro, Windah for playing the game"
"30:20 56:00 salting
48:40 di telpon
2:24:00 tatapan",salting di telpon tatapan,salting di telpon tatapan,salting telpon tatapan,salting telpon tatap,salting the phone face to face
Etdah yang komen cewe semua,etdah yang komen cewe semua,etdah yang komen cewe semua,etdah komen cewe,etdah komen cewe,"OK, girl's comment"
Makasi bang windows🎉,makasi bang windows,makasi bang windows,makasi bang windows,makas bang windows,Thanks bro Windows
Percaya lah pembuat game anime mukanya bapak bapak,percaya lah pembuat game anime mukanya bapak bapak,percaya lah pembuat game anime mukanya bapak bapak,percaya pembuat game anime mukanya,percaya buat game anime muka,believe in making advance anime games
Thank you bangg,thank you bangg,thank you bangg,thank you bangg,thank you bangg,thank you bro
"GG walau windah cowok tetapi windah tetep menghibur para cewek





Edit: dipin windah cuyyyy",gg walau windah cowok tetapi windah tetep menghibur para cewek edit dipin windah cuyyyy,gg walau windah cowok tetapi windah tetep menghibur para cewek edit dipin windah cuyyyy,gg windah cowok windah tetep menghibur cewek edit dipin windah cuyyyy,gg windah cowok windah tetep hibur cewek edit pin windah cuyyyy,gg windah guy windah still entertain girls edit pin windah cuyyyy
"Finally bang, setelah retake video berkali2",finally bang setelah retake video berkali,finally bang setelah retake video berkali,finally bang retake video berkali,finally bang retake video kali,"finally bro, retake the video"
"yang rambut putih mirip noctis final fantasy, siapa namanya ganjar",yang rambut putih mirip noctis final fantasy siapa namanya ganjar,yang rambut putih mirip noctis final fantasy siapa namanya ganjar,rambut putih noctis final fantasy namanya ganjar,rambut putih noctis final fantasy nama ganjar,Noctis' white hair final fantasy name Ganjar
makanya jan pada rusuhin bg windah main,makanya jan pada rusuhin bg windah main,makanya jan pada rusuhin bang windah main,jan rusuhin bang windah main,jan rusuhin bang windah main,"Don't make a mess, Bang Windah plays"
 @catheesyy  kg jir,catheesyy kg jir,catheesyy kg jir,catheesyy kg jir,catheesyy kg jir,catheesyy kg jir
Sylus,sylus,sylus,sylus,sylus,sylus
lanjut homiciper la bg,lanjut homiciper la bg,lanjut homiciper la bang,homiciper la bang,homiciper la bang,homiciper la bro
THANK YOU bg windahh udah main ini gamee terus review positif buat game ini RESPECT BUAT BG WINDAHHH  💗,thank you bg windahh udah main ini gamee terus review positif buat game ini respect buat bg windahhh,thank you bang windahh sudah main ini gamee terus review positif buat game ini respect buat bang windahhh,thank you bang windahh main gamee review positif game respect bang windahhh,thank you bang windahh main gamee review positif game respect bang windahhh,thank you bro windahh playing the game positive review of the game respect bro windahh
lanjut part 2 banggg,lanjut part banggg,lanjut part banggg,part banggg,part banggg,part banggg
BANGGG MAKASIH IA DAH MAININ GAME INIIII❤❤❤❤❤,banggg makasih ia dah mainin game iniiii,banggg makasih ia dah mainin game iniiii,banggg makasih dah mainin game iniiii,banggg makasih dah mainin game iniiii,thanks for playing this game
"Bang ajak kak Agnes dong, biar kita bisa liat reaksi cewek kek gmn 😂😂, penasaran banget kl cewek Indo ngeliat beginian",bang ajak kak agnes dong biar kita bisa liat reaksi cewek kek gmn penasaran banget kl cewek indo ngeliat beginian,bang ajak kak agnes dong biar kita bisa liat reaksi cewek seperti gmn penasaran banget kl cewek indo ngeliat beginian,bang ajak kak agnes biar liat reaksi cewek gmn penasaran banget kl cewek indo ngeliat,bang ajak kak agnes biar liat reaksi cewek gmn penasaran banget kl cewek indo ngeliat,"Bro, invite Sis Agnes to see the girl's reaction. I'm really curious about the Indonesian girl watching"
Itu murah karena biar kamu beli bang🥲,itu murah karena biar kamu beli bang,itu murah karena biar kamu beli bang,murah biar beli bang,murah biar beli bang,cheap to buy bro
AKHIRNYA ILHAM DI CUEKIN🗿,akhirnya ilham di cuekin,akhirnya ilham di cuekin,ilham cuekin,ilham cuekin,cool inspiration
finallyyyy!!! thankyouu bang windah 🤟,finallyyyy thankyouu bang windah,finallyyyy thankyouu bang windah,finallyyyy thankyouu bang windah,finallyyyy thankyouu bang windah,finallyyyy thankyou bro windah
wkwk dari sini viewers cewek bg windah keliatan smua di live chat,wkwk dari sini viewers cewek bg windah keliatan smua di live chat,tertawa dari sini viewers cewek bang windah keliatan smua di live chat,tertawa viewers cewek bang windah keliatan smua live chat,tertawa viewers cewek bang windah liat smua live chat,"Laughing, female viewers, Bang Windah, saw all the live chat"
main last wargh bang,main last wargh bang,main last wargh bang,main last wargh bang,main last wargh bang,Play last war bro
thank u bang udah mainin game iniiii🫶🏻,thank u bang udah mainin game iniiii,thank u bang sudah mainin game iniiii,thank u bang mainin game iniiii,thank u bang mainin game iniiii,thank you bro for playing this game
"Main lgi bang, kli mau ganti efek skill nya ya harus dptin Card pair/Card solar nya baru bisa ganti efek skill, sering² main dong bang😢😢",main lgi bang kli mau ganti efek skill nya ya harus dptin card paircard solar nya baru bisa ganti efek skill sering main dong bang,main lgi bang kli mau ganti efek skill nya ya harus dptin card paircard solar nya baru bisa ganti efek skill sering main dong bang,main lgi bang kli ganti efek skill nya ya dptin card paircard solar nya ganti efek skill main bang,main lgi bang kli ganti efek skill nya ya dptin card paircard solar nya ganti efek skill main bang,"Play again, bro, when you change the skill effect, you get a Paircard Solar card, which changes the playing skill effect, bro"
"2:58:28 bang makasih bgt, dengan lu bilang gini kemungkinan besar cowo cowo aneh yg kemarin hate mungkin jd paham atau ngga lu udah negesin ke mereka ❤‍🩹",bang makasih bgt dengan lu bilang gini kemungkinan besar cowo cowo aneh yg kemarin hate mungkin jd paham atau ngga lu udah negesin ke mereka,bang makasih banget dengan lu bilang gini kemungkinan besar cowo cowo aneh yang kemarin hate mungkin jd paham atau ngga lu sudah negesin ke mereka,bang makasih banget lu bilang gini cowo cowo aneh kemarin hate jd paham ngga lu negesin,bang makasih banget lu bilang gin cowo cowo aneh kemarin hate jd paham ngga lu negesin,"Bro, thank you very much for saying that yesterday, strange guys, guys hated it, so I understand, didn't you ignore it?"
Ternyata gamenya biasa aja kalo yg nonton laki laki ya. Emang dibuat untuk cewe ni,ternyata gamenya biasa aja kalo yg nonton laki laki ya emang dibuat untuk cewe ni,ternyata gamenya biasa saja kalo yang nonton laki laki ya emang dibuat untuk cewe ni,gamenya kalo nonton laki laki ya emang cewe ni,gamenya kalo nonton laki laki ya emang cewe ni,"If you watch the game, it's really a girl's game"
"Vidio ini di kusus kan untuk cewe ya, cowo kalo mau nonton terserah 👍",vidio ini di kusus kan untuk cewe ya cowo kalo mau nonton terserah,vidio ini di kusus kan untuk cewe ya cowo kalo mau nonton terserah,vidio kusus cewe ya cowo kalo nonton terserah,vidio sus cewe ya cowo kalo nonton serah,"Sus video, girls, guys, if you watch it, it's up to you"
OMG YASSHHH GO BANG WINDAH PECINTA ZAAYNEE,omg yasshhh go bang windah pecinta zaaynee,omg yasshhh go bang windah pecinta zaaynee,omg yasshhh go bang windah pecinta zaaynee,omg yasshhh go bang windah cinta zaaynee,omg yessshhh go bang windah love zaaynee
"YEYY OMG GA DI HAPUSS, MAKASIH BANYAK YAA BANG 🫶🏻🫶🏻🫶🏻",yeyy omg ga di hapuss makasih banyak yaa bang,yeyy omg ga di hapuss makasih banyak yaa bang,yeyy omg ga hapuss makasih yaa bang,yeyy omg ga hapuss makasih yaa bang,"yeah, omg it didn't delete, thanks bro"
2:41:05 mirip rafayel bang,mirip rafayel bang,mirip rafayel bang,rafayel bang,rafayel bang,Rafayel bro
BANG GW SUKA BGTTTT BENERAN REVIEW INII… AS I EXPECT SIH PASTI BANG WINDAH REVIEWNYA GA ANEH ANEH!!! AAAK HAPPY BGTTTTT AKU SHIP BANG WINDAH SAMA SYLUS DAN ZAYNE WKWKWKWWK,bang gw suka bgtttt beneran review inii as i expect sih pasti bang windah reviewnya ga aneh aneh aaak happy bgttttt aku ship bang windah sama sylus dan zayne wkwkwkwwk,bang gw suka bgtttt beneran review inii as i expect sih pasti bang windah reviewnya ga aneh aneh aaak happy banget aku ship bang windah sama sylus dan zayne wkwkwkwwk,bang gw suka bgtttt beneran review inii as i expect sih bang windah reviewnya ga aneh aneh aaak happy banget ship bang windah sylus zayne wkwkwkwwk,bang gw suka bgtttt beneran review ini as i expect sih bang windah reviewnya ga aneh aneh aaak happy banget ship bang windah sylus zayne wkwkwkwwk,"Bro, I really like it, this review is as I expected, bro, Windah, the review isn't weird, I'm really happy to ship, Bro, Windah, Sylus Zayne, hahaha"
"bang aku ga maksa, aku mau request game yg anter2 kaca itu dong bang,  klo bang windah ga keberatan  :)) tapi kyanya 2 orang deh bang klo main itu :))",bang aku ga maksa aku mau request game yg anter kaca itu dong bang klo bang windah ga keberatan tapi kyanya orang deh bang klo main itu,bang aku ga maksa aku mau request game yang anter kaca itu dong bang klo bang windah ga keberatan tapi kyanya orang deh bang klo main itu,bang ga maksa request game anter kaca bang klo bang windah ga keberatan kyanya orang deh bang klo main,bang ga maksa request game anter kaca bang klo bang windah ga berat kyanya orang deh bang klo main,"Bro, you don't force requests for the glass delivery game, bro. If you play, Bang Windah, it's not that hard, bro."
"dikulum dikunyah
selamat pagi semuanyahhh",dikulum dikunyah selamat pagi semuanyahhh,dikulum dikunyah selamat pagi semuanyahhh,dikulum dikunyah selamat pagi semuanyahhh,kulum kunyah selamat pagi semuanyahhh,I'm chewing good morning everyone
makasih bang udah mau main game ini ❤❤❤,makasih bang udah mau main game ini,makasih bang sudah mau main game ini,makasih bang main game,makasih bang main game,thanks bro for playing the game
Makasih bang udh mainin game ini,makasih bang udh mainin game ini,makasih bang udh mainin game ini,makasih bang udh mainin game,makasih bang udh mainin game,Thank you bro for playing the game
"ubur ubur ikan lele, ketiduran leee",ubur ubur ikan lele ketiduran leee,ubur ubur ikan lele ketiduran leee,ubur ubur ikan lele ketiduran leee,ubur ubur ikan lele tidur leee,jellyfish catfish sleep leee
yu bisa yu trending 1!!❤❤,yu bisa yu trending,yu bisa yu trending,yu yu trending,yu yu trending,yu yu trending
Yang ngerti tolong jelasin doooong ini tuh story nya ini aja atau gimanaa deh??,yang ngerti tolong jelasin doooong ini tuh story nya ini aja atau gimanaa deh,yang ngerti tolong jelasin doooong ini tuh story nya ini saja atau gimanaa deh,ngerti tolong jelasin doooong tuh story nya gimanaa deh,ngerti tolong jelasin doooong tuh story nya gimanaa deh,"understand, please explain what the story is like"
"gw sebagai cwo, bangga ama bng windah yg mental ny kuat menahan bacotan dari wrga x + cwo insikur😂",gw sebagai cwo bangga ama bng windah yg mental ny kuat menahan bacotan dari wrga x cwo insikur,gw sebagai cwo bangga ama bng windah yang mental ny kuat menahan bacotan dari wrga x cwo insikur,gw cwo bangga ama bng windah mental ny kuat menahan bacotan wrga x cwo insikur,gw cwo bangga ama bng windah mental ny kuat tahan bacot wrga x cwo insikur,"I'm proud of Bng Windah, his mental strength is strong enough to withstand being insulted by people x Cwo Insikur"
AYOK GUYS KASI TRENDING NO 1😻🎀🎀🎀,ayok guys kasi trending no,ayok guys kasi trending no,ayok guys kasi trending no,ayok guys kasi trending no,"Come on guys, give me trending no"
Jadi penasaraaaaaan,jadi penasaraaaaaan,jadi penasaraaaaaan,penasaraaaaaan,penasaraaaaaan,curious
next part 2 bang mainnya🙏🏻🙏🏻,next part bang mainnya,next part bang mainnya,next part bang mainnya,next part bang main,next part bro play
Gerakannya kayak epep,gerakannya kayak epep,gerakannya kayak epep,gerakannya kayak epep,gera kayak epep,move like an epep
Bang windah nanti review battle nya Caleb itu ada versi terbaru nya,bang windah nanti review battle nya caleb itu ada versi terbaru nya,bang windah nanti review battle nya caleb itu ada versi terbaru nya,bang windah review battle nya caleb versi terbaru nya,bang windah review battle nya caleb versi baru nya,Bang Windah reviews the new version of Caleb's Battle
thank you udh mainin game ini bang windahh!! my favorite streamer playing my favorite game~ nice!! ❤,thank you udh mainin game ini bang windahh my favorite streamer playing my favorite game nice,thank you udh mainin game ini bang windahh my favorite streamer playing my favorite game nice,thank you udh mainin game bang windahh my favorite streamer playing my favorite game nice,thank you udh mainin game bang windahh my favorite streamer playing my favorite game nice,thank you for playing the game bro windahh my favorite streamer playing my favorite game nice
Lanjutkan aja bg aku nikmatin gameplay nya kok abaikan aja kata-kata bocil caper 😁,lanjutkan aja bg aku nikmatin gameplay nya kok abaikan aja katakata bocil caper,lanjutkan saja bang aku nikmatin gameplay nya kok abaikan saja katakata bocil caper,lanjutkan bang nikmatin gameplay nya abaikan katakata bocil caper,lanjut bang nikmatin gameplay nya abai katakata bocil caper,"Continue, bro, enjoy the gameplay, ignoring the stupid caper words"
Bang plss tamatinn,bang plss tamatinn,bang plss tamatinn,bang plss tamatinn,bang plss tamatinn,"Bro, pls finish"
thank u bang windah❤❤ big respect,thank u bang windah big respect,thank u bang windah big respect,thank u bang windah big respect,thank u bang windah big respect,"thank you bro, windah, big respect"
"di liat liat ternyata semua karakter cwonya persis gw banget bg, bedanya gw lebih dingin sama brutal aja",di liat liat ternyata semua karakter cwonya persis gw banget bg bedanya gw lebih dingin sama brutal aja,di liat liat ternyata semua karakter cwonya persis gw banget bang bedanya gw lebih dingin sama brutal saja,liat liat karakter cwonya persis gw banget bang bedanya gw dingin brutal,liat liat karakter cwonya persis gw banget bang beda gw dingin brutal,"Look at the guy's character, he's exactly like me, bro, he's really different, I'm brutally cold"
Keren gw suka karakter nya semua style nya,keren gw suka karakter nya semua style nya,keren gw suka karakter nya semua style nya,keren gw suka karakter nya style nya,keren gw suka karakter nya style nya,"cool, I like the character's style"
Jadi aneh kalo yang main ini game cowok,jadi aneh kalo yang main ini game cowok,jadi aneh kalo yang main ini game cowok,aneh kalo main game cowok,aneh kalo main game cowok,It's strange to play boys' games
"thank u bang windah, be happy !!",thank u bang windah be happy,thank u bang windah be happy,thank u bang windah be happy,thank u bang windah be happy,"thank you bro, windah be happy"
Kalo ga salah story nya banyak bang,kalo ga salah story nya banyak bang,kalo ga salah story nya banyak bang,kalo ga salah story nya bang,kalo ga salah story nya bang,"If I'm not mistaken, that's the story"
instruktur,instruktur,instruktur,instruktur,instruktur,instructor
Infrastruktur,infrastruktur,infrastruktur,infrastruktur,infrastruktur,infrastructure
​ @WozzGDash  cowok infrastruktur jelek yang hujat 😂,wozzgdash cowok infrastruktur jelek yang hujat,wozzgdash cowok infrastruktur jelek yang hujat,wozzgdash cowok infrastruktur jelek hujat,wozzgdash cowok infrastruktur jelek hujat,wozzgdash bad infrastructure guy blasphemes
Insikur🗿,insikur,insikur,insikur,insikur,insicur
 @RavennCrueL  yg pentinh lo phm bg🗿😌,ravenncruel yg pentinh lo phm bg,ravenncruel yang pentinh lo phm bang,ravenncruel pentinh lo phm bang,ravenncruel pentinh lo phm bang,"ravenncruel is important, bro"
Sesama Leon aku juga bangga,sesama leon aku juga bangga,sesama leon aku juga bangga,leon bangga,leon bangga,Leon is proud
Insecure cuy,insecure cuy,insecure cuy,insecure cuy,insecure cuy,insecure dude
💯💯💯💯💯💯💯,,,,,
😂😂,,,,,
WTH bro😂😂,wth bro,wth bro,wth bro,wth bro,wth bro
Wkwk,wkwk,tertawa,tertawa,tertawa,laugh
Insinyur,insinyur,insinyur,insinyur,insinyur,engineer
Insotoro🗿,insotoro,insotoro,insotoro,insotoro,insotoro
PP lu dapat dari komik mana bang,pp lu dapat dari komik mana bang,pp lu dapat dari komik mana bang,pp lu komik bang,pp lu komik bang,"PP, you're a comic, bro"
Windah uchiha,windah uchiha,windah uchiha,windah uchiha,windah uchiha,Uchiha windah
insinyur,insinyur,insinyur,insinyur,insinyur,engineer
"Biasanya yang insecure tuh cowo bispak terselubung, santuy",biasanya yang insecure tuh cowo bispak terselubung santuy,biasanya yang insecure tuh cowo bispak terselubung santuy,insecure tuh cowo bispak terselubung santuy,insecure tuh cowo bispak selubung santuy,Insecure is a guy who wears a cool cover
lah gua mah ganteng,lah gua mah ganteng,lah gua mah ganteng,gua mah ganteng,gua mah ganteng,I'm handsome
 @ballzoyy  biasanya kalo ada komen begini pasti kebalikannya,ballzoyy biasanya kalo ada komen begini pasti kebalikannya,ballzoyy biasanya kalo ada komen begini pasti kebalikannya,ballzoyy kalo komen kebalikannya,ballzoyy kalo komen balik,ballzoyy if you comment back
​ @ballzoyy  sok ganteng lu cil 😂,ballzoyy sok ganteng lu cil,ballzoyy sok ganteng lu cil,ballzoyy sok ganteng lu cil,ballzoyy sok ganteng lu cil,ballzoyy looks so handsome little you
"keren bg, kalo yutuber itu yg diserang dan digoreng semoga selallu sabar dan tabah",keren bg kalo yutuber itu yg diserang dan digoreng semoga selallu sabar dan tabah,keren bang kalo yutuber itu yang diserang dan digoreng semoga selallu sabar dan tabah,keren bang kalo yutuber diserang digoreng semoga selallu sabar tabah,keren bang kalo yutuber serang goreng moga selallu sabar tabah,"It's cool, if YouTubers attack fries, hopefully they will always be patient and steadfast"
tes,tes,tes,tes,tes,test
"Hei hei cowok yang baca komentar aku, kataku mah mending kalian belajar dari game ini, biar bisa treat cewek kalian, yaaa yaaa? ok 🤗",hei hei cowok yang baca komentar aku kataku mah mending kalian belajar dari game ini biar bisa treat cewek kalian yaaa yaaa ok,hei hei cowok yang baca komentar aku kataku mah mending kalian belajar dari game ini biar bisa treat cewek kalian yaaa yaaa ok,hei hei cowok baca komentar kataku mah mending belajar game biar treat cewek yaaa yaaa ok,hei hei cowok baca komentar kata mah mending ajar game biar treat cewek yaaa yaaa ok,"Hey hey, guys, reading the comments, I said it's better to teach games so I can treat girls, okay?"
Aku suka banget review bang windah walau bukan viewers setia bang windah tapi udah review dengan baik❤,aku suka banget review bang windah walau bukan viewers setia bang windah tapi udah review dengan baik,aku suka banget review bang windah walau bukan viewers setia bang windah tapi sudah review dengan baik,suka banget review bang windah viewers setia bang windah review,suka banget review bang windah viewers setia bang windah review,"I really like the review, Bang Windah, loyal viewers, Bang Windah's review"
Big respect buat bang windah dan viewers yg udah bermain maupun review baik buat game ini ❤ sehat slalu bang,big respect buat bang windah dan viewers yg udah bermain maupun review baik buat game ini sehat slalu bang,big respect buat bang windah dan viewers yang sudah bermain maupun review baik buat game ini sehat slalu bang,big respect bang windah viewers bermain review game sehat slalu bang,big respect bang windah viewers main review game sehat slalu bang,"big respect, bro, windah viewers, always playing healthy game reviews, bro"
aku cinta Zayne bang😻,aku cinta zayne bang,aku cinta zayne bang,cinta zayne bang,cinta zayne bang,I love Zayne bro
Makasih banggg ❤❤,makasih banggg,makasih banggg,makasih banggg,makasih banggg,thanks bro
GAME BOUTY😭🗿,game bouty,game bouty,game bouty,game bouty,game bouty
"FINALLY BANG WINDAH MAININ INI GAMEEE, salut ama bang windah yg bijak😢",finally bang windah mainin ini gameee salut ama bang windah yg bijak,finally bang windah mainin ini gameee salut ama bang windah yang bijak,finally bang windah mainin gameee salut ama bang windah bijak,finally bang windah mainin gameee salut ama bang windah bijak,"finally bro windah played the game, salute bro wise bro windah"
bg aku mw cewe di komen ini satu,bg aku mw cewe di komen ini satu,bang aku mw cewe di komen ini satu,bang mw cewe komen,bang mw cewe komen,"Bro, I'm a girl commenting"
bg windah aku cowo main game ini dan sylus itu suami ku,bg windah aku cowo main game ini dan sylus itu suami ku,bang windah aku cowo main game ini dan sylus itu suami ku,bang windah cowo main game sylus suami ku,bang windah cowo main game sylus suami ku,"Bang Windah, a guy playing Sylus games with my husband"
aw hell nawh 💀,aw hell nawh,aw hell nawh,aw hell nawh,aw hell nawh,aw hell nawh
"BIG THANKS TO ABANG WINDAH, THANK YOU SO SO MUCH UDAH MAINNIN GAME INI, DAN DIDN'T GAF WITH THOSE ALL BOYS COMMENT, I APPRECIATE U BANG, SEHAT2 TRUS, LOVE YOUU🫶🫶🫶💕",big thanks to abang windah thank you so so much udah mainnin game ini dan didnt gaf with those all boys comment i appreciate u bang sehat trus love youu,big thanks to abang windah thank you so so much sudah mainnin game ini dan didnt gaf with those all boys comment i appreciate u bang sehat trus love youu,big thanks to abang windah thank you so so much mainnin game didnt gaf with those all boys comment i appreciate u bang sehat trus love youu,big thanks to abang windah thank you so so much mainnin game didnt gaf with those all boys comment i appreciate u bang sehat trus love youu,big thanks to brother windah thank you so so much mainnin game didnt gaf with those all boys comment i appreciate u bro healthy trus love youu
bang coba mainin detroit become human lagi dong,bang coba mainin detroit become human lagi dong,bang coba mainin detroit become human lagi dong,bang coba mainin detroit become human,bang coba mainin detroit become human,"Bro, try playing Detroit Become Human"
BANG MAKASIH UDAH MAININ NI GAME 🥺,bang makasih udah mainin ni game,bang makasih sudah mainin ni game,bang makasih mainin ni game,bang makasih mainin ni game,"bro, thanks for playing this game"
"Thank you bang udah streaming gamenya. Ditunggu streaming gamenya lagi, suka liat bang windah main game sambil diperhatiin story nya. Semangat terus bang🤟🏻BISA YOK BISA STORY NYA CALEB WKWKWK",thank you bang udah streaming gamenya ditunggu streaming gamenya lagi suka liat bang windah main game sambil diperhatiin story nya semangat terus bangbisa yok bisa story nya caleb wkwkwk,thank you bang sudah streaming gamenya ditunggu streaming gamenya lagi suka liat bang windah main game sambil diperhatiin story nya semangat terus bangbisa yok bisa story nya caleb tertawa,thank you bang streaming gamenya ditunggu streaming gamenya suka liat bang windah main game diperhatiin story nya semangat bangbisa yok story nya caleb tertawa,thank you bang streaming gamenya tunggu streaming gamenya suka liat bang windah main game diperhatiin story nya semangat bangbisa yok story nya caleb tertawa,"Thank you bro, stream the game, wait for the game stream, like watching it, bro, Windah, play the game, pay attention to the story, you're enthusiastic, bro, come on, Caleb's story is laughing"
Yg cewek boleh kenalan?👉👈,yg cewek boleh kenalan,yang cewek boleh kenalan,cewek kenalan,cewek kenal,girl knows
makasih udah mainin bang lanjut part 2 nya sdh aku subrek,makasih udah mainin bang lanjut part nya sdh aku subrek,makasih sudah mainin bang lanjut part nya sdh aku subrek,makasih mainin bang part nya sdh subrek,makasih mainin bang part nya sdh subrek,"Thanks for playing bro, the part has been subbed"
"Bagus juga gamenya, kalau bisa sih storynya buat laki laki juga",bagus juga gamenya kalau bisa sih storynya buat laki laki juga,bagus juga gamenya kalau bisa sih storynya buat laki laki juga,bagus gamenya sih storynya laki laki,bagus gamenya sih storynya laki laki,"The game is good, the story is male"
njir lah cewe semua yg komen wkwkwk,njir lah cewe semua yg komen wkwkwk,njir lah cewe semua yang komen tertawa,njir cewe komen tertawa,njir cewe komen tertawa,The female commenter laughed
"dunia game dijadiin referensi buat rl? menarik sih, secara dunia game karakternya udh di develop sempurna. satu atau dua hal mungkin bisa dipelajari. tapi kalo dirimu ingin di treat seperti di dunia game tolong bangun, karena manusia ga ada yg sempurna. manusia pasti ada satu atau dua sifat redflag",dunia game dijadiin referensi buat rl menarik sih secara dunia game karakternya udh di develop sempurna satu atau dua hal mungkin bisa dipelajari tapi kalo dirimu ingin di treat seperti di dunia game tolong bangun karena manusia ga ada yg sempurna manusia pasti ada satu atau dua sifat redflag,dunia game dijadiin referensi buat rl menarik sih secara dunia game karakternya udh di develop sempurna satu atau dua hal mungkin bisa dipelajari tapi kalo dirimu ingin di treat seperti di dunia game tolong bangun karena manusia ga ada yang sempurna manusia pasti ada satu atau dua sifat redflag,dunia game dijadiin referensi rl menarik sih dunia game karakternya udh develop sempurna dipelajari kalo dirimu treat dunia game tolong bangun manusia ga sempurna manusia sifat redflag,dunia game dijadiin referensi rl tarik sih dunia game karakter udh develop sempurna ajar kalo diri treat dunia game tolong bangun manusia ga sempurna manusia sifat redflag,"the game world is used as a reference for rl, it's interesting, the game world, the characters have developed perfectly, teach yourself if you treat the game world, please wake up, humans are not perfect, humans are the nature of redflag"
​ @HanX9300 langsung ke inti aja bang,hanx langsung ke inti aja bang,hanx langsung ke inti saja bang,hanx langsung inti bang,hanx langsung inti bang,Hanx get straight to the point bro
"Lh kok boty pdhl ini game utk cewe ,krkter cowo ny it utk fanservice cewe",lh kok boty pdhl ini game utk cewe krkter cowo ny it utk fanservice cewe,lh kok boty pdhl ini game utk cewe krkter cowo ny it utk fanservice cewe,lh boty pdhl game utk cewe krkter cowo ny it utk fanservice cewe,lh boty pdhl game utk cewe krkter cowo ny it utk fanservice cewe,"lh boty even though it's a game for girls, guys, it's for girls' fanservice"
Kalo yang main cewek gak aneh tapi kalo yang main cowok jelas jadi aneh​ @Yoshito_Yuji ,kalo yang main cewek gak aneh tapi kalo yang main cowok jelas jadi aneh yoshitoyuji,kalo yang main cewek gak aneh tapi kalo yang main cowok jelas jadi aneh yoshitoyuji,kalo main cewek gak aneh kalo main cowok aneh yoshitoyuji,kalo main cewek gak aneh kalo main cowok aneh yoshitoyuji,"If you play a girl, it's not strange if you play a strange boy, Yoshitoyuji"
aku juga mw bgtt,aku juga mw bgtt,aku juga mw bgtt,mw bgtt,mw bgtt,that's great
WKWK,wkwk,tertawa,tertawa,tertawa,laugh
aku juga mau bang,aku juga mau bang,aku juga mau bang,bang,bang,bro
Disematkan anjir😂😂😂,disematkan anjir,disematkan anjir,disematkan anjir,semat anjir,pin anjir
Waduh😮,waduh,waduh,,,
Wanjay ngapain subuh subuh gini,wanjay ngapain subuh subuh gini,wanjay ngapain subuh subuh gini,wanjay ngapain subuh subuh gini,wanjay ngapain subuh subuh gin,What is Wanjay doing at dawn gin?
aku jg mau,aku jg mau,aku juga mau,,,
Game sampah,game sampah,game sampah,game sampah,game sampah,trash game
Makasi bang aku suka game ini love you,makasi bang aku suka game ini love you,makasi bang aku suka game ini love you,makasi bang suka game love you,makas bang suka game love you,thanks bro like the game love you
maaf bang telat 3 jam,maaf bang telat jam,maaf bang telat jam,maaf bang telat jam,maaf bang telat jam,sorry bro I'm late
"bang aku ketinggalan, but thank u for playing this game, big respect for u bang windah, always be happy dan sehat selalu ya bangggg!!!! ❤❤❤❤",bang aku ketinggalan but thank u for playing this game big respect for u bang windah always be happy dan sehat selalu ya bangggg,bang aku ketinggalan but thank u for playing this game big respect for u bang windah always be happy dan sehat selalu ya bangggg,bang ketinggalan but thank u for playing this game big respect for u bang windah always be happy sehat ya bangggg,bang tinggal but thank u for playing this game big respect for u bang windah always be happy sehat ya bangggg,bro stay but thank u for playing this game big respect for u bro windah always be happy and healthy bro
What a ego brok,what a ego brok,what a ego brok,what a ego brok,what a ego brok,what an ego bro
"THANKS BANG BRANDOOO UDH MAININ INI, walau emg sempet nt bbrp kali ya WKWKW. Thank you so much",thanks bang brandooo udh mainin ini walau emg sempet nt bbrp kali ya wkwkw thank you so much,thanks bang brandooo udh mainin ini walau emg sempet nt bbrp kali ya tertawa thank you so much,thanks bang brandooo udh mainin emg sempet nt bbrp kali ya tertawa thank you so much,thanks bang brandooo udh mainin emg sempet nt bbrp kali ya tertawa thank you so much,"Thanks bro, Brandoo, I've played it and I've laughed a few times, thank you so much"
"Yahh telat bang akuu 😢, ketiduran njir baru bangun",yahh telat bang akuu ketiduran njir baru bangun,yahh telat bang akuu ketiduran njir baru bangun,yahh telat bang akuu ketiduran njir bangun,yahh telat bang akuu tidur njir bangun,"yeah, I'm late, I went to sleep and didn't wake up"
p,p,p,p,p,p
"Terima kasih bang windah sudah memainkan game ini. Sebelum windah memainkan game ini, aku sebenarnya gak tau apa apa tentang game ini, tapi setelah windah memainkannya, ternyata sebagus itu bang, dari segi romance dan battle fight menurutku oke",terima kasih bang windah sudah memainkan game ini sebelum windah memainkan game ini aku sebenarnya gak tau apa apa tentang game ini tapi setelah windah memainkannya ternyata sebagus itu bang dari segi romance dan battle fight menurutku oke,terima kasih bang windah sudah memainkan game ini sebelum windah memainkan game ini aku sebenarnya gak tau apa apa tentang game ini tapi setelah windah memainkannya ternyata sebagus itu bang dari segi romance dan battle fight menurutku oke,terima kasih bang windah memainkan game windah memainkan game gak tau game windah memainkannya sebagus bang segi romance battle fight menurutku oke,terima kasih bang windah main game windah main game gak tau game windah main bagus bang segi romance battle fight turut oke,"Thank you bro, Windah, playing the game, Windah, playing the game, don't know, Windah's game is playing well, bro, in terms of romance, battle fight, it's also okay"
seneng banget damai,seneng banget damai,seneng banget damai,seneng banget damai,neng banget damai,Neng is very peaceful
Gak seru bang game nyah,gak seru bang game nyah,gak seru bang game nyah,gak seru bang game nyah,gak seru bang game nyah,"The game isn't fun, bro"
"Windah bbrp detik sekali: ""ganteng, no homo ya"" ; ""gw—evelyn maksudnya""",windah bbrp detik sekali ganteng no homo ya gwevelyn maksudnya,windah bbrp detik sekali ganteng no homo ya gwevelyn maksudnya,windah bbrp detik ganteng no homo ya gwevelyn maksudnya,windah bbrp detik ganteng no homo ya gwevelyn maksud,windah a few seconds handsome no homo ya gwevelyn mean
"aaaaa terimakasih banyak"" bg windah uda mainin game ini, so happy karna dari kemarin berharap bg windah main game ini, lope sekebon pokoknya ❤❤❤❤",aaaaa terimakasih banyak bg windah uda mainin game ini so happy karna dari kemarin berharap bg windah main game ini lope sekebon pokoknya,aaaaa terimakasih banyak bang windah uda mainin game ini so happy karna dari kemarin berharap bang windah main game ini lope sekebon pokoknya,aaaaa terimakasih bang windah uda mainin game so happy karna kemarin berharap bang windah main game lope sekebon pokoknya,aaaaa terimakasih bang windah uda mainin game so happy karna kemarin harap bang windah main game lope kebon pokok,aaaaa thank you bro Windah for playing the game so I'm happy because yesterday I hope bro Windah played the game Lope Kebon Tree
BANG LANJUTINNNN,bang lanjutinnnn,bang lanjutinnnn,bang lanjutinnnn,bang lanjutinnnn,"bro, keep going"
YEYYYY🎉❤❤,yeyyyy,yeyyyy,yeyyyy,yeyyyy,yeyyyy
Bakal lanjut ga bang?,bakal lanjut ga bang,bakal lanjut ga bang,ga bang,ga bang,no bro
Downfall era tapi trending 3 🤪,downfall era tapi trending,downfall era tapi trending,downfall era trending,downfall era trending,downfall of the trending era
MANTAPPPPPPP,mantappppppp,mantappppppp,mantappppppp,mantappppppp,greatpppppp
"battlenya bisa makin susah kok bang, btw zayne emang lakik bgt dr fitur muka hahaha main ini jg lgsg jatuh cinta sama zayne, caleb muncul langsung gonjang ganjing wkwkwk gpp tetep setia sama zayne biar infinity-nya 100❤",battlenya bisa makin susah kok bang btw zayne emang lakik bgt dr fitur muka hahaha main ini jg lgsg jatuh cinta sama zayne caleb muncul langsung gonjang ganjing wkwkwk gpp tetep setia sama zayne biar infinitynya,battlenya bisa makin susah kok bang by the way zayne emang lakik banget dari fitur muka hahaha main ini juga lgsg jatuh cinta sama zayne caleb muncul langsung gonjang ganjing tertawa gpp tetep setia sama zayne biar infinitynya,battlenya susah bang by the way zayne emang lakik banget fitur muka hahaha main lgsg jatuh cinta zayne caleb muncul langsung gonjang ganjing tertawa gpp tetep setia zayne biar infinitynya,battlenya susah bang by the way zayne emang lakik banget fitur muka hahaha main lgsg jatuh cinta zayne caleb muncul langsung gonjang ganjing tertawa gpp tetep setia zayne biar infinitynya,the battle is hard bro by the way zayne really is a man with facial features hahaha play immediately fall in love zayne caleb appears immediately shaking and laughing no matter how loyal zayne is to his infinity
Bang mainin until dawn,bang mainin until dawn,bang mainin until dawn,bang mainin until dawn,bang mainin until dawn,"bro, play until dawn"
kaya kamu ❤,kaya kamu,kaya kamu,kaya,kaya,rich
​ @pntzyxyy  keren lu begitu,pntzyxyy keren lu begitu,pntzyxyy keren lu begitu,pntzyxyy keren lu,pntzyxyy keren lu,pntzyxyy you're cool
 @chandramahudi2417  keren bet guwej,chandramahudi keren bet guwej,chandramahudi keren bet guwej,chandramahudi keren bet guwej,chandramahudi keren bet guwej,chandramahudi is cool bet guwej
Buset kata lu nya keren banget,buset kata lu nya keren banget,buset kata lu nya keren banget,buset lu nya keren banget,buset lu nya keren banget,Your bastard is really cool
Lalu?,lalu,lalu,,,
kek lu,kek lu,seperti lu,lu,lu,you
Perasaan bro setelah komen gini: gilak gw keren banget😱😱😱😱😱😱,perasaan bro setelah komen gini gilak gw keren banget,perasaan bro setelah komen gini gilak gw keren banget,perasaan bro komen gini gilak gw keren banget,asa bro komen gin gilak gw keren banget,"I hope bro, my crazy comments are really cool"
Suki pas ngetik komen ini: buset gila gua keren bgt,suki pas ngetik komen ini buset gila gua keren bgt,suki pas ngetik komen ini buset gila gua keren banget,suki pas ngetik komen buset gila gua keren banget,suki pas ngetik komen buset gila gua keren banget,"Suki, when I typed my crazy comments, was really cool"
kita sama hihuha,kita sama hihuha,kita sama hihuha,hihuha,hihuha,haha
Wkwk gw udah dpt njir cuma modal bansos 😂,wkwk gw udah dpt njir cuma modal bansos,tertawa gw sudah dpt njir cuma modal bansos,tertawa gw dpt njir modal bansos,tertawa gw dpt njir modal bansos,"I laughed, I got social assistance capital"
btw thank you udah mainin gamenyaa banggg aksaokwao makin cinta sama bang windah batubara rispekk bgt alapyu sekebon bang💕💕💕💕💕😘😘😘😘😘,btw thank you udah mainin gamenyaa banggg aksaokwao makin cinta sama bang windah batubara rispekk bgt alapyu sekebon bang,by the way thank you sudah mainin gamenyaa banggg aksaokwao makin cinta sama bang windah batubara rispekk banget alapyu sekebon bang,by the way thank you mainin gamenyaa banggg aksaokwao cinta bang windah batubara rispekk banget alapyu sekebon bang,by the way thank you mainin gamenyaa banggg aksaokwao cinta bang windah batubara rispekk banget alapyu kebon bang,by the way thank you play the game brogg aksaokwao love bro windah coal rispekk really alapyu kebon bro
Bang GW rekomendasi game  CRazy ones mirip Ama Game ini  dan five hearts,bang gw rekomendasi game crazy ones mirip ama game ini dan five hearts,bang gw rekomendasi game crazy ones mirip ama game ini dan five hearts,bang gw rekomendasi game crazy ones ama game five hearts,bang gw rekomendasi game crazy ones ama game five hearts,"Bro, I recommend the game Crazy Ones or the game Five Hearts"
makasih bg aaaa aku seneng bgt bg windah main ini 😭😭,makasih bg aaaa aku seneng bgt bg windah main ini,makasih bang aaaa aku seneng banget bang windah main ini,makasih bang aaaa seneng banget bang windah main,makasih bang aaaa neng banget bang windah main,"Thank you bro, it's really nice bro, Windah to play"
stop yapping woy evelyn,stop yapping woy evelyn,stop yapping woy evelyn,stop yapping woy evelyn,stop yapping woy evelyn,stop yapping wow evelyn
anjirrr gue telatt coyyy😭😭😭😭😭😭😭😭😭🧍🏻‍♀️🧍🏻‍♀️🧍🏻‍♀️,anjirrr gue telatt coyyy,anjirrr gue telatt coyyy,anjirrr gue telatt coyyy,anjirrr gue telatt coyyy,I'm sorry I'm late coyyy
"😂bng muke lu gk related dgn fitur game ini, 🤣 Player game ini sama dgn fans cowok² oplas joget² itu , salah ngomong dikit ilang channel lu bng🤣",bng muke lu gk related dgn fitur game ini player game ini sama dgn fans cowok oplas joget itu salah ngomong dikit ilang channel lu bng,bng muke lu gk related dgn fitur game ini player game ini sama dgn fans cowok oplas joget itu salah ngomong dikit ilang channel lu bng,bng muke lu gk related dgn fitur game player game dgn fans cowok oplas joget salah ngomong dikit ilang channel lu bng,bng muke lu gk related dgn fitur game player game dgn fans cowok oplas joget salah ngomong dikit ilang channel lu bng,"Bng, your muke is not related to the game feature, game player with male fans, dancing, saying something wrong, lost your channel, bro"
"cewe""  pd caper cuhhh🤢🤢",cewe pd caper cuhhh,cewe pd caper cuhhh,cewe pd caper cuhhh,cewe pd caper cuhhh,girls in capers cuhhh
"Ini mah game yapping simulator bang, kebanyakan bacot, battle nya 10% sisa nya yapping",ini mah game yapping simulator bang kebanyakan bacot battle nya sisa nya yapping,ini mah game yapping simulator bang kebanyakan bacot battle nya sisa nya yapping,mah game yapping simulator bang kebanyakan bacot battle nya sisa nya yapping,mah game yapping simulator bang banyak bacot battle nya sisa nya yapping,"Well, the yapping simulator game, bro, has a lot of fighting, the rest is yapping"
Gw selama ntn ini kebanyakan liat livechat sih hampir smua viewer cewe wkwk,gw selama ntn ini kebanyakan liat livechat sih hampir smua viewer cewe wkwk,gw selama ntn ini kebanyakan liat livechat sih hampir smua viewer cewe tertawa,gw ntn kebanyakan liat livechat sih smua viewer cewe tertawa,gw ntn banyak liat livechat sih smua viewer cewe tertawa,"I watched a lot of live chat, all the female viewers laughed"
"MAKASIII YAAA BANG UDAH MAININ GAME INIII💗💗💗, SEHAT TERUS BANGGGG💗💗💗💗🍓🍓🍓",makasiii yaaa bang udah mainin game iniii sehat terus bangggg,makasiii yaaa bang sudah mainin game ini sehat terus bangggg,makasiii yaaa bang mainin game sehat bangggg,makasiii yaaa bang mainin game sehat bangggg,Thank you bro for playing healthy games bro
"aku penonton cewe kamu bang, aku suka game ini",aku penonton cewe kamu bang aku suka game ini,aku penonton cewe kamu bang aku suka game ini,penonton cewe bang suka game,tonton cewe bang suka game,Watch the girl likes games
There's nothing wrong with this game,theres nothing wrong with this game,theres nothing wrong with this game,theres nothing wrong with this game,theres nothing wrong with this game,there's nothing wrong with this game
AAAAAA THANK YOU BANGETBANG WINDAHHHH UDAH MAININ GAMENYAAAAAAA❤❤,aaaaaa thank you bangetbang windahhhh udah mainin gamenyaaaaaaa,aaaaaa thank you bangetbang windahhhh sudah mainin gamenyaaaaaaa,aaaaaa thank you bangetbang windahhhh mainin gamenyaaaaaaa,aaaaaa thank you bangetbang windahhhh mainin gamenyaaaaaaa,"aaaaaa thank you really bro, windahhhh play the game"
Kok komennya kebanyakan cewek semua sih😢😢😢,kok komennya kebanyakan cewek semua sih,kok komennya kebanyakan cewek semua sih,komennya kebanyakan cewek sih,komennya banyak cewek sih,There are lots of comments from girls
Terusin sih bang. Gue cukup enjoy lho,terusin sih bang gue cukup enjoy lho,terusin sih bang gue cukup enjoy lho,terusin sih bang gue enjoy lho,terusin sih bang gue enjoy lho,"Keep it up bro, I'm enjoying it"
Kurang smooth editannya,kurang smooth editannya,kurang smooth editannya,smooth editannya,smooth edit,smooth editing
"Keren bet gameplaynya mirip game pc cuy, sayang game otome kalau ada versi mc cowo dan npc cewenya gw download dah",keren bet gameplaynya mirip game pc cuy sayang game otome kalau ada versi mc cowo dan npc cewenya gw download dah,keren bet gameplaynya mirip game pc cuy sayang game otome kalau ada versi mc cowo dan npc cewenya gw download dah,keren bet gameplaynya game pc cuy sayang game otome versi mc cowo npc cewenya gw download dah,keren bet gameplaynya game pc cuy sayang game otome versi mc cowo npc cewenya gw download dah,"really cool gameplay, pc game, darling, otome game mc version, boy npc girl, I downloaded it"
akhirnya,akhirnya,akhirnya,,,
Thank you bang Windah 🫶🫶 sukses terus ya,thank you bang windah sukses terus ya,thank you bang windah sukses terus ya,thank you bang windah sukses ya,thank you bang windah sukses ya,"Thank you, bro, good luck"
Five hearts udh dia mainin,five hearts udh dia mainin,five hearts udh dia mainin,five hearts udh mainin,five hearts udh mainin,five hearts is already playing
@githa_2803  gw bilang mirip bang,githa gw bilang mirip bang,githa gw bilang mirip bang,githa gw bilang bang,githa gw bilang bang,"I said that, bro"
iri aja kamu ryottaad,iri aja kamu ryottaad,iri saja kamu ryottaad,iri ryottaad,iri ryottaad,envy ryottaad
Ky cowoknya enggak aja😂😂 suki suki,ky cowoknya enggak aja suki suki,ky cowoknya enggak saja suki suki,ky cowoknya suki suki,ky cowok suki suki,ky Suki Suki guy
"kan emang dating sim, simulasi pacaran",kan emang dating sim simulasi pacaran,kan emang dating sim simulasi pacaran,emang dating sim simulasi pacaran,emang dating sim simulasi pacar,"It's a dating sim, a boyfriend simulation"
Kan ini game otome.,kan ini game otome,kan ini game otome,game otome,game otome,otome games
Ngerti otome gak sih😂,ngerti otome gak sih,ngerti otome gak sih,ngerti otome gak sih,ngerti otome gak sih,do you understand otome?
"Ya kan game simulasi pacaran, kocak kali suki satu ini",ya kan game simulasi pacaran kocak kali suki satu ini,ya kan game simulasi pacaran kocak kali suki satu ini,ya game simulasi pacaran kocak kali suki,ya game simulasi pacar kocak kali suki,"Yes, Suki's hilarious girlfriend simulation game"
Udh tau RPG/Otome goblok,udh tau rpgotome goblok,udh tau rpgotome goblok,udh tau rpgotome goblok,udh tau rpgotome goblok,I already know rpgotome is stupid
asli itu mah wak,asli itu mah wak,asli itu mah wak,asli mah wak,asli mah wak,it's genuine bro
Dilove bg windows 😁,dilove bg windows,dilove bang windows,dilove bang windows,dilove bang windows,love windows bro
ya kalo gitu jadinya bukan otome tapi galge,ya kalo gitu jadinya bukan otome tapi galge,ya kalo gitu jadinya bukan otome tapi galge,ya kalo gitu otome galge,ya kalo gitu otome galge,"Yes, if that's the case, otome galge"
​ @DraceEmpressa Lah galge kan pemain/player cowok yang deketin cewek-cewek di game 🗿,draceempressa lah galge kan pemainplayer cowok yang deketin cewekcewek di game,draceempressa lah galge kan pemainplayer cowok yang deketin cewekcewek di game,draceempressa galge pemainplayer cowok deketin cewekcewek game,draceempressa galge pemainplayer cowok deketin cewekcewek game,draceempressa galge male players approach girls game
8:07 BANG DOUJIN YANG APA BANG😂 BANYAK ARTI DOUJIN,bang doujin yang apa bang banyak arti doujin,bang doujin yang apa bang banyak arti doujin,bang doujin bang arti doujin,bang doujin bang arti doujin,bang doujin bang meaning of doujin
gurlsss 😋🫳🏻,gurlsss,gurlsss,gurlsss,gurlsss,gurlsss
"Ubur ubur ikan lele, akhirnya di mainin juga leee🧜‍♀️",ubur ubur ikan lele akhirnya di mainin juga leee,ubur ubur ikan lele akhirnya di mainin juga leee,ubur ubur ikan lele mainin leee,ubur ubur ikan lele mainin leee,jellyfish catfish playin leee
YEAYYY AKHIRNYAAAAA ❤❤❤❤❤,yeayyy akhirnyaaaaa,yeayyy akhirnyaaaaa,yeayyy akhirnyaaaaa,yeayyy akhirnyaaaaa,Yeayyy finally
TERIMA KASIH BANG WINDAH Telah me review game ini😭,terima kasih bang windah telah me review game ini,terima kasih bang windah telah me review game ini,terima kasih bang windah me review game,terima kasih bang windah me review game,"Thank you bro, Windah, let me review the game"
oh no ketinggalan dan tak bisa mengikuti live chat 💔,oh no ketinggalan dan tak bisa mengikuti live chat,oh no ketinggalan dan tak bisa mengikuti live chat,oh no ketinggalan mengikuti live chat,oh no tinggal ikut live chat,"oh no, just join the live chat"
"bang ini game khusus cewe bang, harusnya yg mainin streamer cewe bukan cowo bang, ga ada yg salah dari gamenya emang, gamenya bagus, yg salah itu yg maininnya bang, kenapa harus cowo walaupun mc nya cewe tapi kan yang mainin cowo jir, dan seakan bilang cowo ga masalah main game ini. ada alasan kenapa game ini disebut game cewe bang bukan buat cowo, gua malah lebih dukung klo yg main game ini streamer cewe, jadi masuk akal gitu.",bang ini game khusus cewe bang harusnya yg mainin streamer cewe bukan cowo bang ga ada yg salah dari gamenya emang gamenya bagus yg salah itu yg maininnya bang kenapa harus cowo walaupun mc nya cewe tapi kan yang mainin cowo jir dan seakan bilang cowo ga masalah main game ini ada alasan kenapa game ini disebut game cewe bang bukan buat cowo gua malah lebih dukung klo yg main game ini streamer cewe jadi masuk akal gitu,bang ini game khusus cewe bang harusnya yang mainin streamer cewe bukan cowo bang ga ada yang salah dari gamenya emang gamenya bagus yang salah itu yang maininnya bang kenapa harus cowo walaupun mc nya cewe tapi kan yang mainin cowo jir dan seakan bilang cowo ga masalah main game ini ada alasan kenapa game ini disebut game cewe bang bukan buat cowo gua malah lebih dukung klo yang main game ini streamer cewe jadi masuk akal gitu,bang game khusus cewe bang mainin streamer cewe cowo bang ga salah gamenya emang gamenya bagus salah maininnya bang cowo mc nya cewe mainin cowo jir seakan bilang cowo ga main game alasan game game cewe bang cowo gua dukung klo main game streamer cewe masuk akal gitu,bang game khusus cewe bang mainin streamer cewe cowo bang ga salah gamenya emang gamenya bagus salah maininnya bang cowo mc nya cewe mainin cowo jir akan bilang cowo ga main game alas game game cewe bang cowo gua dukung klo main game streamer cewe masuk akal gitu,"bro, it's a game specifically for girls, bro, it's a game for girls, guys, bro, there's nothing wrong with the game, it's a good game, it's wrong to play it, bro, the guy is the MC, the girl plays with the guy, the boss will say guys don't play the game, the game is a girl's game, bro, I support it if you play the girl's streamer game, that makes sense."
Gantengan gw,gantengan gw,gantengan gw,gantengan gw,ganteng gw,I'm handsome
"😭🤍🤍🤍 Aku suka Banget reaksinya bang windah main ini sehat sehat buat bang windah , sukses selalu 🤍🤍🎀",aku suka banget reaksinya bang windah main ini sehat sehat buat bang windah sukses selalu,aku suka banget reaksinya bang windah main ini sehat sehat buat bang windah sukses selalu,suka banget reaksinya bang windah main sehat sehat bang windah sukses,suka banget reaksi bang windah main sehat sehat bang windah sukses,"I really like the reaction, Bang Windah, playing healthy and healthy, Bang Windah, success"
"bg itu banyak outfit yg bgus, malah milih yg handukan bjir",bg itu banyak outfit yg bgus malah milih yg handukan bjir,bang itu banyak outfit yang bgus malah milih yang handukan bjir,bang outfit bgus milih handukan bjir,bang outfit bgus milih handuk bjir,"Bro, great outfit, choose a bjir towel"
"Next request mainin game ini bang Knowledge, or know Lady. Thx😁",next request mainin game ini bang knowledge or know lady thx,next request mainin game ini bang knowledge or know lady thx,next request mainin game bang knowledge or know lady thx,next request mainin game bang knowledge or know lady thx,next request play the game bro knowledge or know lady thx
MAKASIII BANG WINDAHH ❤❤,makasiii bang windahh,makasiii bang windahh,makasiii bang windahh,makasiii bang windahh,thanks bro windahh
Terimakasih bang win sudah bertekat untuk memainkan game ini ❤,terimakasih bang win sudah bertekat untuk memainkan game ini,terimakasih bang win sudah bertekat untuk memainkan game ini,terimakasih bang win bertekat memainkan game,terimakasih bang win tekat main game,"Thank you, bro, I'm determined to play the game"
Alhamdulilah,alhamdulilah,alhamdulilah,alhamdulilah,alhamdulilah,Thank God
"Gua cewek tapi gua gak suka bang game ini wkwkwk mungkin gua udah terlalu tua dan realistis ya untuk semua ini 😂😂😂 jadi lihat karakter cowok2 nya biasa aja gak kebawa fantasi baper ,kalau gameplay nya sih bagus2 aja dan gua nonton nonton aja bang 😂😂😂 ttp gantengan suami gua di dunia nyata ke fantasi alam bawah sadar pun ttp gantengan suami gua wkwkwkwk",gua cewek tapi gua gak suka bang game ini wkwkwk mungkin gua udah terlalu tua dan realistis ya untuk semua ini jadi lihat karakter cowok nya biasa aja gak kebawa fantasi baper kalau gameplay nya sih bagus aja dan gua nonton nonton aja bang ttp gantengan suami gua di dunia nyata ke fantasi alam bawah sadar pun ttp gantengan suami gua wkwkwkwk,gua cewek tapi gua gak suka bang game ini tertawa mungkin gua sudah terlalu tua dan realistis ya untuk semua ini jadi lihat karakter cowok nya biasa saja gak kebawa fantasi baper kalau gameplay nya sih bagus saja dan gua nonton nonton saja bang ttp gantengan suami gua di dunia nyata ke fantasi alam bawah sadar pun ttp gantengan suami gua tertawa,gua cewek gua gak suka bang game tertawa gua tua realistis ya lihat karakter cowok nya gak kebawa fantasi baper gameplay nya sih bagus gua nonton nonton bang ttp gantengan suami gua dunia nyata fantasi alam sadar ttp gantengan suami gua tertawa,gua cewek gua gak suka bang game tertawa gua tua realistis ya lihat karakter cowok nya gak bawa fantasi baper gameplay nya sih bagus gua nonton nonton bang ttp ganteng suami gua dunia nyata fantasi alam sadar ttp ganteng suami gua tertawa,"I'm a girl, I don't like games, my laugh is old, it's realistic, yes, look at the male characters, it doesn't bring any emotional fantasy, the gameplay is good, I watch it, but I'm handsome, my husband is in the real world, a conscious fantasy, but my husband is handsome, I laugh"
aku bocil dan nonton sampai selesai,aku bocil dan nonton sampai selesai,aku bocil dan nonton sampai selesai,bocil nonton selesai,bocil nonton selesai,Bocil finished watching
WE LOVE YOU BANG WINDUDDD❤❤❤,we love you bang winduddd,we love you bang winduddd,we love you bang winduddd,we love you bang winduddd,we love you bro winduddd
"thx u so muchh bang, we proud of u, u really a kind and mature man🫶🏻",thx u so muchh bang we proud of u u really a kind and mature man,thx u so muchh bang we proud of u u really a kind and mature man,thx u so muchh bang we proud of u u really a kind and mature man,thx u so muchh bang we proud of u u really a kind and mature man,thx u so much bro we are proud of u u really a kind and mature man
"Ini marketnya untuk cew, kalo ada yg bilang jom jom. Fix  mentalnya perlu periksa si",ini marketnya untuk cew kalo ada yg bilang jom jom fix mentalnya perlu periksa si,ini marketnya untuk cew kalo ada yang bilang jom jom fix mentalnya perlu periksa si,marketnya cew kalo bilang jom jom fix mentalnya periksa si,marketnya cew kalo bilang jom jom fix mental periksa si,"The market is a girl if you say come on, let's fix it, mentally check it out"
21:23 gg bg udh ga ngepframee,gg bg udh ga ngepframee,gg bang udh ga ngepframee,gg bang udh ga ngepframee,gg bang udh ga ngepframee,"gg bro, I haven't framed it yet"
Jadi aneh kalo yg main cowok,jadi aneh kalo yg main cowok,jadi aneh kalo yang main cowok,aneh kalo main cowok,aneh kalo main cowok,it's strange to play a guy
" @Veeee_____  klo cowo yg main aneh, soalnya kan game ini membangun hubungan atau romansa ke karakter cowo, bukan cewe. itulah kenapa disebut otome game. game yang dikhusukan untuk cewe",veeee klo cowo yg main aneh soalnya kan game ini membangun hubungan atau romansa ke karakter cowo bukan cewe itulah kenapa disebut otome game game yang dikhusukan untuk cewe,veeee klo cowo yang main aneh soalnya kan game ini membangun hubungan atau romansa ke karakter cowo bukan cewe itulah kenapa disebut otome game game yang dikhusukan untuk cewe,veeee klo cowo main aneh game membangun hubungan romansa karakter cowo cewe otome game game dikhusukan cewe,veeee klo cowo main aneh game bangun hubung romansa karakter cowo cewe otome game game dikhusukan cewe,"veeee, if guys play strange games, build relationships, romance characters, boys, girls, otome games, games specifically for girls"
karena itu yang main harusnya cewe bukan cowo kek bang windah.,karena itu yang main harusnya cewe bukan cowo kek bang windah,karena itu yang main harusnya cewe bukan cowo seperti bang windah,main cewe cowo bang windah,main cewe cowo bang windah,playing boy girl bro windah
😂😂😂,,,,,
​ @Jetz20  :D,jetz d,jetz d,jetz d,jetz d,jetz d
 @Jetz20  😎,jetz,jetz,jetz,jetz,jetz
iuhh,iuhh,iuhh,iuhh,iuhh,ugh
lah gw mah lebih ganteng,lah gw mah lebih ganteng,lah gw mah lebih ganteng,gw mah ganteng,gw mah ganteng,I'm handsome
Iya terserah kamu pakisang,iya terserah kamu pakisang,iya terserah kamu pakisang,iya terserah pakisang,iya serah pakisang,"yes, hand over the fern"
Dakian,dakian,dakian,dakian,daki,climb
"njir sejuta cuma buat 1 karakter doang,g rugi kh bjir",njir sejuta cuma buat karakter doangg rugi kh bjir,njir sejuta cuma buat karakter doangg rugi kh bjir,njir sejuta karakter doangg rugi kh bjir,njir juta karakter doangg rugi kh bjir,"If you have a million characters, it's just a big loss"
"SERU BANGET BANG ASLI, WKWK NGAKAK JUGA LIAT EKSPRESI BANG WINDAH PAS BINGUNG",seru banget bang asli wkwk ngakak juga liat ekspresi bang windah pas bingung,seru banget bang asli tertawa ngakak juga liat ekspresi bang windah pas bingung,seru banget bang asli tertawa ngakak liat ekspresi bang windah pas bingung,seru banget bang asli tertawa ngakak liat ekspresi bang windah pas bingung,"It's really exciting, bro, I actually laughed out loud seeing Bang Windah's expression when he was confused"
Semangat trus bang windah,semangat trus bang windah,semangat trus bang windah,semangat trus bang windah,semangat trus bang windah,keep your spirits up and look beautiful
"bang aku baru nonton karena baru pulang kerja, akhirnya main lads jugaaa ak pnasaran",bang aku baru nonton karena baru pulang kerja akhirnya main lads jugaaa ak pnasaran,bang aku baru nonton karena baru pulang kerja akhirnya main lads jugaaa ak pnasaran,bang nonton pulang kerja main lads jugaaa ak pnasaran,bang nonton pulang kerja main lads jugaaa ak pnasaran,"Bro, I'm also curious about watching After Work Playing Lads"
Bang coba main man eater,bang coba main man eater,bang coba main man eater,bang coba main man eater,bang coba main man eater,"bro, try playing man eater"
LIMA LIMA NYA SUAMI KU SEMUA😋😋🤭🤭🤭🤭,lima lima nya suami ku semua,lima lima nya suami ku semua,nya suami ku,nya suami ku,it's my husband
"ga nyangka ada rpg nya🤣 kirain story story doang, keren keren",ga nyangka ada rpg nya kirain story story doang keren keren,ga nyangka ada rpg nya kirain story story doang keren keren,ga nyangka rpg nya kirain story story doang keren keren,ga nyangka rpg nya kirain story story doang keren keren,I didn't expect that the RPG would only have a cool story
"bg, kalo mau liat efek battle nya kumpulin memories pair nya dulu atau gak nyoba trial di abyssal chaos",bg kalo mau liat efek battle nya kumpulin memories pair nya dulu atau gak nyoba trial di abyssal chaos,bang kalo mau liat efek battle nya kumpulin memories pair nya dulu atau gak nyoba trial di abyssal chaos,bang kalo liat efek battle nya kumpulin memories pair nya gak nyoba trial abyssal chaos,bang kalo liat efek battle nya kumpulin memories pair nya gak nyoba trial abyssal chaos,"bro, if you look at the battle effect, collect memories pair, don't try the abyssal chaos trial"
lanjuuuttttttt,lanjuuuttttttt,lanjuuuttttttt,lanjuuuttttttt,lanjuuuttttttt,continue
makasih bang josep,makasih bang josep,makasih bang josep,makasih bang josep,makasih bang josep,"Thank you, Josep"
Lanjutin game tobrut aja bang. 5 heart in a roof,lanjutin game tobrut aja bang heart in a roof,lanjutin game tobrut saja bang heart in a roof,lanjutin game tobrut bang heart in a roof,lanjutin game tobrut bang heart in a roof,Continue the game Tobrut Bang Heart in a Roof
Thank you banggg windahh🥺🥺🥺🫶🏻,thank you banggg windahh,thank you banggg windahh,thank you banggg windahh,thank you banggg windahh,"Thank you bro, Windahh"
"Battlenya pas diatas susah bang, harus di build penuh demiiii 😭",battlenya pas diatas susah bang harus di build penuh demiiii,battlenya pas diatas susah bang harus di build penuh demiiii,battlenya pas diatas susah bang build penuh demiiii,battlenya pas atas susah bang build penuh demiiii,"the battle is just right and it's hard to build a full one, demiiii"
"TERIMAKASIH BANYAK BANG, BISA NEMENIN GUA MAKAN SAMBIL LIHAT INI, LANJUT KE CALEB BANG",terimakasih banyak bang bisa nemenin gua makan sambil lihat ini lanjut ke caleb bang,terimakasih banyak bang bisa nemenin gua makan sambil lihat ini lanjut ke caleb bang,terimakasih bang nemenin gua makan lihat caleb bang,terimakasih bang nemenin gua makan lihat caleb bang,"Thank you, bro, for accompanying me to eat, see Caleb, bro"
"para bocil fomo pasti pada tantrum nih 
semangat ayah windah 
big respect dah buat ayah windah batubara",para bocil fomo pasti pada tantrum nih semangat ayah windah big respect dah buat ayah windah batubara,para bocil fomo pasti pada tantrum nih semangat ayah windah big respect dah buat ayah windah batubara,bocil fomo tantrum nih semangat ayah windah big respect dah ayah windah batubara,bocil fomo tantrum nih semangat ayah windah big respect dah ayah windah batubara,"What a joke, this tantrum is the spirit of Windah's father, Big Respect, Windah's father, Coal"
2:06:52 2:18:57 NGAKAK BANGET DI SCREENSHOT TERUSSSS SYLUS SAMA BANG WINDOWSSSSSS,ngakak banget di screenshot terussss sylus sama bang windowssssss,ngakak banget di screenshot terussss sylus sama bang windowssssss,ngakak banget screenshot terussss sylus bang windowssssss,ngakak banget screenshot terussss sylus bang windowssssss,"the screenshots are so funny, they're so sylus, bro windowsssss"
jomoknye,jomoknye,jomoknye,jomoknye,jomoknye,it's dirty
bang kamu mirip zayne,bang kamu mirip zayne,bang kamu mirip zayne,bang zayne,bang zayne,Zayne bro
Beda gem cewek sama cowok. Kalau cewek minim mesum tpi cowok pasti adaa aja hal mesum nya,beda gem cewek sama cowok kalau cewek minim mesum tpi cowok pasti adaa aja hal mesum nya,beda gem cewek sama cowok kalau cewek minim mesum tpi cowok pasti adaa saja hal mesum nya,beda gem cewek cowok cewek minim mesum tpi cowok adaa mesum nya,beda gem cewek cowok cewek minim mesum tpi cowok adaa mesum nya,"It's different between girls, boys and girls who are minimally perverted, but guys who are perverted"
WAHAI PARA COWOK BELAJAR LAH DARI COWOK COWOK LOVE AND DEEPSPACE!!! Biar romantissssssssssssss!!! okeh? okeh???,wahai para cowok belajar lah dari cowok cowok love and deepspace biar romantissssssssssssss okeh okeh,wahai para cowok belajar lah dari cowok cowok love and deepspace biar romantissssssssssssss okeh okeh,cowok belajar cowok cowok love and deepspace biar romantissssssssssssss okeh okeh,cowok ajar cowok cowok love and deepspace biar romantissssssssssssss okeh okeh,boys teach boys to love and deepspace so it's romanticsssssssssss okay okay okay
Bagi-bagi,bagibagi,bagibagi,bagibagi,bagibagi,share
Halu² trus sama game,halu trus sama game,halu trus sama game,halu trus game,halu trus game,let's go and play
ryhan iri ​ @RyhanGanteng ,ryhan iri ryhanganteng,ryhan iri ryhanganteng,ryhan iri ryhanganteng,ryhan iri ryhanganteng,ryhan envy ryhanganteng
game OTOME,game otome,game otome,game otome,game otome,otome games
Iri tuh gk bisa maen biasa phone kentang,iri tuh gk bisa maen biasa phone kentang,iri tuh gk bisa maen biasa phone kentang,iri tuh gk maen phone kentang,iri tuh gk maen phone kentang,I'm jealous of playing on a potato phone
​ @mochaners mana ada cowok normal main ini game 🤣,mochaners mana ada cowok normal main ini game,mochaners mana ada cowok normal main ini game,mochaners cowok normal main game,mochaners cowok normal main game,normal male mochaners play games
siapa di sini yang cowok  nonton sambil makan :v,siapa di sini yang cowok nonton sambil makan v,siapa di sini yang cowok nonton sambil makan v,cowok nonton makan v,cowok nonton makan v,boy watching eating v
Banyak komentar cewe cuy,banyak komentar cewe cuy,banyak komentar cewe cuy,komentar cewe cuy,komentar cewe cuy,girl's comment
ketinggalan live nya🥲makasiii bang windahh udh mainin game ini❤big respect huhu🥰🔥,ketinggalan live nyamakasiii bang windahh udh mainin game inibig respect huhu,ketinggalan live nyamakasiii bang windahh udh mainin game inibig respect huhu,ketinggalan live nyamakasiii bang windahh udh mainin game inibig respect huhu,tinggal live nyamakasiii bang windahh udh mainin game inibig respect huhu,"Just live, thanks bro, Windah, for playing this game, big respect, huhu"
Wowowow thanks bang ❤,wowowow thanks bang,wowowow thanks bang,wowowow thanks bang,wowowow thanks bang,wowowow thanks bro
"perasaan game nya normal normal aja, kenapa kemaren pada rame dah",perasaan game nya normal normal aja kenapa kemaren pada rame dah,perasaan game nya normal normal saja kenapa kemaren pada rame dah,perasaan game nya normal normal kemaren rame dah,asa game nya normal normal kemaren rame dah,I hope the game was as normal as it was yesterday
THANKS BANG WINDAH,thanks bang windah,thanks bang windah,thanks bang windah,thanks bang windah,thanks bro windah
"makasih bang windah dh mainin gamenya aku mw nonton sambil nyemil tapi malah g ada, thank bg windh dh di mainin🎉",makasih bang windah dh mainin gamenya aku mw nonton sambil nyemil tapi malah g ada thank bg windh dh di mainin,makasih bang windah dh mainin gamenya aku mw nonton sambil nyemil tapi malah g ada thank bang windh dh di mainin,makasih bang windah dh mainin gamenya mw nonton nyemil g thank bang windh dh mainin,makasih bang windah dh mainin gamenya mw nonton nyemil g thank bang windh dh mainin,"Thank you, bro, Windah for playing the game, I'm watching snacks, thank you, bro, Windah, for playing"
AAAAAA DEMI APA NJIR🎉🎉😭😭,aaaaaa demi apa njir,aaaaaa demi apa njir,aaaaaa njir,aaaaaa njir,aaaaaa njir
"Makasih sudah mau mendengar masukan dari para player, semoga kedepannya semakin besar channelnya🎉🎉",makasih sudah mau mendengar masukan dari para player semoga kedepannya semakin besar channelnya,makasih sudah mau mendengar masukan dari para player semoga kedepannya semakin besar channelnya,makasih mendengar masukan player semoga kedepannya channelnya,makasih dengar masuk player moga depan channelnya,"Thank you for listening, please enter the player at the front of the channel"
Bang aku sepanjang vidio cuman liat ekspresi mu😭,bang aku sepanjang vidio cuman liat ekspresi mu,bang aku sepanjang vidio cuman liat ekspresi mu,bang vidio cuman liat ekspresi mu,bang vidio cuman liat ekspresi mu,"Bro, the video just looks at your expression"
thank you bng udh mainin ini game!!,thank you bng udh mainin ini game,thank you bng udh mainin ini game,thank you bng udh mainin game,thank you bng udh mainin game,Thank you bro for playing the game
"bang main airstrike 3D dong, game legend di gamehouse bagi anak 90 dan 2000an",bang main airstrike d dong game legend di gamehouse bagi anak dan an,bang main airstrike d dong game legend di gamehouse bagi anak dan an,bang main airstrike d game legend gamehouse anak an,bang main airstrike d game legend gamehouse anak an,"bro, play airstrike in the game legend gamehouse for your kids"
"Gk ada yg salah sama game ini, rpg nya juga berasa action, grafik nya keren, tapi kalo cowok yang mainin rasanya agak gimana gitu😅",gk ada yg salah sama game ini rpg nya juga berasa action grafik nya keren tapi kalo cowok yang mainin rasanya agak gimana gitu,gk ada yang salah sama game ini rpg nya juga berasa action grafik nya keren tapi kalo cowok yang mainin rasanya agak gimana gitu,gk salah game rpg nya berasa action grafik nya keren kalo cowok mainin gimana gitu,gk salah game rpg nya asa action grafik nya keren kalo cowok mainin gimana gitu,"There's nothing wrong with an RPG game that has action, the graphics are cool, it's like that if a guy plays it"
"Terima kasih, Abang! Seru banget streaming tadiii🎉",terima kasih abang seru banget streaming tadiii,terima kasih abang seru banget streaming tadiii,terima kasih abang seru banget streaming tadiii,terima kasih abang seru banget streaming tadiii,"Thank you bro, the streaming was really fun"
bg main infinity nikki pls,bg main infinity nikki pls,bang main infinity nikki tolong,bang main infinity nikki tolong,bang main infinity nikki tolong,bro play infinity nikki please
❤❤❤,,,,,
2:58:54 positive masculinity ‼️‼️ respect,positive masculinity respect,positive masculinity respect,positive masculinity respect,positive masculinity respect,positive masculinity respect
BANG NEXT REQUEST HAKUOKI WKWKWKW,bang next request hakuoki wkwkwkw,bang next request hakuoki tertawa,bang next request hakuoki tertawa,bang next request hakuoki tertawa,Bro next request Hakuoki laughed
😂😂😂 gs bng,gs bng,gs bng,gs bng,gs bng,gs bro
baru kali ini isi comment bang windah lebih banyak CWK daripada CWK,baru kali ini isi comment bang windah lebih banyak cwk daripada cwk,baru kali ini isi comment bang windah lebih banyak cwk daripada cwk,kali isi comment bang windah cwk cwk,kali isi comment bang windah cwk cwk,"Please fill in the comments, bro, Windah, cwk, cwk"
Yang di permasalahin itu kalo yang main ini game cowok jadi aneh,yang di permasalahin itu kalo yang main ini game cowok jadi aneh,yang di permasalahin itu kalo yang main ini game cowok jadi aneh,permasalahin kalo main game cowok aneh,permasalahin kalo main game cowok aneh,It's a problem if you play strange boys' games
Gara gara viewers bocil toxic nya bang windah tuh yang ngelarang gak jelas😂,gara gara viewers bocil toxic nya bang windah tuh yang ngelarang gak jelas,gara gara viewers bocil toxic nya bang windah tuh yang ngelarang gak jelas,gara gara viewers bocil toxic nya bang windah tuh ngelarang gak,gara gara viewers bocil toxic nya bang windah tuh ngelarang gak,"Because of the toxic little viewers, did Windah ban him or not"
Wah banyak banget yg nonton{ semangat truss ya bang windah},wah banyak banget yg nonton semangat truss ya bang windah,wah banyak banget yang nonton semangat truss ya bang windah,banget nonton semangat truss ya bang windah,banget nonton semangat truss ya bang windah,"It's really exciting to watch, bro, Windah"
bang windah makasih ia udah kasih kita asupan dengan main game ini dan homicipher despite all the hate speeches and threats 💗💗💗 sehat sehat ia bang,bang windah makasih ia udah kasih kita asupan dengan main game ini dan homicipher despite all the hate speeches and threats sehat sehat ia bang,bang windah makasih ia sudah kasih kita asupan dengan main game ini dan homicipher despite all the hate speeches and threats sehat sehat ia bang,bang windah makasih kasih asupan main game homicipher despite all the hate speeches and threats sehat sehat bang,bang windah makasih kasih asupan main game homicipher despite all the hate speeches and threats sehat sehat bang,"Bang Windah, thank you for providing food for playing homicipher games despite all the hate speeches and threats, healthy and healthy, bro"
Mantep bang ditunggu otome game yang lain yaaa..banyak yg bagus2 hehe😂😂😂 btw abis dua juta cuma beli fitur2nya doang 😂😂bener2 effort lu oke banget,mantep bang ditunggu otome game yang lain yaaabanyak yg bagus hehe btw abis dua juta cuma beli fiturnya doang bener effort lu oke banget,mantep bang ditunggu otome game yang lain yaaabanyak yang bagus hehe by the way abis dua juta cuma beli fiturnya doang bener effort lu oke banget,mantep bang ditunggu otome game yaaabanyak bagus hehe by the way abis juta beli fiturnya doang bener effort lu oke banget,mantep bang tunggu otome game yaaabanyak bagus hehe by the way abis juta beli fiturnya doang bener effort lu oke banget,"great bro, wait for the otome games, there are lots of good ones hehe by the way after a million buys the features are really really good, your effort is really good"
love brandooo no matter what happened,love brandooo no matter what happened,love brandooo no matter what happened,love brandooo no matter what happened,love brandooo no matter what happened,love brandoo no matter what happened
Bang gw cowok gw suka sylus,bang gw cowok gw suka sylus,bang gw cowok gw suka sylus,bang gw cowok gw suka sylus,bang gw cowok gw suka sylus,"Bro, I'm a guy, I like Sylus"
Pliss syluss guee,pliss syluss guee,pliss syluss guee,pliss syluss guee,pliss syluss guee,pls syluss me
THANKSSSSS BANG WINDAHH,thanksssss bang windahh,thanksssss bang windahh,thanksssss bang windahh,thanksssss bang windahh,thankssss bro windahh
"Bagus kok gamenya visual kek final fantasy/takken, kalian terlalu ovt",bagus kok gamenya visual kek final fantasytakken kalian terlalu ovt,bagus kok gamenya visual seperti final fantasytakken kalian terlalu ovt,bagus gamenya visual final fantasytakken ovt,bagus gamenya visual final fantasytakken ovt,good game visuals final fantasy takken ovt
thank uu bang windah for playing this game❤❤,thank uu bang windah for playing this game,thank uu bang windah for playing this game,thank uu bang windah for playing this game,thank uu bang windah for playing this game,thank uu bro windah for playing this game
apa cuma aku yang mikir kalo gameplay nya mirip sama PGR😅,apa cuma aku yang mikir kalo gameplay nya mirip sama pgr,apa cuma aku yang mikir kalo gameplay nya mirip sama pgr,mikir kalo gameplay nya pgr,mikir kalo gameplay nya pgr,I think the gameplay is poor
"gg bangg game nya epic banget dari fitur dan grafik nya, suka🙌",gg bangg game nya epic banget dari fitur dan grafik nya suka,gg bangg game nya epic banget dari fitur dan grafik nya suka,gg bangg game nya epic banget fitur grafik nya suka,gg bangg game nya epic banget fitur grafik nya suka,"I'm proud, the game is really epic, I like the graphic features"
Aku sudah pernah memainkan game ini (4x),aku sudah pernah memainkan game ini x,aku sudah pernah memainkan game ini x,memainkan game x,main game x,play x games
"ak juga main game ini bang, dan memang sgt seru. pantas no.1 di playstore. makasi udah mainin game ini bang, i love you🥰🌷🫰",ak juga main game ini bang dan memang sgt seru pantas no di playstore makasi udah mainin game ini bang i love you,ak juga main game ini bang dan memang sgt seru pantas no di playstore makasi sudah mainin game ini bang i love you,ak main game bang sgt seru no playstore makasi mainin game bang i love you,ak main game bang sgt seru no playstore makas mainin game bang i love you,"I play the game, it's really fun, no playstore, so play the game, bro, I love you"
bang windah kapan2 main spec ops the line dong,bang windah kapan main spec ops the line dong,bang windah kapan main spec ops the line dong,bang windah main spec ops the line,bang windah main spec ops the line,Bang Windah main spec ops the line
AAAAA KETINGGALAN LIVE BG LIVE LG GAKKKKK😭😭😭😭😭😭😭🤏,aaaaa ketinggalan live bg live lg gakkkkk,aaaaa ketinggalan live bang live lg gakkkkk,aaaaa ketinggalan live bang live lg gakkkkk,aaaaa tinggal live bang live lg gakkkkk,aaaaa tinggal live bang live lg gakkkkk
"makasi uda review dengan baik bang, respeeecct",makasi uda review dengan baik bang respeeecct,makasi uda review dengan baik bang respeeecct,makasi uda review bang respeeecct,makas uda review bang respeeecct,"thanks for the review, bro, respect"
SEMANGAT TERUS BANGGGG AAAA,semangat terus bangggg aaaa,semangat terus bangggg aaaa,semangat bangggg aaaa,semangat bangggg aaaa,I'm so excited aaaa
Makasih bang udh mainin game ini😊,makasih bang udh mainin game ini,makasih bang udh mainin game ini,makasih bang udh mainin game,makasih bang udh mainin game,Thank you bro for playing the game
Akhirnya bang windah mainin loads,akhirnya bang windah mainin loads,akhirnya bang windah mainin loads,bang windah mainin loads,bang windah mainin loads,"Bro, Windah, play loads"
MAKASIH BANGG UDAH MAINNN,makasih bangg udah mainnn,makasih bangg sudah mainnn,makasih bangg mainnn,makasih bangg mainnn,thanks for playing
Makasih bang udh kasih respon positif 🫶,makasih bang udh kasih respon positif,makasih bang udh kasih respon positif,makasih bang udh kasih respon positif,makasih bang udh kasih respon positif,Thank you bro for giving a positive response
Lebih ganteng aku,lebih ganteng aku,lebih ganteng aku,ganteng,ganteng,Handsome
"Semangat bg, jgn dengerin yg capeer, aku selalu nntn abg",semangat bg jgn dengerin yg capeer aku selalu nntn abg,semangat bang jgn dengerin yang capeer aku selalu nntn abg,semangat bang jgn dengerin capeer nntn abg,semangat bang jgn dengerin capeer nntn abg,"Be enthusiastic, don't listen to the capeers you're watching, bro"
bang km gamau lanjut game fear and hunger 2 bang???? ayo banggggg,bang km gamau lanjut game fear and hunger bang ayo banggggg,bang km gamau lanjut game fear and hunger bang ayo banggggg,bang km gamau game fear and hunger bang ayo banggggg,bang km gamau game fear and hunger bang ayo banggggg,"bro, you don't want the fear and hunger game, bro, come on, bro"
Gilak komen full wanita,gilak komen full wanita,gilak komen full wanita,gilak komen full wanita,gilak komen full wanita,crazy comments full of women
big thankss bg windah gantenggg udh mainin game ini aku terharu bgt🥺🥺,big thankss bg windah gantenggg udh mainin game ini aku terharu bgt,big thankss bang windah gantenggg udh mainin game ini aku terharu banget,big thankss bang windah gantenggg udh mainin game terharu banget,big thankss bang windah gantenggg udh mainin game haru banget,"Big thanks, bro, handsome Windah, you played this really emotional game"
Itu caleb habis meledak bang truss dikiranya udah jdi ubi pas meledak tpi akhirnya comeback jadi colonel lagi,itu caleb habis meledak bang truss dikiranya udah jdi ubi pas meledak tpi akhirnya comeback jadi colonel lagi,itu caleb habis meledak bang truss dikiranya sudah jdi ubi pas meledak tpi akhirnya comeback jadi colonel lagi,caleb habis meledak bang truss dikiranya jdi ubi pas meledak tpi comeback colonel,caleb habis ledak bang truss kira jdi ubi pas ledak tpi comeback colonel,"Caleb ended up exploding, then thought he was a sweet potato when he exploded, but Colonel made a comeback"
"game gaje gk ada seru² nya, balik lagi ke selera masing masing, tapi ini game apaan co
damn bro game absurd",game gaje gk ada seru nya balik lagi ke selera masing masing tapi ini game apaan co damn bro game absurd,game gaje gk ada seru nya balik lagi ke selera masing masing tapi ini game apaan co damn bro game absurd,game gaje gk seru nya selera game co damn bro game absurd,game gaje gk seru nya selera game co damn bro game absurd,"Gaje game isn't fun, taste in games, damn bro, absurd games"
MAKASII BANGG,makasii bangg,makasii bangg,makasii bangg,makasii bangg,thanks bro
DITUNGGU PART 2 NYAAAA ❤❤❤,ditunggu part nyaaaa,ditunggu part nyaaaa,ditunggu part nyaaaa,tunggu part nyaaaa,wait for the part
MANTAP BG,mantap bg,mantap bang,mantap bang,mantap bang,great bro
aduh gantengnyaaa 💅🏼💅🏼💅🏼,aduh gantengnyaaa,aduh gantengnyaaa,aduh gantengnyaaa,aduh gantengnyaaa,oh how handsome
"geli bgt baca komen"" pada tergila"" sama cowo dlm game😭😭",geli bgt baca komen pada tergila sama cowo dlm game,geli banget baca komen pada tergila sama cowo dlm game,geli banget baca komen tergila cowo dlm game,geli banget baca komen gila cowo dlm game,It's really amusing to read the guy's crazy comments in the game
MAKASI UDAH NURUTIN VIEWERS CEWEE ❤❤❤,makasi udah nurutin viewers cewee,makasi sudah nurutin viewers cewee,makasi nurutin viewers cewee,makas nurutin viewers cewee,So obey the girl viewers
GANTEEENG BANGEEETT,ganteeeng bangeeett,ganteeeng bangeeett,ganteeeng bangeeett,ganteeeng bangeeett,really handsome
Bang windah sehat sehat ya 🥺💓,bang windah sehat sehat ya,bang windah sehat sehat ya,bang windah sehat sehat ya,bang windah sehat sehat ya,"Bro, Windah, healthy and healthy"
Gw cowok boleh nonton ga bang?,gw cowok boleh nonton ga bang,gw cowok boleh nonton ga bang,gw cowok nonton ga bang,gw cowok nonton ga bang,Am I a guy watching or not?
WAAAAAAAAAA MAKASI BANGET UDAH MAIN INIIIII ❤❤❤❤❤❤,waaaaaaaaaa makasi banget udah main iniiiii,waaaaaaaaaa makasi banget sudah main iniiiii,waaaaaaaaaa makasi banget main iniiiii,waaaaaaaaaa makas banget main iniiiii,"waaaaaaaaa, that's really great for playing this"
Sekedar info bang umur Xavier udah 800+ thun lebih,sekedar info bang umur xavier udah thun lebih,sekedar info bang umur xavier sudah thun lebih,sekedar info bang umur xavier thun,dar info bang umur xavier thun,"From your info, how old is Xavier?"
3:03:30 lagu penutup 🗿,lagu penutup,lagu penutup,lagu penutup,lagu tutup,closing song
Semoga bang windah ga main game ini lgi,semoga bang windah ga main game ini lgi,semoga bang windah ga main game ini lgi,semoga bang windah ga main game lgi,moga bang windah ga main game lgi,I hope Bro Windah doesn't play games anymore
"​ @RyhanGanteng gausah gtu, gua cwok juga fine fine aja bg windah main ini",ryhanganteng gausah gtu gua cwok juga fine fine aja bg windah main ini,ryhanganteng gausah gtu gua cwok juga fine fine saja bang windah main ini,ryhanganteng gausah gtu gua cwok fine fine bang windah main,ryhanganteng gausah gtu gua cwok fine fine bang windah main,"ryhanganteng doesn't have to be like that, I'm a fine, fine guy, bro, Windah main"
Ya berarti bukan selera lu. Simpel kan,ya berarti bukan selera lu simpel kan,ya berarti bukan selera lu simpel kan,ya selera lu simpel,ya selera lu simpel,"Yes, your taste is simple"
 @SoAng1203  game haluu iniii bikin cewekkkk  halu² truss,soang game haluu iniii bikin cewekkkk halu truss,soang game haluu ini bikin cewekkkk halu truss,soang game haluu bikin cewekkkk halu truss,soang game haluu bikin cewekkkk halu truss,Soang haluu game makes girls haluu truss
"game simulasi pacaran tapi dari sudut pandang cewe bisa milih cowok, masa harus dijelasin kata per kata gini",game simulasi pacaran tapi dari sudut pandang cewe bisa milih cowok masa harus dijelasin kata per kata gini,game simulasi pacaran tapi dari sudut pandang cewe bisa milih cowok masa harus dijelasin kata per kata gini,game simulasi pacaran sudut pandang cewe milih cowok dijelasin gini,game simulasi pacar sudut pandang cewe milih cowok dijelasin gin,boyfriend simulation game from a girl's perspective on choosing a guy explained by gin
game haluu iniii bikin cewekkkk  halu truss,game haluu iniii bikin cewekkkk halu truss,game haluu ini bikin cewekkkk halu truss,game haluu bikin cewekkkk halu truss,game haluu bikin cewekkkk halu truss,haluu game makes girls halu truss
Lah cowo jg haluuuu​ @RyhanGanteng ,lah cowo jg haluuuu ryhanganteng,lah cowo juga haluuuu ryhanganteng,cowo haluuuu ryhanganteng,cowo haluuuu ryhanganteng,haluuuu ryhanganteng guy
"Target market nya emang bukan elu jir, ini game otome, giliran game fanservice cewe setengah telanjang dada gede gak koar koar tuh😂",target market nya emang bukan elu jir ini game otome giliran game fanservice cewe setengah telanjang dada gede gak koar koar tuh,target market nya emang bukan elu jir ini game otome giliran game fanservice cewe setengah telanjang dada gede gak koar koar tuh,target market nya emang elu jir game otome giliran game fanservice cewe telanjang dada gede gak koar koar tuh,target market nya emang elu jir game otome gilir game fanservice cewe telanjang dada gede gak koar koar tuh,"The target market is you guys, otome games, fan service games, big breasted naked girls, don't you brag about it?"
Cewe dan Cowo memiliki selera yang beda cewe lebih suka game romantis sementara cowo suka game rpg,cewe dan cowo memiliki selera yang beda cewe lebih suka game romantis sementara cowo suka game rpg,cewe dan cowo memiliki selera yang beda cewe lebih suka game romantis sementara cowo suka game rpg,cewe cowo memiliki selera beda cewe suka game romantis cowo suka game rpg,cewe cowo milik selera beda cewe suka game romantis cowo suka game rpg,"Girls and boys have different tastes, girls like romantic games, boys like RPG games"
Haluuu aja trus cuman karakter game,haluuu aja trus cuman karakter game,haluuu saja trus cuman karakter game,haluuu trus cuman karakter game,haluuu trus cuman karakter game,hello then it's just a game character
perasaan makluk tuwir semua,perasaan makluk tuwir semua,perasaan makluk tuwir semua,perasaan makluk tuwir,asa makluk tuwir,hope for peace
@DraceEmpressa  hmm,draceempressa hmm,draceempressa hmm,draceempressa hmm,draceempressa hmm,draceempressa hmm
"makasi banyak bang !! beneran respect bgt akhirnya memutuskan buat tetep main gamesnya walaupun udh banyak konflik soal game ini tapi bang windah tetep yakin dan main game ini, balik lagi guys bang windah itu sebagai gamers. Jadi kita ga bisa nge judge apa games yg dia mainin itu, namanya juga seorang gamers. jadi apa yang salah kan yaa, Proud of u bang windah Sukses 🫶🏼",makasi banyak bang beneran respect bgt akhirnya memutuskan buat tetep main gamesnya walaupun udh banyak konflik soal game ini tapi bang windah tetep yakin dan main game ini balik lagi guys bang windah itu sebagai gamers jadi kita ga bisa nge judge apa games yg dia mainin itu namanya juga seorang gamers jadi apa yang salah kan yaa proud of u bang windah sukses,makasi banyak bang beneran respect banget akhirnya memutuskan buat tetep main gamesnya walaupun udh banyak konflik soal game ini tapi bang windah tetep yakin dan main game ini balik lagi guys bang windah itu sebagai gamers jadi kita ga bisa nge judge apa games yang dia mainin itu namanya juga seorang gamers jadi apa yang salah kan yaa proud of u bang windah sukses,makasi bang beneran respect banget memutuskan tetep main gamesnya udh konflik game bang windah tetep main game guys bang windah gamers ga nge judge games mainin namanya gamers salah yaa proud of u bang windah sukses,makas bang beneran respect banget putus tetep main gamesnya udh konflik game bang windah tetep main game guys bang windah gamers ga nge judge games mainin nama gamers salah yaa proud of u bang windah sukses,"thanks bro, you really have a lot of respect for breaking up, still playing the game, it's a game conflict, bro, windah, keep playing games, guys, bro, windah, gamers don't judge games, play the wrong gamers' names, proud of you, bro, windah, success"
Busettt komen di penuhi oleh cewee cewee😮😮,busettt komen di penuhi oleh cewee cewee,busettt komen di penuhi oleh cewee cewee,busettt komen penuhi cewee cewee,busettt komen penuh cewee cewee,busettt comments full of girls
battlenya banyak kok bangg,battlenya banyak kok bangg,battlenya banyak kok bangg,battlenya bangg,battlenya bangg,the battle is great
Kek nya ga bakal ada part 2 dh😢,kek nya ga bakal ada part dh,seperti nya ga bakal ada part dh,nya ga part dh,nya ga part dh,it's not a part
"bang windah kalo mau pake caleb/foto bareng caleb harus main dulu storynya, story nya itu yang paling bawah yang warna kuning, yang namanya homeback wings itu story nya caleb. Kalo udah mainin nanti caleb bisa di pake, respect.",bang windah kalo mau pake calebfoto bareng caleb harus main dulu storynya story nya itu yang paling bawah yang warna kuning yang namanya homeback wings itu story nya caleb kalo udah mainin nanti caleb bisa di pake respect,bang windah kalo mau pake calebfoto bareng caleb harus main dulu storynya story nya itu yang paling bawah yang warna kuning yang namanya homeback wings itu story nya caleb kalo sudah mainin nanti caleb bisa di pake respect,bang windah kalo pake calebfoto bareng caleb main storynya story nya warna kuning namanya homeback wings story nya caleb kalo mainin caleb pake respect,bang windah kalo pake calebfoto bareng caleb main storynya story nya warna kuning nama homeback wings story nya caleb kalo mainin caleb pake respect,"bro, if you use caleb, take a photo with caleb, the main story, the story is yellow, the name of caleb's homeback wings story, if you play caleb, use respect"
Thanks bang udh mainin dan review ni game!🥰,thanks bang udh mainin dan review ni game,thanks bang udh mainin dan review ni game,thanks bang udh mainin review ni game,thanks bang udh mainin review ni game,Thanks bro for reviewing this game
"Gua dukung lu main apapun bang asal yang mainnya elu, dan gua yakin lu juga punya prepare an yang mateng kalo mau main suatu game. DAN F U BUAT YANG NGEHATE BANG WINDAH MAU FANS GAMENYA ATAU COWOK2 YANG SOK MASKULIN!",gua dukung lu main apapun bang asal yang mainnya elu dan gua yakin lu juga punya prepare an yang mateng kalo mau main suatu game dan f u buat yang ngehate bang windah mau fans gamenya atau cowok yang sok maskulin,gua dukung lu main apapun bang asal yang mainnya elu dan gua yakin lu juga punya prepare an yang mateng kalo mau main suatu game dan f u buat yang ngehate bang windah mau fans gamenya atau cowok yang sok maskulin,gua dukung lu main apapun bang mainnya elu gua lu prepare an mateng kalo main game f u ngehate bang windah fans gamenya cowok sok maskulin,gua dukung lu main apa bang main elu gua lu prepare an mateng kalo main game f u ngehate bang windah fans gamenya cowok sok maskulin,"I support you, what do you play, bro, I want you to prepare and mateng if you play the game, you hate it, Bro, the fans of the game are men who act masculine"
sayangg bangg windah banyakk² karna uda mainin game favorit cewee²❤,sayangg bangg windah banyakk karna uda mainin game favorit cewee,sayangg bangg windah banyakk karna uda mainin game favorit cewee,sayangg bangg windah banyakk karna uda mainin game favorit cewee,sayangg bangg windah banyakk karna uda mainin game favorit cewee,I love Windah a lot because I played my girl's favorite game
❤❤❤❤❤,,,,,
BANG WINDAH THANKYOUUUU 😍😍😍,bang windah thankyouuuu,bang windah thankyouuuu,bang windah thankyouuuu,bang windah thankyouuuu,"Bro Windah, thank youuuu"
haloo bangg windahhh,haloo bangg windahhh,haloo bangg windahhh,haloo bangg windahhh,haloo bangg windahhh,hello bro windahhh
Bg main crazy oness,bg main crazy oness,bang main crazy oness,bang main crazy oness,bang main crazy oness,bro playing crazy guys
"Game ini di tunjukan bagi bocil2 di bawah 14th. Yang 15th keatas, udah lu kerja aja😂",game ini di tunjukan bagi bocil di bawah th yang th keatas udah lu kerja aja,game ini di tunjukan bagi bocil di bawah th yang th keatas sudah lu kerja saja,game tunjukan bocil th th keatas lu kerja,game tunjuk bocil th th atas lu kerja,the game shows the leak of the year you worked
banyak banget komentar cewek² 😭,banyak banget komentar cewek,banyak banget komentar cewek,banget komentar cewek,banget komentar cewek,what a girl's comment
THANK YOU SO MUCH BANGG WINDAHH! seru bgt dehh 😽🤍,thank you so much bangg windahh seru bgt dehh,thank you so much bangg windahh seru banget dehh,thank you so much bangg windahh seru banget dehh,thank you so much bangg windahh seru banget dehh,"Thank you so much, proud Windah, it's really exciting"
Bused 3 jam wkwkwkwkwkw,bused jam wkwkwkwkwkw,bused jam wkwkwkwkwkw,bused jam wkwkwkwkwkw,bused jam wkwkwkwkwkw,Bused clock hahaha
"ngeri nyalinya bang brando 🔥🔥🔥 ga takut di roasting sm haters, tetap pada pendirian nya utk memainkan game yg sempat kontroversial 😆",ngeri nyalinya bang brando ga takut di roasting sm haters tetap pada pendirian nya utk memainkan game yg sempat kontroversial,ngeri nyalinya bang brando ga takut di roasting sm haters tetap pada pendirian nya utk memainkan game yang sempat kontroversial,ngeri nyalinya bang brando ga takut roasting sm haters pendirian nya utk memainkan game kontroversial,ngeri nyali bang brando ga takut roasting sm haters diri nya utk main game kontroversial,How scary is Brando's guts to not be afraid of roasting his haters for playing a controversial game
"makasih bang windah, aku sayang bang windah",makasih bang windah aku sayang bang windah,makasih bang windah aku sayang bang windah,makasih bang windah sayang bang windah,makasih bang windah sayang bang windah,"Thank you, Bro Windah, dear Bro Windah"
Makasih bg Windah akhirnya aku bisa nge crot nonton game ini 😋,makasih bg windah akhirnya aku bisa nge crot nonton game ini,makasih bang windah akhirnya aku bisa nge crot nonton game ini,makasih bang windah nge crot nonton game,makasih bang windah nge crot nonton game,"Thank you bro, Windah for watching the game"
gua ngakak sama ekspresi lu bang 😭🤣,gua ngakak sama ekspresi lu bang,gua ngakak sama ekspresi lu bang,gua ngakak ekspresi lu bang,gua ngakak ekspresi lu bang,I'm laughing at your expression
keren nanda,keren nanda,keren nanda,keren nanda,keren nanda,cool nanda
@indriaulia4440  BJIR ELU NGAPA SAMPE SINI 😭,indriaulia bjir elu ngapa sampe sini,indriaulia bjir elu ngapa sampe sini,indriaulia bjir elu ngapa sampe,indriaulia bjir elu ngapa sampe,"Indriaulia bjir, why are you here?"
"buat bocil mananya kocak, satu 5* aja sejuta abis, game kikir ini, bocil dapet duit darimana buat ngegachanya",buat bocil mananya kocak satu aja sejuta abis game kikir ini bocil dapet duit darimana buat ngegachanya,buat bocil mananya kocak satu saja sejuta abis game kikir ini bocil dapet duit darimana buat ngegachanya,bocil mananya kocak sejuta abis game kikir bocil dapet duit darimana ngegachanya,bocil mana kocak juta abis game kikir bocil dapet duit darimana ngegachanya,"where's the joke, it's hilarious, millions after the stingy game, where does the game get the money from?"
"Banyak yang kerja kok, player cewe byk yg kerja 😂 jangan² kamu bocil bro 😮",banyak yang kerja kok player cewe byk yg kerja jangan kamu bocil bro,banyak yang kerja kok player cewe byk yang kerja jangan kamu bocil bro,kerja player cewe byk kerja bocil bro,kerja player cewe byk kerja bocil bro,"The work of female players is a lot of work, bro"
 @titis4721  gw juga lagi kerja sekarang kocak.,titis gw juga lagi kerja sekarang kocak,titis gw juga lagi kerja sekarang kocak,titis gw kerja kocak,titis gw kerja kocak,I think I'm doing a great job
lanjuttt bangg bikin part 2,lanjuttt bangg bikin part,lanjuttt bangg bikin part,lanjuttt bangg bikin part,lanjuttt bangg bikin part,"Continue, proud to make a part"
MAKASIH BANYAK BANG WINDAH,makasih banyak bang windah,makasih banyak bang windah,makasih bang windah,makasih bang windah,Thank you bro Windah
"tetep semangat bang,gw tau niat lu emng buat menghibur,dan buat netizen yang emng suka ngatain atau yng lain,harap di gunakan otaknya untuk berfikir bahwa bukan kalian aja yg nonton nih video",tetep semangat banggw tau niat lu emng buat menghiburdan buat netizen yang emng suka ngatain atau yng lainharap di gunakan otaknya untuk berfikir bahwa bukan kalian aja yg nonton nih video,tetep semangat banggw tau niat lu emng buat menghiburdan buat netizen yang emng suka ngatain atau yng lainharap di gunakan otaknya untuk berfikir bahwa bukan kalian saja yang nonton nih video,tetep semangat banggw tau niat lu emng menghiburdan netizen emng suka ngatain yng lainharap otaknya berfikir nonton nih video,tetep semangat banggw tau niat lu emng menghiburdan netizen emng suka ngatain yng lainharap otak berfikir nonton nih video,"keep up the spirit, proud to know that your intention is to entertain and netizens really like to troll others, hope your brain will think, watch this video"
"sayang bang windahhh❤❤ btw aku viewer baru
baru bulan ini ngikutinn, pas ngikutin kasus lads ini respect bgt deh bang windah nanggepin masalah dengan baik kereennn❤❤",sayang bang windahhh btw aku viewer baru baru bulan ini ngikutinn pas ngikutin kasus lads ini respect bgt deh bang windah nanggepin masalah dengan baik kereennn,sayang bang windahhh by the way aku viewer baru baru bulan ini ngikutinn pas ngikutin kasus lads ini respect banget deh bang windah nanggepin masalah dengan baik kereennn,sayang bang windahhh by the way viewer ngikutinn pas ngikutin lads respect banget deh bang windah nanggepin kereennn,sayang bang windahhh by the way viewer ngikutinn pas ngikutin lads respect banget deh bang windah nanggepin kereennn,"Dear bro, Windah, by the way, viewers follow me when I follow, lads, I really respect you, bro, Windah, I'm cool"
udah yg yapping ?,udah yg yapping,sudah yang yapping,yapping,yapping,yep
Salam sukses selalu bos,salam sukses selalu bos,salam sukses selalu bos,salam sukses bos,salam sukses bos,good luck boss
Bang coba pinjem akun buat review,bang coba pinjem akun buat review,bang coba pinjem akun buat review,bang coba pinjem akun review,bang coba pinjem akun review,"Bro, try borrowing a review account"
"BANG KAMU SUKA ZAYNE, AKU JUGA ALL IN ZAYNE SOFT BOY GENTLEMAN PALING MANTAP DI DUNIA",bang kamu suka zayne aku juga all in zayne soft boy gentleman paling mantap di dunia,bang kamu suka zayne aku juga all in zayne soft boy gentleman paling mantap di dunia,bang suka zayne all in zayne soft boy gentleman mantap dunia,bang suka zayne all in zayne soft boy gentleman mantap dunia,"Bro, I like Zayne, all in Zayne, soft boy, great gentleman of the world"
GAPAPA BANG WINDAH GWEH TETAP SUPPORT!!!! 🎉🎉,gapapa bang windah gweh tetap support,gapapa bang windah gweh tetap support,gapapa bang windah gweh support,gapapa bang windah gweh support,"It's okay bro, Windah, I support you"
makasii bang windah udah mainin game nyaa,makasii bang windah udah mainin game nyaa,makasii bang windah sudah mainin game nyaa,makasii bang windah mainin game nyaa,makasii bang windah mainin game nyaa,"Thank you, bro, for playing the game"
terharu bgt sama pesan bang windah!!!,terharu bgt sama pesan bang windah,terharu banget sama pesan bang windah,terharu banget pesan bang windah,haru banget pesan bang windah,I really feel sorry for Bang Windah's message
bang aylovyu somat aku mendukungmu selama lamanyaahh sarangheok,bang aylovyu somat aku mendukungmu selama lamanyaahh sarangheok,bang aylovyu somat aku mendukungmu selama lamanyaahh sarangheok,bang aylovyu somat mendukungmu lamanyaahh sarangheok,bang aylovyu somat dukung lamanyaahh sarangheok,"Bro, Aylovyu, really support me for a long time, Saranheok"
aduh oleng dikit ke caleb,aduh oleng dikit ke caleb,aduh oleng dikit ke caleb,aduh oleng dikit caleb,aduh oleng dikit caleb,"Ouch, Caleb's a little shaky"
"Makasih banyak ya bang udah main ini, enjoy dan  kerasa abang main 3 jam lebih. Makasih banyakkk❤❤❤🎉",makasih banyak ya bang udah main ini enjoy dan kerasa abang main jam lebih makasih banyakkk,makasih banyak ya bang sudah main ini enjoy dan kerasa abang main jam lebih makasih banyakkk,makasih ya bang main enjoy kerasa abang main jam makasih banyakkk,makasih ya bang main enjoy rasa abang main jam makasih banyakkk,"Thank you bro, enjoy playing, bro, thank you very much for playing"
BANGG AKU KANGEN BANG SERET 😢😢😢,bangg aku kangen bang seret,bangg aku kangen bang seret,bangg kangen bang seret,bangg kangen bang seret,"I'm proud to miss you, bro"
Gg bang windah baru kali ini aku komen 😮 makasih bang windah udh mainin game ini❤,gg bang windah baru kali ini aku komen makasih bang windah udh mainin game ini,gg bang windah baru kali ini aku komen makasih bang windah udh mainin game ini,gg bang windah kali komen makasih bang windah udh mainin game,gg bang windah kali komen makasih bang windah udh mainin game,"gg bro Windah, please comment, thank you bro Windah for playing the game"
"NEXT MAIN GAME DATING ""CRAZY ONE""!!!!!",next main game dating crazy one,next main game dating crazy one,next main game dating crazy one,next main game dating crazy one,next play the dating game crazy one
"bang jujur aselii seruu bangetttt, makasih bangg udah mainin game yg kita req dari Minggu lalu jujurr kerenn bangett sii gg, besok lanjut storynya caleb ya bang, dan jan lupa buat ngegacha teruss ehehe siapa tau dapet bintang 5, semangatt bangg",bang jujur aselii seruu bangetttt makasih bangg udah mainin game yg kita req dari minggu lalu jujurr kerenn bangett sii gg besok lanjut storynya caleb ya bang dan jan lupa buat ngegacha teruss ehehe siapa tau dapet bintang semangatt bangg,bang jujur aselii seruu bangetttt makasih bangg sudah mainin game yang kita req dari minggu lalu jujurr kerenn bangett sii gg besok lanjut storynya caleb ya bang dan jan lupa buat ngegacha teruss ehehe siapa tau dapet bintang semangatt bangg,bang jujur aselii seruu bangetttt makasih bangg mainin game req minggu jujurr kerenn bangett sii gg besok storynya caleb ya bang jan lupa ngegacha teruss ehehe tau dapet bintang semangatt bangg,bang jujur aselii seruu bangetttt makasih bangg mainin game req minggu jujurr kerenn bangett sii gg besok storynya caleb ya bang jan lupa ngegacha teruss ehehe tau dapet bintang semangatt bangg,"bro, honestly, it's really fun, thank you, bro, play the Sunday req game, honestly, it's really cool, sii gg, Caleb's story will be tomorrow, bro, don't forget to keep gacha, ehehe, you know you got a star, so excited, bro"
Efootball bang,efootball bang,efootball bang,efootball bang,efootball bang,efootball bro
Ada youtubers naksir Zayne,ada youtubers naksir zayne,ada youtubers naksir zayne,youtubers naksir zayne,youtubers naksir zayne,YouTubers have a crush on Zayne
STUJUUU,stujuuu,stujuuu,stujuuu,stujuuu,stujuuu
Fyi judulnya itu bukan love and deepspace tpi love and depresion 🤡,fyi judulnya itu bukan love and deepspace tpi love and depresion,fyi judulnya itu bukan love and deepspace tpi love and depresion,fyi judulnya love and deepspace tpi love and depresion,fyi judul love and deepspace tpi love and depresion,fyi the title is love and deep space but love and depression
bang kapan lanjutin main bang seret? dah tanen ak bang,bang kapan lanjutin main bang seret dah tanen ak bang,bang kapan lanjutin main bang seret dah tanen ak bang,bang lanjutin main bang seret dah tanen ak bang,bang lanjutin main bang seret dah tanen ak bang,"Bro, continue playing, bro, drag and harvest, bro"
BANG WINDAH TERIMAKASIH BANYAKKK‼️ SUDAH MEMAINKAN GAME INII ‼️‼️  BANG TAU GA AKU EXCITED BANGET TADI PLSS!!! GA NYANGKAAA!!! TERIMAKASIH BANYAKK POKOKNYA!! 🤏🏻🤏🏻🤏🏻,bang windah terimakasih banyakkk sudah memainkan game inii bang tau ga aku excited banget tadi plss ga nyangkaaa terimakasih banyakk pokoknya,bang windah terimakasih banyakkk sudah memainkan game inii bang tau ga aku excited banget tadi plss ga nyangkaaa terimakasih banyakk pokoknya,bang windah terimakasih banyakkk memainkan game inii bang tau ga excited banget plss ga nyangkaaa terimakasih banyakk pokoknya,bang windah terimakasih banyakkk main game ini bang tau ga excited banget plss ga nyangkaaa terimakasih banyakk pokok,"Bro, Windah, thank you very much for playing this game, bro, you know, I'm not really excited, pls, I didn't expect it, thank you very much, really"
"Nah gini dong bang, main ya main aja.jan di dengerin tuh apa yang bocil-bocil bilang,pada fomo² semua itu.Dan kami viewer setia lu juga, pasti bakal ngedukung apa yang lu maininin.pokoknya fokus aja buat ngehibur kami.",nah gini dong bang main ya main ajajan di dengerin tuh apa yang bocilbocil bilangpada fomo semua itudan kami viewer setia lu juga pasti bakal ngedukung apa yang lu mainininpokoknya fokus aja buat ngehibur kami,nah gini dong bang main ya main ajajan di dengerin tuh apa yang bocilbocil bilangpada fomo semua itudan kami viewer setia lu juga pasti bakal ngedukung apa yang lu mainininpokoknya fokus saja buat ngehibur kami,gini bang main ya main ajajan dengerin tuh bocilbocil bilangpada fomo itudan viewer setia lu ngedukung lu mainininpokoknya fokus ngehibur,gin bang main ya main ajajan dengerin tuh bocilbocil bilangpada fomo itudan viewer setia lu ngedukung lu mainininpokoknya fokus ngehibur,"gin bang, play, just play snacks, listen to what you guys say to fomo, and your loyal viewers support you, basically focus on entertaining"
"Thank You Girls! Btw aku juga main game horor romantis hantu ganteng, judul gamenya Homicipher.
Ini link videonya Gurls: https://www.youtube.com/watch?v=ynNGYMdDZZw&t=9s
Next kita cobain Story nya Caleb guys!

Yuk Join Discord paling rame se-Indonesia buat cari temen!: https://discord.com/invite/motionime
Festival Motionime Fest coming soon 2025: https://www.instagram.com/motionimefest",thank you girls btw aku juga main game horor romantis hantu ganteng judul gamenya homicipher ini link videonya gurls next kita cobain story nya caleb guys yuk join discord paling rame seindonesia buat cari temen festival motionime fest coming soon,thank you girls by the way aku juga main game horor romantis hantu ganteng judul gamenya homicipher ini link videonya gurls next kita cobain story nya caleb guys yuk join discord paling rame seindonesia buat cari temen festival motionime fest coming soon,thank you girls by the way main game horor romantis hantu ganteng judul gamenya homicipher link videonya gurls next cobain story nya caleb guys yuk join discord rame seindonesia cari temen festival motionime fest coming soon,thank you girls by the way main game horor romantis hantu ganteng judul gamenya homicipher link video gurls next cobain story nya caleb guys yuk join discord rame indonesia cari temen festival motionime fest coming soon,thank you girls by the way play romantic horror game handsome ghost game title homicipher link video gurls next try caleb's story guys let's join discord rame indonesia looking for friends festival motionime fest coming soon
lanjuttt leeeee❤ makasi bang windahhh,lanjuttt leeeee makasi bang windahhh,lanjuttt leeeee makasi bang windahhh,lanjuttt leeeee makasi bang windahhh,lanjuttt leeeee makas bang windahhh,Continue leeeee thanks bro Windahhh
"awalnya ragu kirain game mesum soalnya respon orang2 kok gitu bgtt, ternyata biasa ajaa & bagus bgt lagi gamenya jadi pengen main",awalnya ragu kirain game mesum soalnya respon orang kok gitu bgtt ternyata biasa ajaa bagus bgt lagi gamenya jadi pengen main,awalnya ragu kirain game mesum soalnya respon orang kok gitu bgtt ternyata biasa ajaa bagus banget lagi gamenya jadi pengen main,ragu kirain game mesum respon orang gitu bgtt ajaa bagus banget gamenya pengen main,ragu kirain game mesum respon orang gitu bgtt ajaa bagus banget gamenya ken main,"I'm not sure if it's a perverted game, the response from people is that it's really good, the game is fun to play"
"THANKYOU IA BANG WINDAHH, KARENA MAU MAININ GAME INI, SELALU SEMANGAT BANGG BUAT NGEHIBUR KITA SENUAA🎉🎉",thankyou ia bang windahh karena mau mainin game ini selalu semangat bangg buat ngehibur kita senuaa,thankyou ia bang windahh karena mau mainin game ini selalu semangat bangg buat ngehibur kita senuaa,thankyou bang windahh mainin game semangat bangg ngehibur senuaa,thankyou bang windahh mainin game semangat bangg ngehibur senuaa,"Thank you bro, Windahh, playing the game, I'm proud to entertain everyone"
Makasih bang windah akhirnya 🤍,makasih bang windah akhirnya,makasih bang windah akhirnya,makasih bang windah,makasih bang windah,Thank you bro Windah
Namaku Evelyn dan aku bangga,namaku evelyn dan aku bangga,namaku evelyn dan aku bangga,namaku evelyn bangga,nama evelyn bangga,Evelyn's name is proud
Kapan main game simulator bang??,kapan main game simulator bang,kapan main game simulator bang,main game simulator bang,main game simulator bang,play simulator games bro
Aaaa makasih banyak bang windah ❤ sehat terus yaa 🤗,aaaa makasih banyak bang windah sehat terus yaa,aaaa makasih banyak bang windah sehat terus yaa,aaaa makasih bang windah sehat yaa,aaaa makasih bang windah sehat yaa,"aaaa, thank you bro, you're healthy"
Tetep semangat bg walau banyak fans lanang yg gasuka,tetep semangat bg walau banyak fans lanang yg gasuka,tetep semangat bang walau banyak fans lanang yang gasuka,tetep semangat bang fans lanang gasuka,tetep semangat bang fans lanang gasuka,"Keep up the enthusiasm, Lanang Gasuka fans"
2:48:32 KOCAK BANGET ANCRITTTT EKSPRESI BANG WINDOWS AWOAKWOAKWOAK nyengir luh bwangg,kocak banget ancritttt ekspresi bang windows awoakwoakwoak nyengir luh bwangg,kocak banget ancritttt ekspresi bang windows awoakwoakwoak nyengir luh bwangg,kocak banget ancritttt ekspresi bang windows awoakwoakwoak nyengir luh bwangg,kocak banget ancritttt ekspresi bang windows awoakwoakwoak nyengir luh bwangg,really funny ancrittt expression bro windows awoakwoakwoak grinning luh bwangg
"bang coba mainin game evil within kayaknya seru, mirip last of us sama RE, bagus gamenya",bang coba mainin game evil within kayaknya seru mirip last of us sama re bagus gamenya,bang coba mainin game evil within kayaknya seru mirip last of us sama re bagus gamenya,bang coba mainin game evil within kayaknya seru last of us re bagus gamenya,bang coba mainin game evil within kayak seru last of us re bagus gamenya,"bro, try playing the game evil within, it's like the fun last of us, it's a good game"
Game ini tu dalemannya sama kaya game infinity nikki. Developernya jg sama. Seseru itu memang otw download,game ini tu dalemannya sama kaya game infinity nikki developernya jg sama seseru itu memang otw download,game ini tu dalemannya sama kaya game infinity nikki developernya juga sama seseru itu memang otw download,game tu dalemannya kaya game infinity nikki developernya seseru otw download,game tu dalem kaya game infinity nikki developer seru otw download,"This game is like the developer's infinity game, it's fun to download"
seru bang aku sukak,seru bang aku sukak,seru bang aku sukak,seru bang sukak,seru bang sukak,"it's fun, I like it"
Semangat bang,semangat bang,semangat bang,semangat bang,semangat bang,cheer up bro
aku sagne lihat karakter cowoknya bang. 😋,aku sagne lihat karakter cowoknya bang,aku sagne lihat karakter cowoknya bang,sagne lihat karakter cowoknya bang,sagne lihat karakter cowok bang,"Sagne, look at the male character, bro"
"2 kata lucu
windah downfall 🤭🤭",kata lucu windah downfall,kata lucu windah downfall,lucu windah downfall,lucu windah downfall,cute windy downfall
"Kemaren banyak yang protes karena masalah banner, sekarang bannernya udah ga ada, jadi ga masalah",kemaren banyak yang protes karena masalah banner sekarang bannernya udah ga ada jadi ga masalah,kemaren banyak yang protes karena masalah banner sekarang bannernya sudah ga ada jadi ga masalah,kemaren protes banner bannernya ga ga,kemaren protes banner bannernya ga ga,yesterday the banner protest was not there
"Love you bang windah, akhirnya main ini juga",love you bang windah akhirnya main ini juga,love you bang windah akhirnya main ini juga,love you bang windah main,love you bang windah main,love you bro windah main
bangg. lanjutin fear and hunger 2 dong banggg,bangg lanjutin fear and hunger dong banggg,bangg lanjutin fear and hunger dong banggg,bangg lanjutin fear and hunger banggg,bangg lanjutin fear and hunger banggg,Proud to continue Fear and Hunger bro
​@FebrianPutraTriatama Aku lebih ganteng Febri,febrianputratriatama aku lebih ganteng febri,febrianputratriatama aku lebih ganteng febri,febrianputratriatama ganteng febri,febrianputratriatama ganteng febri,febrianputratriatama handsome febri
"GG bang dari aku bocil Sylus, maaf yh tadi aku spam sylus, hehe. THANK YOU BANG BRANDO ❤",gg bang dari aku bocil sylus maaf yh tadi aku spam sylus hehe thank you bang brando,gg bang dari aku bocil sylus maaf yh tadi aku spam sylus hehe thank you bang brando,gg bang bocil sylus maaf yh spam sylus hehe thank you bang brando,gg bang bocil sylus maaf yh spam sylus hehe thank you bang brando,gg bro bocil sylus sorry spam sylus hehe thank you bro brando
lopyuuu bang windahh,lopyuuu bang windahh,lopyuuu bang windahh,lopyuuu bang windahh,lopyuuu bang windahh,lopyuuu bro windahh
"Thanks bang udah review game kesukaan ku, sehat slalu ya bang",thanks bang udah review game kesukaan ku sehat slalu ya bang,thanks bang sudah review game kesukaan ku sehat slalu ya bang,thanks bang review game kesukaan ku sehat slalu ya bang,thanks bang review game suka ku sehat slalu ya bang,"thanks bro, for the review of the game I like, stay healthy, bro"
gg papa windah!!!❤❤,gg papa windah,gg papa windah,gg papa windah,gg papa windah,no papa windah
RESPECTT!! makasiii bang windah uda mainnnn😚,respectt makasiii bang windah uda mainnnn,respectt makasiii bang windah uda mainnnn,respectt makasiii bang windah uda mainnnn,respectt makasiii bang windah uda mainnnn,"Respect, thanks bro, Windah for playing"
lopee banget sama bang windah 🥰🥰,lopee banget sama bang windah,lopee banget sama bang windah,lopee banget bang windah,lopee banget bang windah,"really lopee, bro, beautiful"
bang seret ga lanjut bang,bang seret ga lanjut bang,bang seret ga lanjut bang,bang seret ga bang,bang seret ga bang,"bro, isn't it dragging?"
"keren bang, aku bocil rafayel",keren bang aku bocil rafayel,keren bang aku bocil rafayel,keren bang bocil rafayel,keren bang bocil rafayel,cool bro little boy rafayel
bang lanjut homichiper 🥹,bang lanjut homichiper,bang lanjut homichiper,bang homichiper,bang homichiper,bro homichiper
Gas main game ini lgi bang,gas main game ini lgi bang,gas main game ini lgi bang,gas main game lgi bang,gas main game lgi bang,Gas playing games again bro
"Banggg lanjut main game homichiperrr plssss, mau liatt banh sereettt 😭😭😭😭😭",banggg lanjut main game homichiperrr plssss mau liatt banh sereettt,banggg lanjut main game homichiperrr plssss mau liatt banh sereettt,banggg main game homichiperrr plssss liatt banh sereettt,banggg main game homichiperrr plssss liatt banh sereettt,proud to play the game homichiperrr plssss check it out banh sereettt
woi lanjutin homichiper jangan cuma ngomong doang😠😠😠😠😠😠😡😤😤😰,woi lanjutin homichiper jangan cuma ngomong doang,woi lanjutin homichiper jangan cuma ngomong doang,woi lanjutin homichiper ngomong doang,woi lanjutin homichiper ngomong doang,"Wow, just keep talking homichiper"
gg bang dari aku bocil Rafayel & Caleb 🦫🦫,gg bang dari aku bocil rafayel caleb,gg bang dari aku bocil rafayel caleb,gg bang bocil rafayel caleb,gg bang bocil rafayel caleb,gg bang bang rafayel caleb
Gg btw aku bocil sylus bang,gg btw aku bocil sylus bang,gg by the way aku bocil sylus bang,gg by the way bocil sylus bang,gg by the way bocil sylus bang,gg by the way bocil sylus bro
Gg bang aku bocil caleb,gg bang aku bocil caleb,gg bang aku bocil caleb,gg bang bocil caleb,gg bang bocil caleb,gg bro little boy caleb
"​ @AkunBaru-u2u omg bocil caleb, you such a cutie person, ❤❤",akunbaruuu omg bocil caleb you such a cutie person,akunbaruuu omg bocil caleb you such a cutie person,akunbaruuu omg bocil caleb you such a cutie person,akunbaruuu omg bocil caleb you such a cutie person,"new account omg what a kid, Caleb you are such a cutie person"
Witch cry 2 kapn bng,witch cry kapn bng,witch cry kapn bng,witch cry kapn bng,witch cry kapn bng,witch cry when bro
 @WindahBasudara  makasih bang,windahbasudara makasih bang,windahbasudara makasih bang,windahbasudara makasih bang,windahbasudara makasih bang,windahbasudara thank you bro
"​@FebrianPutraTriatama yaudah sih bang, kan emang cakep semua",febrianputratriatama yaudah sih bang kan emang cakep semua,febrianputratriatama yaudah sih bang kan emang cakep semua,febrianputratriatama yaudah sih bang emang cakep,febrianputratriatama yaudah sih bang emang cakep,"Febrianputratriatama, yes, bro, he's really cute"
Bang klo mau cari game cozy open world kyk genshin coba main Infinity Nikki (ga maksa yah),bang klo mau cari game cozy open world kyk genshin coba main infinity nikki ga maksa yah,bang klo mau cari game cozy open world kyk genshin coba main infinity nikki ga maksa yah,bang klo cari game cozy open world kyk genshin coba main infinity nikki ga maksa yah,bang klo cari game cozy open world kyk genshin coba main infinity nikki ga maksa yah,"Bro, if you're looking for a cozy open world game like Genshin, try playing Infinity Nikki, don't force it"
GG bang aku bocil rafayel,gg bang aku bocil rafayel,gg bang aku bocil rafayel,gg bang bocil rafayel,gg bang bocil rafayel,gg bro little boy rafayel
Nice!!,nice,nice,nice,nice,nice
Bang windah main dong moonlight crush ada bahasa indonesia game story pacaran,bang windah main dong moonlight crush ada bahasa indonesia game story pacaran,bang windah main dong moonlight crush ada bahasa indonesia game story pacaran,bang windah main moonlight crush bahasa indonesia game story pacaran,bang windah main moonlight crush bahasa indonesia game story pacar,Bang Windah main Moonlight Crush Indonesian language game story boyfriend
tengkiyu dah ngasih spoilernya bang 😂👍 dari dulu masih mikir2 main ini game,tengkiyu dah ngasih spoilernya bang dari dulu masih mikir main ini game,tengkiyu dah ngasih spoilernya bang dari dulu masih mikir main ini game,tengkiyu dah ngasih spoilernya bang mikir main game,tengkiyu dah ngasih spoilernya bang mikir main game,"Tengkiyu has given the spoiler bro, thinking about playing the game"
bang plis main fear and hunger yg game kedua bang aku bocil fear and hunger,bang plis main fear and hunger yg game kedua bang aku bocil fear and hunger,bang tolong main fear and hunger yang game kedua bang aku bocil fear and hunger,bang tolong main fear and hunger game bang bocil fear and hunger,bang tolong main fear and hunger game bang bocil fear and hunger,"bro, please play the fear and hunger game, bro, kid, fear and hunger"
Bang aku tungguhin caleb atory nya,bang aku tungguhin caleb atory nya,bang aku tungguhin caleb atory nya,bang tungguhin caleb atory nya,bang tungguhin caleb atory nya,"bro, wait for the caleb atory"
keren bang aku istri sylus,keren bang aku istri sylus,keren bang aku istri sylus,keren bang istri sylus,keren bang istri sylus,Sylus's wife is cool
Lanjutt bang main game ini :D,lanjutt bang main game ini d,lanjutt bang main game ini d,lanjutt bang main game d,lanjutt bang main game d,continue playing games bro d
"Bang lanjutin game bang seret dong bang plis, udh seskreb laik n komen nih",bang lanjutin game bang seret dong bang plis udh seskreb laik n komen nih,bang lanjutin game bang seret dong bang tolong udh seskreb laik n komen nih,bang lanjutin game bang seret bang tolong udh seskreb laik n komen nih,bang lanjutin game bang seret bang tolong udh seskreb laik n komen nih,"bro, continue the game bro, drag it bro, please make it as creative as possible and comment"
You're welcome. Sebenernya tadinya aku tim Xavier - Rafael (not your type) tapi setuju Caleb keren banget huhu,youre welcome sebenernya tadinya aku tim xavier rafael not your type tapi setuju caleb keren banget huhu,youre welcome sebenernya tadinya aku tim xavier rafael not your type tapi setuju caleb keren banget huhu,youre welcome sebenernya tim xavier rafael not your type setuju caleb keren banget huhu,youre welcome sebenernya tim xavier rafael not your type tuju caleb keren banget huhu,you're welcome actually xavier rafael team not your type caleb's goal is really cool huhu
"Main lagi bang, masih nungguin part 2 sampe sekarang😔",main lagi bang masih nungguin part sampe sekarang,main lagi bang masih nungguin part sampe sekarang,main bang nungguin part sampe,main bang nungguin part sampe,"I'm playing, waiting for the part to arrive"
BANG MANA JANJIMU YANG MW COBAIN STORYNYA CALEB 🙄🙄,bang mana janjimu yang mw cobain storynya caleb,bang mana janjimu yang mw cobain storynya caleb,bang janjimu mw cobain storynya caleb,bang janji mw cobain storynya caleb,"Bro, promise I'll try Caleb's story"
ohmayygot,ohmayygot,ohmayygot,ohmayygot,ohmayygot,ohmayygot
bang lanjutin itu juga plisss,bang lanjutin itu juga plisss,bang lanjutin itu juga plisss,bang lanjutin plisss,bang lanjutin plisss,"bro, continue pls"
Aku bocil semuanya bangg,aku bocil semuanya bangg,aku bocil semuanya bangg,bocil bangg,bocil bangg,I'm so stupid
Keren banget game ya aku suka bang,keren banget game ya aku suka bang,keren banget game ya aku suka bang,keren banget game ya suka bang,keren banget game ya suka bang,"Very cool game, I like it bro"
Typo meski sudah diedit,typo meski sudah diedit,typo meski sudah diedit,typo diedit,typo edit,typo edit
 @WindahBasudara  cara bisa main gem homichiper gimana bang?,windahbasudara cara bisa main gem homichiper gimana bang,windahbasudara cara bisa main gem homichiper gimana bang,windahbasudara main gem homichiper gimana bang,windahbasudara main gem homichiper gimana bang,how do you play gem homichiper bro?
"Gg bang thank you juga, lanjutin lagi dong wkwk dri bocil caleb",gg bang thank you juga lanjutin lagi dong wkwk dri bocil caleb,gg bang thank you juga lanjutin lagi dong tertawa dri bocil caleb,gg bang thank you lanjutin tertawa dri bocil caleb,gg bang thank you lanjutin tertawa dri bocil caleb,"gg bro, thank you, continue laughing from Bocil Caleb"
Makasih boy,makasih boy,makasih boy,makasih boy,makasih boy,thanks boy
Lanjutin banggg gameeee nyaaa,lanjutin banggg gameeee nyaaa,lanjutin banggg gameeee nyaaa,lanjutin banggg gameeee nyaaa,lanjutin banggg gameeee nyaaa,keep going with your gameeee nyaaa
Bang i love dedemit,bang i love dedemit,bang i love dedemit,bang i love dedemit,bang i love dedemit,"bro, I love you"
Terlahir kembali sebagai  uchiha windah 🗿,terlahir kembali sebagai uchiha windah,terlahir kembali sebagai uchiha windah,terlahir uchiha windah,lahir uchiha windah,Uchiha Windah was born
"Baru lanjut nonton, gelo bg 1jt",baru lanjut nonton gelo bg jt,baru lanjut nonton gelo bang jt,nonton gelo bang jt,nonton gelo bang jt,watch gelo bro jt
"@FebrianPutraTriatama selera ganteng orang-orang beda-beda, bukan berarti lu bilang dia ganteng semua oranh bkln setuju, begitu pula sebaliknya.",febrianputratriatama selera ganteng orangorang bedabeda bukan berarti lu bilang dia ganteng semua oranh bkln setuju begitu pula sebaliknya,febrianputratriatama selera ganteng orangorang bedabeda bukan berarti lu bilang dia ganteng semua oranh bkln setuju begitu pula sebaliknya,febrianputratriatama selera ganteng orangorang bedabeda lu bilang ganteng oranh bkln setuju,febrianputratriatama selera ganteng orangorang bedabeda lu bilang ganteng oranh bkln tuju,febrianputratriatama tastes in handsome people are different you say handsome people don't go for it
PLIS CALEB BANG 😭😭😭,plis caleb bang,tolong caleb bang,tolong caleb bang,tolong caleb bang,"Caleb, please bro"
 @MarsellAzuela   Caleg itu nyalonin diri kan,marsellazuela caleg itu nyalonin diri kan,marsellazuela caleg itu nyalonin diri kan,marsellazuela caleg nyalonin,marsellazuela caleg nyalonin,marsellazuela legislative candidate running for office
"​@FebrianPutraTriatama ya trs? emng ad yg peduli ganteng atau gk? disini hnya untuk have fun bkn buat nge banding²in ganteng itu ganteng ini, gausah oot beda lapak disini bahas game love and deepspace BUKAN game efootball",febrianputratriatama ya trs emng ad yg peduli ganteng atau gk disini hnya untuk have fun bkn buat nge bandingin ganteng itu ganteng ini gausah oot beda lapak disini bahas game love and deepspace bukan game efootball,febrianputratriatama ya trs emng ad yang peduli ganteng atau gk disini hnya untuk have fun bkn buat nge bandingin ganteng itu ganteng ini gausah oot beda lapak disini bahas game love and deepspace bukan game efootball,febrianputratriatama ya trs emng ad peduli ganteng gk hnya have fun bkn nge bandingin ganteng ganteng gausah oot beda lapak bahas game love and deepspace game efootball,febrianputratriatama ya trs emng ad peduli ganteng gk hnya have fun bkn nge bandingin ganteng ganteng gausah oot beda lapak bahas game love and deepspace game efootball,February
" @WindahBasudara   stop spam, aku lebih ganteng dari pada game ini maupun semua game, tapi kamu ada benernya Febri ini game halu sakit akut,  tapi nikmatin aja daripada diserang bocil halu.",windahbasudara stop spam aku lebih ganteng dari pada game ini maupun semua game tapi kamu ada benernya febri ini game halu sakit akut tapi nikmatin aja daripada diserang bocil halu,windahbasudara stop spam aku lebih ganteng dari pada game ini maupun semua game tapi kamu ada benernya febri ini game halu sakit akut tapi nikmatin saja daripada diserang bocil halu,windahbasudara stop spam ganteng game game benernya febri game halu sakit akut nikmatin diserang bocil halu,windahbasudara stop spam ganteng game game benernya febri game halu sakit akut nikmatin serang bocil halu,windahbasudara stop spam handsome game game febri game halu acute pain enjoy serang bocil halu
 @WindahBasudara  gg bang aku bocil zayne,windahbasudara gg bang aku bocil zayne,windahbasudara gg bang aku bocil zayne,windahbasudara gg bang bocil zayne,windahbasudara gg bang bocil zayne,windahbasudara gg bang bocil zayne
Makasi bang,makasi bang,makasi bang,makasi bang,makas bang,thanks bro
Storynya Caleb bang. Seru pollll,storynya caleb bang seru pollll,storynya caleb bang seru pollll,storynya caleb bang seru pollll,storynya caleb bang seru pollll,"Caleb's story is really exciting, bro"
GG bangggg di tunggu yg versi caleb nyaaaaaaa,gg bangggg di tunggu yg versi caleb nyaaaaaaa,gg bangggg di tunggu yang versi caleb nyaaaaaaa,gg bangggg tunggu versi caleb nyaaaaaaa,gg bangggg tunggu versi caleb nyaaaaaaa,gg excitedly waiting for Caleb's version
"bang windah aku download lad karna yg cyborg caleb, lanjutin yaa bang storynya, up level biar lanjut story yang duluu",bang windah aku download lad karna yg cyborg caleb lanjutin yaa bang storynya up level biar lanjut story yang duluu,bang windah aku download lad karna yang cyborg caleb lanjutin yaa bang storynya up level biar lanjut story yang duluu,bang windah download lad karna cyborg caleb lanjutin yaa bang storynya up level biar story duluu,bang windah download lad karna cyborg caleb lanjutin yaa bang storynya up level biar story duluu,"Bro, Windah, download lad because of Cyborg Caleb, please continue, bro, the story is up to level so the story goes first"
Aku menunggu live nya tapi aku jga telat  Kerna lagi kerja 😭😭🤣,aku menunggu live nya tapi aku jga telat kerna lagi kerja,aku menunggu live nya tapi aku jga telat kerna lagi kerja,menunggu live nya jga telat kerna kerja,tunggu live nya jga telat kerna kerja,"Wait for the live, don't be late for work"
"​@FebrianPutraTriatama Yaahh bacoootttt😮, gausah bawa2 opini lu, terserah bang windah dia mau bilang Gantengan yg mana, kalau menurut lu Gantengan game yg itu Yaudah, lagipun cewek2 kan cuma ngatain cowok yang iri, kalau lu tersinggung berarti lu juga iri dong🤪",febrianputratriatama yaahh bacoootttt gausah bawa opini lu terserah bang windah dia mau bilang gantengan yg mana kalau menurut lu gantengan game yg itu yaudah lagipun cewek kan cuma ngatain cowok yang iri kalau lu tersinggung berarti lu juga iri dong,febrianputratriatama yaahh bacoootttt gausah bawa opini lu terserah bang windah dia mau bilang gantengan yang mana kalau menurut lu gantengan game yang itu yaudah lagipun cewek kan cuma ngatain cowok yang iri kalau lu tersinggung berarti lu juga iri dong,febrianputratriatama yaahh bacoootttt gausah bawa opini lu terserah bang windah bilang gantengan lu gantengan game yaudah lagipun cewek ngatain cowok iri lu tersinggung lu iri,febrianputratriatama yaahh bacoootttt gausah bawa opini lu serah bang windah bilang ganteng lu ganteng game yaudah lagi cewek ngatain cowok iri lu singgung lu iri,February
GG bang aku bocil rafayel,gg bang aku bocil rafayel,gg bang aku bocil rafayel,gg bang bocil rafayel,gg bang bocil rafayel,gg bro little boy rafayel
BANG KAPAN STORY CALEB BANG,bang kapan story caleb bang,bang kapan story caleb bang,bang story caleb bang,bang story caleb bang,"bro, caleb's story bro"
LANJUTIN HOMICIPHER BNGGG,lanjutin homicipher bnggg,lanjutin homicipher bnggg,lanjutin homicipher bnggg,lanjutin homicipher bnggg,keep going bro homicipher
TY BANG,ty bang,ty bang,ty bang,ty bang,Ty bro
BANG ayo main lagi mumpung banner lagi specialnya Zayneee,bang ayo main lagi mumpung banner lagi specialnya zayneee,bang ayo main lagi mumpung banner lagi specialnya zayneee,bang ayo main mumpung banner specialnya zayneee,bang ayo main mumpung banner specialnya zayneee,"Bro, let's play while the special banner is Zayneee"
" @WindahBasudara  BANG WINDAHH, LANJUTIN YG CALEBB BANG, SKIN TERBARUNYA CALEB KEREN BANGET LOH EFEKNYAA",windahbasudara bang windahh lanjutin yg calebb bang skin terbarunya caleb keren banget loh efeknyaa,windahbasudara bang windahh lanjutin yang calebb bang skin terbarunya caleb keren banget loh efeknyaa,windahbasudara bang windahh lanjutin calebb bang skin terbarunya caleb keren banget loh efeknyaa,windahbasudara bang windahh lanjutin calebb bang skin baru caleb keren banget loh efeknyaa,"windahbasudara bro windahh keep going calebb bro caleb's new skin is really cool, the effect is really cool"
CEPET BANG COBA STORY CALEBBB,cepet bang coba story calebbb,cepet bang coba story calebbb,cepet bang coba story calebbb,cepet bang coba story calebbb,"Quick bro, try the story calebbb"
Bang main ini lagi doonggggss😭😭😭🙏🙏🙏🙏,bang main ini lagi doonggggss,bang main ini lagi doonggggss,bang main doonggggss,bang main doonggggss,"Bro, play please"
Bang ayo yg calleb bang,bang ayo yg calleb bang,bang ayo yang calleb bang,bang ayo calleb bang,bang ayo calleb bang,"bro, come on, call me bro"
😊😊,,,,,
"BAAANGGG ayooo coba storynya caleebb!! Tanggal 28 maret kemarin, ada myth baru dia diriliss!!",baaanggg ayooo coba storynya caleebb tanggal maret kemarin ada myth baru dia diriliss,baaanggg ayooo coba storynya caleebb tanggal maret kemarin ada myth baru dia diriliss,baaanggg ayooo coba storynya caleebb tanggal maret kemarin myth diriliss,baaanggg ayooo coba storynya caleebb tanggal maret kemarin myth diriliss,"Baaanggg, come on, try the story, Caleebb, last March, Myth was released"
Bang kalo gak salah si eve sama sylus bang,bang kalo gak salah si eve sama sylus bang,bang kalo gak salah si eve sama sylus bang,bang kalo gak salah si eve sylus bang,bang kalo gak salah si eve sylus bang,"Bro, if I'm not mistaken, it's Eve Sylus, bro"
😘,,,,,
Girls 💅🏻🌺,girls,girls,girls,girls,girls
Makasih bang ☺☺☺☺,makasih bang,makasih bang,makasih bang,makasih bang,thanks bro
keren bg,keren bg,keren bang,keren bang,keren bang,cool bro
lanjut dong bang game homiciper nya,lanjut dong bang game homiciper nya,lanjut dong bang game homiciper nya,bang game homiciper nya,bang game homiciper nya,"bro, the homiciper game"
"inget di menit 2:58:28, yg ngeyel🤢🤮",inget di menit yg ngeyel,inget di menit yang ngeyel,inget menit ngeyel,inget menit ngeyel,remember the annoying minutes
banyakin koleksi game cewe bang😭,banyakin koleksi game cewe bang,banyakin koleksi game cewe bang,banyakin koleksi game cewe bang,banyakin koleksi game cewe bang,Big collection of games for girls bro
"Thank you bangg, salam dari bocil rafayel✌🏻✌🏻✌🏻",thank you bangg salam dari bocil rafayel,thank you bangg salam dari bocil rafayel,thank you bangg salam bocil rafayel,thank you bangg salam bocil rafayel,"thank you, bro, greetings from Bocil Rafayel"
Bang sekalian buka bond nya Sylus yg MC nyelinap ke kamar Sylus 😭,bang sekalian buka bond nya sylus yg mc nyelinap ke kamar sylus,bang sekalian buka bond nya sylus yang mc nyelinap ke kamar sylus,bang buka bond nya sylus mc nyelinap kamar sylus,bang buka bond nya sylus mc nyelinap kamar sylus,"Bro, open the bond, Sylus MC sneaks into Sylus' room"
@JustHan22  eh iyaa ini lucu bgt bang😭,justhan eh iyaa ini lucu bgt bang,justhan eh iyaa ini lucu banget bang,justhan eh iyaa lucu banget bang,justhan eh iyaa lucu banget bang,"Justhan eh yes, it's really funny bro"
 @WindahBasudara  mending main ini aja bang dripda lanjutin game tdi,windahbasudara mending main ini aja bang dripda lanjutin game tdi,windahbasudara mending main ini saja bang dripda lanjutin game tdi,windahbasudara mending main bang dripda lanjutin game tdi,windahbasudara mending main bang dripda lanjutin game tdi,windahbasudara better play bro dripda continue the game
"game kesukaan cewe mulu bg yg di mainin, kali kali gitu game kesukaan cowo di mainin",game kesukaan cewe mulu bg yg di mainin kali kali gitu game kesukaan cowo di mainin,game kesukaan cewe mulu bang yang di mainin kali kali gitu game kesukaan cowo di mainin,game kesukaan cewe mulu bang mainin kali kali gitu game kesukaan cowo mainin,game suka cewe mulu bang mainin kali kali gitu game suka cowo mainin,"It's a game that girls like to play, bro, it's a game that guys like to play"
udah sering kocak ​ @ViannKaramoyy ,udah sering kocak viannkaramoyy,sudah sering kocak viannkaramoyy,kocak viannkaramoyy,kocak viannkaramoyy,hilarious viannkaramoyy
"​ @ViannKaramoyy udah sering anjir, game cewe kan baru dimainin 2 kali, homichiper sama ini",viannkaramoyy udah sering anjir game cewe kan baru dimainin kali homichiper sama ini,viannkaramoyy sudah sering anjir game cewe kan baru dimainin kali homichiper sama ini,viannkaramoyy anjir game cewe dimainin kali homichiper,viannkaramoyy anjir game cewe dimainin kali homichiper,viannkaramoyy anjir game for girls played this time homichiper
"Yang bikin mesum sebenernya cuma event sebelum ini kak, deep kiss-nya kebangetan 😭😂",yang bikin mesum sebenernya cuma event sebelum ini kak deep kissnya kebangetan,yang bikin mesum sebenernya cuma event sebelum ini kak deep kissnya kebangetan,bikin mesum sebenernya event kak deep kissnya kebangetan,bikin mesum sebenernya event kak deep kissnya banget,"It actually made the event really nasty, bro, really deep kissing"
NGAKAK SALTING😭😭,ngakak salting,ngakak salting,ngakak salting,ngakak salting,I'm salting
"WOY IYA, NGAKAK BET",woy iya ngakak bet,woy iya ngakak bet,woy iya ngakak bet,woy iya ngakak bet,wow yeah that's hilarious
Tetap mole adalah Raja dari semua game di dunia 🥱,tetap mole adalah raja dari semua game di dunia,tetap mole adalah raja dari semua game di dunia,mole raja game dunia,mole raja game dunia,mole king of world games
​ @Istri_SchwarzerrRitter badut yapping😂😂😂😂,istrischwarzerrritter badut yapping,istrischwarzerrritter badut yapping,istrischwarzerrritter badut yapping,istrischwarzerrritter badut yapping,wifeschwarzerrritter yapping clown
komuknya bang windah kocak bgt pas ini😭,komuknya bang windah kocak bgt pas ini,komuknya bang windah kocak banget pas ini,komuknya bang windah kocak banget pas,komuknya bang windah kocak banget pas,Bang Windah's commotion is really funny
P,p,p,p,p,p
adegan dewasa 😹😹😹😹,adegan dewasa,adegan dewasa,adegan dewasa,adegan dewasa,adult scenes
"lebih ke re sih, devnya sama kan",lebih ke re sih devnya sama kan,lebih ke re sih devnya sama kan,re sih devnya,re sih devnya,re the dev
Nikki kan dari Paper games. LAD dari infold,nikki kan dari paper games lad dari infold,nikki kan dari paper games lad dari infold,nikki paper games lad infold,nikki paper games lad infold,nikki paper games lad infold
@raisa778  sama kok coba aja cek fitur dll. Musiknya jg mirip. Nikki jg di infold,raisa sama kok coba aja cek fitur dll musiknya jg mirip nikki jg di infold,raisa sama kok coba saja cek fitur dll musiknya juga mirip nikki juga di infold,raisa coba cek fitur dll musiknya nikki infold,raisa coba cek fitur dll musik nikki infold,"Raisa, try checking the features, etc. of Nikki Infold's music"
"​ @raisa778 infinity nikki infold
shining nikki paper",raisa infinity nikki infold shining nikki paper,raisa infinity nikki infold shining nikki paper,raisa infinity nikki infold shining nikki paper,raisa infinity nikki infold shining nikki paper,raisa infinity nikki infold shining nikki paper
aku takut liat kamu bakso,aku takut liat kamu bakso,aku takut liat kamu bakso,takut liat bakso,takut liat bakso,afraid to see meatballs
agung ada ada aja kamu agung,agung ada ada aja kamu agung,agung ada ada saja kamu agung,agung agung,agung agung,great great
Youmok,youmok,youmok,youmok,youmok,youmok
"keren kamu baksoagung, walaupun gak ada yang peduli",keren kamu baksoagung walaupun gak ada yang peduli,keren kamu baksoagung walaupun gak ada yang peduli,keren baksoagung gak peduli,keren baksoagung gak peduli,"cool, baksoagung doesn't care"
Trending 3 coy,trending coy,trending coy,trending coy,trending coy,trending guys
Thanks dh main gemnya bang saya sebagai player lads mengucapkan trimakasih banyak😁,thanks dh main gemnya bang saya sebagai player lads mengucapkan trimakasih banyak,thanks dh main gemnya bang saya sebagai player lads mengucapkan trimakasih banyak,thanks dh main gemnya bang player lads trimakasih,thanks dh main gemnya bang player lads trimakasih,"thanks for playing the gem bro, player lads, thanks"
bang coba main infinity nikki,bang coba main infinity nikki,bang coba main infinity nikki,bang coba main infinity nikki,bang coba main infinity nikki,"Bro, try playing Infinity Nikki"
"alhamdulillah gk ngecrash game nya wkwkwkwkwkwk, ntar bocil pc kentang menyerang lagi 😁😁😁😁😭😭",alhamdulillah gk ngecrash game nya wkwkwkwkwkwk ntar bocil pc kentang menyerang lagi,alhamdulillah gk ngecrash game nya wkwkwkwkwkwk ntar bocil pc kentang menyerang lagi,alhamdulillah gk ngecrash game nya wkwkwkwkwkwk ntar bocil pc kentang menyerang,alhamdulillah gk ngecrash game nya wkwkwkwkwkwk ntar bocil pc kentang serang,thank God the game didn't crash hahaha
"Penyakit kang g0reng windah batubara:
Overthinking",penyakit kang greng windah batubara overthinking,penyakit kang greng windah batubara overthinking,penyakit kang greng windah batubara overthinking,sakit kang greng windah batubara overthinking,sick kang greng windah coal overthinking
papa brando timakacii yakk sudh main game nyaaa,papa brando timakacii yakk sudh main game nyaaa,papa brando timakacii yakk sudh main game nyaaa,papa brando timakacii yakk sudh main game nyaaa,papa brando timakacii yakk sudh main game nyaaa,papa brando timakacii ya have played the game nyaaa
MAKASIH BANG WINDAAAAAAHHH❤,makasih bang windaaaaaahhh,makasih bang windaaaaaahhh,makasih bang windaaaaaahhh,makasih bang windaaaaaahhh,thank you bro windaaaaaaaaaaaaaaaaaaaaaaaaaaaaaaaaaaaa
Komenannya cewe semua😭,komenannya cewe semua,komenannya cewe semua,komenannya cewe,komenannya cewe,girl's comment
Winbor downfall era artinya =ppn naik 90% dan aku wibu pengangguran,winbor downfall era artinya ppn naik dan aku wibu pengangguran,winbor downfall era artinya ppn naik dan aku wibu pengangguran,winbor downfall era ppn wibu pengangguran,winbor downfall era ppn wibu anggur,Winbor downfall VAT era WIBU wine
akhirnya ni game kelar juga bang,akhirnya ni game kelar juga bang,akhirnya ni game kelar juga bang,ni game kelar bang,ni game kelar bang,the game is over bro
yeayyyy,yeayyyy,yeayyyy,yeayyyy,yeayyyy,yeahyyy
HAHAHA ZAYNEEE!!,hahaha zayneee,hahaha zayneee,hahaha zayneee,hahaha zayneee,hahaha zayneee
giliran cowo yg haluin karakter genshin sama Wuthering di bilang halu sama kmu bang di sruh touch grass 🤬🤬🤬🤬,giliran cowo yg haluin karakter genshin sama wuthering di bilang halu sama kmu bang di sruh touch grass,giliran cowo yang haluin karakter genshin sama wuthering di bilang halu sama kmu bang di sruh touch grass,giliran cowo haluin karakter genshin wuthering bilang halu kmu bang sruh touch grass,gilir cowo haluin karakter genshin wuthering bilang halu kmu bang sruh touch grass,"It's the guy's turn to haluin, the Genshin Wuthering character says hello to you, bro, please touch the grass"
keren bang😮,keren bang,keren bang,keren bang,keren bang,cool bro
"kangen lagu intronya amjay, terakhir main pas sebelum ada sylus",kangen lagu intronya amjay terakhir main pas sebelum ada sylus,kangen lagu intronya amjay terakhir main pas sebelum ada sylus,kangen lagu intronya amjay main pas sylus,kangen lagu intro amjay main pas sylus,miss the intro song Amjay plays on Sylus
bang aku cinta kamu,bang aku cinta kamu,bang aku cinta kamu,bang cinta,bang cinta,bro love
Terima kasih bang windahh❤❤❤,terima kasih bang windahh,terima kasih bang windahh,terima kasih bang windahh,terima kasih bang windahh,thank you bro windahh
Ini kenapa hampir semua yang komen pake foto profil anime semua 😂😂😂😂😂😂😂😂,ini kenapa hampir semua yang komen pake foto profil anime semua,ini kenapa hampir semua yang komen pake foto profil anime semua,komen pake foto profil anime,komen pake foto profil anime,Comment using the anime's profile photo
"Ini baru windah mode prime,tetap melewati badai komentar dan menolak diatur viewers",ini baru windah mode primetetap melewati badai komentar dan menolak diatur viewers,ini baru windah mode primetetap melewati badai komentar dan menolak diatur viewers,windah mode primetetap melewati badai komentar menolak diatur viewers,windah mode primetetap lewat badai komentar tolak atur viewers,Windah prime mode keeps going through a storm of comments rejecting viewers
"Game nya ga sesuai ekspektasi gw, rupanya ada battle-nya, wow banget

Desain karakternya mirip Final Fantasy dongggg 👏",game nya ga sesuai ekspektasi gw rupanya ada battlenya wow banget desain karakternya mirip final fantasy dongggg,game nya ga sesuai ekspektasi gw rupanya ada battlenya wow banget desain karakternya mirip final fantasy dongggg,game nya ga sesuai ekspektasi gw battlenya wow banget desain karakternya final fantasy dongggg,game nya ga sesuai ekspektasi gw battlenya wow banget desain karakter final fantasy dongggg,"The game doesn't live up to my expectations. The battle is wow, the Final Fantasy character designs are really cool"
Love u bang❤,love u bang,love u bang,love u bang,love u bang,love you bro
Haluu² sama karakter game devv space,haluu sama karakter game devv space,haluu sama karakter game devv space,haluu karakter game devv space,haluu karakter game devv space,haluu devv space game characters
😂😂,,,,,
Gg,gg,gg,gg,gg,gg
"bener kata windah, sylus vibenya mirip2 itachi, sesshomaru, byakuya, sama sephiroth 😂",bener kata windah sylus vibenya mirip itachi sesshomaru byakuya sama sephiroth,bener kata windah sylus vibenya mirip itachi sesshomaru byakuya sama sephiroth,bener windah sylus vibenya itachi sesshomaru byakuya sephiroth,bener windah sylus vibenya itachi sesshomaru byakuya sephiroth,It's true that the windy sylus vibe is Itachi Sesshomaru Byakuya Sephiroth
mantaaaappppppp,mantaaaappppppp,mantaaaappppppp,mantaaaappppppp,mantaaaappppppp,mantaaaappppppp
nggak sangka bang windah letaknya nama evelyn karna gua dulu main game ini gua namain cewe nya evelyn juga😭😭😆😆,nggak sangka bang windah letaknya nama evelyn karna gua dulu main game ini gua namain cewe nya evelyn juga,nggak sangka bang windah letaknya nama evelyn karna gua dulu main game ini gua namain cewe nya evelyn juga,nggak sangka bang windah letaknya nama evelyn karna gua main game gua namain cewe nya evelyn,nggak sangka bang windah letak nama evelyn karna gua main game gua namain cewe nya evelyn,"I didn't expect Windah to put Evelyn's name because I was playing a game, I named the girl Evelyn"
LOV U BANG WINDAHHH SUDAH MAININ GIM INI ❤❤❤,lov u bang windahhh sudah mainin gim ini,lov u bang windahhh sudah mainin gim ini,lov u bang windahhh mainin gim,lov u bang windahhh mainin gim,lov u bro windahhh play the game
bang windah main unpossess dong,bang windah main unpossess dong,bang windah main unpossess dong,bang windah main unpossess,bang windah main unpossess,"Bro, Windah plays unpossessed"
Part 2 nya bang lanjut story Caleb,part nya bang lanjut story caleb,part nya bang lanjut story caleb,part nya bang story caleb,part nya bang story caleb,The part is Caleb's story
SERUUU ABISS BG😂,seruuu abiss bg,seruuu abiss bang,seruuu abiss bang,seruuu abiss bang,it's really exciting bro
Komennya cewek semua njir biasanya bpk bpk nyamar bocil 😂,komennya cewek semua njir biasanya bpk bpk nyamar bocil,komennya cewek semua njir biasanya bpk bpk nyamar bocil,komennya cewek njir bpk bpk nyamar bocil,komennya cewek njir bpk bpk nyamar bocil,"The comment is that the girl is unclean, sir, sir, disguised as a fool"
Ngakak banget liat bang windah nahan tawa pas awal awal 🤣🤣🤣,ngakak banget liat bang windah nahan tawa pas awal awal,ngakak banget liat bang windah nahan tawa pas awal awal,ngakak banget liat bang windah nahan tawa pas,ngakak banget liat bang windah nahan tawa pas,I really laughed when I saw Bro Windah who couldn't help but laugh
SALUT KE BANG WINDAH 😮❤,salut ke bang windah,salut ke bang windah,salut bang windah,salut bang windah,"Hello, Windah"
Makasih bsng😢,makasih bsng,makasih bsng,makasih bsng,makasih bsng,thanks bro
"COK LAGUNYA KEK ""WARUNG BEKICOT NING MAGETAN""😭😂",cok lagunya kek warung bekicot ning magetan,cok lagunya seperti warung bekicot ning magetan,cok lagunya warung bekicot ning magetan,cok lagu warung bekicot ning magetan,cok song snail stall ning magetan
Bang aku cowok 🏳️,bang aku cowok,bang aku cowok,bang cowok,bang cowok,bro guy
COK GW TELAT !! BARU BUKA HP UDAH KELAR 😢,cok gw telat baru buka hp udah kelar,cok gw telat baru buka hp sudah kelar,cok gw telat buka hp kelar,cok gw telat buka hp kelar,How come I'm late opening my cellphone?
Why live chat nya hilang guys?,why live chat nya hilang guys,why live chat nya hilang guys,why live chat nya hilang guys,why live chat nya hilang guys,why is the live chat missing guys?
"2:32:24 new update, pdahal sebelumnya sulis buta nada😭",new update pdahal sebelumnya sulis buta nada,new update pdahal sebelumnya sulis buta nada,new update pdahal sulis buta nada,new update pdahal sulis buta nada,new update even though I'm deaf
Gak pernah seanteng ini nonton live 🙇🏻‍♀️ gk terasa 3 jam ternyata. Semangat Bang!! Lanjut PART 2 ><,gak pernah seanteng ini nonton live gk terasa jam ternyata semangat bang lanjut part,gak pernah seanteng ini nonton live gk terasa jam ternyata semangat bang lanjut part,gak seanteng nonton live gk jam semangat bang part,gak anteng nonton live gk jam semangat bang part,"I'm not looking forward to watching live, I'm not excited, bro"
Kapten jenna 🥰,kapten jenna,kapten jenna,kapten jenna,kapten jenna,Captain Jenna
"Makasi bangg udah mainn 

Btw Zayne girlies I feel proud krna zayne banyak dipuji🛐😼😂",makasi bangg udah mainn btw zayne girlies i feel proud krna zayne banyak dipuji,makasi bangg sudah mainn by the way zayne girlies i feel proud krna zayne banyak dipuji,makasi bangg mainn by the way zayne girlies i feel proud krna zayne dipuji,makas bangg mainn by the way zayne girlies i feel proud krna zayne puji,so proud to play by the way zayne girlies i feel proud because zayne praises
Lah xavier aja mirip sama Cloud strife njirr apalagi mukanya mirip bgt,lah xavier aja mirip sama cloud strife njirr apalagi mukanya mirip bgt,lah xavier saja mirip sama cloud strife njirr apalagi mukanya mirip banget,xavier cloud strife njirr mukanya banget,xavier cloud strife njirr muka banget,Xavier Cloud Strife's face is really scary
"udah ya jangan di ejek mulu, sulis udah les vokal setahun ini😊",udah ya jangan di ejek mulu sulis udah les vokal setahun ini,sudah ya jangan di ejek mulu sulis sudah les vokal setahun ini,ya ejek mulu sulis les vokal setahun,ya ejek mulu sulis les vokal tahun,"Yes, mock me, Sulis has been taking vocal lessons for years"
Dia udah latian katanya 😭,dia udah latian katanya,dia sudah latian katanya,latian,latian,practice
padahal udah siap buat ngeledek,padahal udah siap buat ngeledek,padahal sudah siap buat ngeledek,ngeledek,ngeledek,tease
diajarin luke sama kieran itu😭😭,diajarin luke sama kieran itu,diajarin luke sama kieran itu,diajarin luke kieran,diajarin luke kieran,taught by Luke Kieran
"sumpah, yang ini shock banget 😭",sumpah yang ini shock banget,sumpah yang ini shock banget,sumpah shock banget,sumpah shock banget,I swear I was really shocked
ga sia sia belio les privat,ga sia sia belio les privat,ga sia sia belio les privat,ga sia sia belio les privat,ga sia sia belio les privat,It's not a waste to buy private lessons
Aku juga kaget wkwkwk padahal lebih suka suara sumbangnya 😂,aku juga kaget wkwkwk padahal lebih suka suara sumbangnya,aku juga kaget tertawa padahal lebih suka suara sumbangnya,kaget tertawa suka suara sumbangnya,kaget tertawa suka suara sumbang,surprised to laugh like a discordant sound
bang aku cowok tapi suka zayne,bang aku cowok tapi suka zayne,bang aku cowok tapi suka zayne,bang cowok suka zayne,bang cowok suka zayne,"Bro, this guy likes Zayne"
SERU BGT BANG AKU TERHIBUR,seru bgt bang aku terhibur,seru banget bang aku terhibur,seru banget bang terhibur,seru banget bang hibur,it's really fun to entertain
Bang main gym simulator di roblox,bang main gym simulator di roblox,bang main gym simulator di roblox,bang main gym simulator roblox,bang main gym simulator roblox,"Bro, play gym simulator Roblox"
22:30,,,,,
"THANK YOU BROTHER WINDAH, YOU ALWAYS BE MY FAV GAMERS🖤 respect buat kamu bang",thank you brother windah you always be my fav gamers respect buat kamu bang,thank you brother windah you always be my fav gamers respect buat kamu bang,thank you brother windah you always be my fav gamers respect bang,thank you brother windah you always be my fav gamers respect bang,thank you brother windah you always be my favorite gamers respect bro
"mainin game yg kamu pengen bang, sehat selalu",mainin game yg kamu pengen bang sehat selalu,mainin game yang kamu pengen bang sehat selalu,mainin game pengen bang sehat,mainin game ken bang sehat,Play ken bang healthy games
"Tuh kan, emg gaada yg salah sm game ini. Yang salah tuh otak2 cowok incel tay kocheng.",tuh kan emg gaada yg salah sm game ini yang salah tuh otak cowok incel tay kocheng,tuh kan emg gaada yang salah sm game ini yang salah tuh otak cowok incel tay kocheng,tuh emg gaada salah sm game salah tuh otak cowok incel tay kocheng,tuh emg gaada salah sm game salah tuh otak cowok incel tay kocheng,"There's nothing wrong with the game, it's the brain of incel guy Tay Kocheng"
"Cowokk yang ga sukaaa minggirrrr, ini girls night with windah basudara!🎉",cowokk yang ga sukaaa minggirrrr ini girls night with windah basudara,cowokk yang ga sukaaa minggirrrr ini girls night with windah basudara,cowokk ga sukaaa minggirrrr girls night with windah basudara,cowokk ga sukaaa minggirrrr girls night with windah basudara,"Guys don't like it, get out of the way girls night with Windah Basudara"
MAKASIH BANG WINDAH SEHAT SEHAT YA!! ❤,makasih bang windah sehat sehat ya,makasih bang windah sehat sehat ya,makasih bang windah sehat sehat ya,makasih bang windah sehat sehat ya,"Thank you, bro, stay healthy and be healthy"
Sylus = Pak Ganjar,sylus pak ganjar,sylus pak ganjar,sylus ganjar,sylus ganjar,Sylus Ganjar
Keren,keren,keren,keren,keren,Cool
Kok videonya di-cut guys? Kenapa?,kok videonya dicut guys kenapa,kok videonya dicut guys kenapa,videonya dicut guys,video cut guys,video cut guys
MAKASIH BANYAK BANG GAMENYA UDAH DIMAININ💗💗💗,makasih banyak bang gamenya udah dimainin,makasih banyak bang gamenya sudah dimainin,makasih bang gamenya dimainin,makasih bang gamenya dimainin,Thank you bro for playing the game
CALEB GANTENG MIRIP BANG WINDOWS,caleb ganteng mirip bang windows,caleb ganteng mirip bang windows,caleb ganteng bang windows,caleb ganteng bang windows,Caleb is handsome bro windows
LET HIM COOK,let him cook,let him cook,let him cook,let him cook,let him cook
ko ngga crash bang,ko ngga crash bang,ko ngga crash bang,ko ngga crash bang,ko ngga crash bang,How come it doesn't crash bro?
"bangg windahh, makasii banyak udah mau mainin inii!!! LOVEE U BANGG SEHAT SELALUUU YAAA🤍",bangg windahh makasii banyak udah mau mainin inii lovee u bangg sehat selaluuu yaaa,bangg windahh makasii banyak sudah mau mainin inii lovee u bangg sehat selaluuu yaaa,bangg windahh makasii mainin inii lovee u bangg sehat selaluuu yaaa,bangg windahh makasii mainin ini lovee u bangg sehat selaluuu yaaa,"Proud Windah, thanks for playing this, I love you, I'm proud to be healthy, always"
Bang ada part 2 ngga? Lanjutin storynya bang,bang ada part ngga lanjutin storynya bang,bang ada part ngga lanjutin storynya bang,bang part ngga lanjutin storynya bang,bang part ngga lanjutin storynya bang,"bro, the part doesn't continue the story bro"
SYLUSSSSSSSS MUACCCCH,sylussssssss muacccch,sylussssssss muacccch,sylussssssss muacccch,sylussssssss muacccch,sylusssssss muacccch
"Storynya yang awal lanjutin bang, disana ada scene penting buat nantinya nyambung ke story Caleb. Oh iya, sosok 'grandma' juga di tunjukin disana",storynya yang awal lanjutin bang disana ada scene penting buat nantinya nyambung ke story caleb oh iya sosok grandma juga di tunjukin disana,storynya yang awal lanjutin bang disana ada scene penting buat nantinya nyambung ke story caleb oh iya sosok grandma juga di tunjukin disana,storynya lanjutin bang disana scene nyambung story caleb oh iya sosok grandma tunjukin disana,storynya lanjutin bang sana scene nyambung story caleb oh iya sosok grandma tunjukin sana,"The story continues bro, there's a scene that continues with Caleb's story, oh yes, the figure of Grandma shows there"
Makasih banget loh kalau bang windah ada masa bisa dilanjutin game nya ya aku tungguin ❤❤😊,makasih banget loh kalau bang windah ada masa bisa dilanjutin game nya ya aku tungguin,makasih banget loh kalau bang windah ada masa bisa dilanjutin game nya ya aku tungguin,makasih banget loh bang windah dilanjutin game nya ya tungguin,makasih banget loh bang windah dilanjutin game nya ya tungguin,"Thank you very much bro, Windah, let's continue the game, I'll wait"
Siapa setuju bg windahh lanjutin lagii nihh,siapa setuju bg windahh lanjutin lagii nihh,siapa setuju bang windahh lanjutin lagii nihh,setuju bang windahh lanjutin lagii nihh,tuju bang windahh lanjutin lagi nihh,"Go ahead, bro, let's continue"
Pasti yg setuju lanjut cwk semua cuy 😅,pasti yg setuju lanjut cwk semua cuy,pasti yang setuju lanjut cwk semua cuy,setuju cwk cuy,tuju cwk cuy,"Go to the guys, bro"
inii bukan live yaa gais?,inii bukan live yaa gais,inii bukan live yaa gais,inii live yaa gais,ini live yaa gais,"This is live, guys"
Makasih bang windah udah sudi mainin game lad makasih bangett 😊😊,makasih bang windah udah sudi mainin game lad makasih bangett,makasih bang windah sudah sudi mainin game lad makasih bangett,makasih bang windah sudi mainin game lad makasih bangett,makasih bang windah sudi mainin game lad makasih bangett,"Thank you bro, Windah for playing the game, thank you so much"
"Thank you Bang Windah udah ngasih nice review utk game Love and Deepspace. Game ini bener2 game terbaik yg pernah gw mainkan. Dari segi story, character, bgm, visual effect, event dan fitur2 lainnya bener2 the best dan menarik untuk dimainkan. Memang pantas jadi salah satu top game di playstore ❤",thank you bang windah udah ngasih nice review utk game love and deepspace game ini bener game terbaik yg pernah gw mainkan dari segi story character bgm visual effect event dan fitur lainnya bener the best dan menarik untuk dimainkan memang pantas jadi salah satu top game di playstore,thank you bang windah sudah ngasih nice review utk game love and deepspace game ini bener game terbaik yang pernah gw mainkan dari segi story character bgm visual effect event dan fitur lainnya bener the best dan menarik untuk dimainkan memang pantas jadi salah satu top game di playstore,thank you bang windah ngasih nice review utk game love and deepspace game bener game terbaik gw mainkan segi story character bgm visual effect event fitur bener the best menarik dimainkan salah top game playstore,thank you bang windah ngasih nice review utk game love and deepspace game bener game baik gw main segi story character bgm visual effect event fitur bener the best tarik main salah top game playstore,"Thank you bro, Windah gave me a nice review for the game Love and Deepspace, the game is really a good game, I played in terms of story, character, bgm, visual effects, event, features, really the best, interesting, playing wrong, top game Playstore"
livechatnya kemana bangg,livechatnya kemana bangg,livechatnya kemana bangg,livechatnya kemana bangg,livechatnya mana bangg,Where's the live chat bro?
MAKASII BANGG UDAA MAIN GAME INIIEE ❤❤❤,makasii bangg udaa main game iniiee,makasii bangg udaa main game iniiee,makasii bangg udaa main game iniiee,makasii bangg udaa main game iniiee,Thank you so much for playing this game
"ubur ubur ikan lele, penonton nyaa betina semua lee",ubur ubur ikan lele penonton nyaa betina semua lee,ubur ubur ikan lele penonton nyaa betina semua lee,ubur ubur ikan lele penonton nyaa betina lee,ubur ubur ikan lele tonton nyaa betina lee,jellyfish catfish watch nyaa female lee
"ggwp bang, sangat niat untuk review game ini sampe 3jam an",ggwp bang sangat niat untuk review game ini sampe jam an,ggwp bang sangat niat untuk review game ini sampe jam an,ggwp bang niat review game sampe jam an,ggwp bang niat review game sampe jam an,"ggwp, bro, I intend to review the game until the end of the day"
"nama mc nya bg windah ""evelyn"" dong, seperti namaku aww, lovyu bg windi🤭🤭",nama mc nya bg windah evelyn dong seperti namaku aww lovyu bg windi,nama mc nya bang windah evelyn dong seperti namaku aww lovyu bang windi,nama mc nya bang windah evelyn namaku aww lovyu bang windi,nama mc nya bang windah evelyn nama aww lovyu bang windi,"The MC's name is Windah Evelyn, Aww Loveyu's name is Windi"
makasi bang windah udah puasin hasrat cewe²💗💘,makasi bang windah udah puasin hasrat cewe,makasi bang windah sudah puasin hasrat cewe,makasi bang windah puasin hasrat cewe,makas bang windah puasin hasrat cewe,"Thanks bro, Windah will satisfy your girl's desires"
"Big Respect, Baru kali ini juga lihat isi komentar yang rata-rata cewek, dan saya sebagai cowok nonton ini juga cuma penasaran aja, tapi bener² respect sih isi komentar nya juga adem🫡😉🎉",big respect baru kali ini juga lihat isi komentar yang ratarata cewek dan saya sebagai cowok nonton ini juga cuma penasaran aja tapi bener respect sih isi komentar nya juga adem,big respect baru kali ini juga lihat isi komentar yang ratarata cewek dan saya sebagai cowok nonton ini juga cuma penasaran saja tapi bener respect sih isi komentar nya juga adem,big respect kali lihat isi komentar ratarata cewek cowok nonton penasaran bener respect sih isi komentar nya adem,big respect kali lihat isi komentar ratarata cewek cowok nonton penasaran bener respect sih isi komentar nya adem,"big respect, look at the content of the comments, the average girl, boy watching, is really curious, really respect, the content of the comments is cool"
livechat nya mana😡,livechat nya mana,livechat nya mana,livechat nya,livechat nya,the live chat
MAKASIH BANYAK BANG WINDAHHH UDAH SUPPORT PEMAIN LADS❤❤ keren dan seru bgt sampe ga kerasa udh main 3 jam😭👍  LANJUTIN BANG SAMPAI KETEMU CALEB DAN SYLUS BUCINN,makasih banyak bang windahhh udah support pemain lads keren dan seru bgt sampe ga kerasa udh main jam lanjutin bang sampai ketemu caleb dan sylus bucinn,makasih banyak bang windahhh sudah support pemain lads keren dan seru banget sampe ga kerasa udh main jam lanjutin bang sampai ketemu caleb dan sylus bucinn,makasih bang windahhh support pemain lads keren seru banget sampe ga kerasa udh main jam lanjutin bang ketemu caleb sylus bucinn,makasih bang windahhh support main lads keren seru banget sampe ga rasa udh main jam lanjutin bang ketemu caleb sylus bucinn,"Thank you bro, Windahhh for your support, playing Lads is so cool, it's really fun, I can't believe I've played for hours, keep going, bro, meet Caleb Sylus Bucinn"
Mgkin yang dimaksud “sus” sama org org tu pas even awal bln januari kemaren bg tp kartu bintang 5 nya udh ga bisa digacha lagi. Ini event baru,mgkin yang dimaksud sus sama org org tu pas even awal bln januari kemaren bg tp kartu bintang nya udh ga bisa digacha lagi ini event baru,mgkin yang dimaksud sus sama org org tu pas even awal bln januari kemaren bang tp kartu bintang nya udh ga bisa digacha lagi ini event baru,mgkin sus org org tu pas even bln januari kemaren bang tp kartu bintang nya udh ga digacha event,mgkin sus org org tu pas even bln januari kemaren bang tp kartu bintang nya udh ga digacha event,"Maybe those people were at the event last January, bro, but their star cards weren't included in the gacha event"
makasih bangg udah main❤❤,makasih bangg udah main,makasih bangg sudah main,makasih bangg main,makasih bangg main,thanks for playing
Thank you bang udah ngasih review positif + ngasih paham ke para haters. Sehat sehat selalu banggg<3,thank you bang udah ngasih review positif ngasih paham ke para haters sehat sehat selalu banggg,thank you bang sudah ngasih review positif ngasih paham ke para haters sehat sehat selalu banggg,thank you bang ngasih review positif ngasih paham haters sehat sehat banggg,thank you bang ngasih review positif ngasih paham haters sehat sehat banggg,"Thank you, bro, for giving a positive review, letting the haters know that they are healthy, bro"
lucu banget bang windah salting,lucu banget bang windah salting,lucu banget bang windah salting,lucu banget bang windah salting,lucu banget bang windah salting,Windah Salting is really funny
"1:21:08 ""AAAH MAMPUS LU""
lagian si zayne jual mahal 🤣",aaah mampus lu lagian si zayne jual mahal,aaah mampus lu lagian si zayne jual mahal,aaah mampus lu si zayne jual mahal,aaah mampus lu si zayne jual mahal,"aaah you're dead, Zayne is selling too much"
Ga bakal di lanjutinn game haluu²,ga bakal di lanjutinn game haluu,ga bakal di lanjutinn game haluu,ga lanjutinn game haluu,ga lanjutinn game haluu,Don't continue the game lol
adem bgt gada yg rusuh,adem bgt gada yg rusuh,adem banget gada yang rusuh,adem banget gada rusuh,adem banget gada rusuh,It's really cool and there's no chaos
yaa klo ada cowo yg ribut masalah gnian dia mungkin mau ikut jdi bagian cewe(bencong),yaa klo ada cowo yg ribut masalah gnian dia mungkin mau ikut jdi bagian cewebencong,yaa klo ada cowo yang ribut masalah gnian dia mungkin mau ikut jdi bagian cewebencong,yaa klo cowo ribut gnian jdi cewebencong,yaa klo cowo ribut gnian jdi cewebencong,"Yes, if a guy makes a fuss, he'll be a bitch"
Adem ndasmu yang disalahin cwo apalah,adem ndasmu yang disalahin cwo apalah,adem ndasmu yang disalahin cwo apalah,adem ndasmu disalahin cwo apalah,adem ndasmu disalahin cwo apa,"It's cool, what guy did you blame?"
sebagai cowo yang berkunjung ke stream khusus game cewek aku nyimak aja gausah komen wkwk,sebagai cowo yang berkunjung ke stream khusus game cewek aku nyimak aja gausah komen wkwk,sebagai cowo yang berkunjung ke stream khusus game cewek aku nyimak saja gausah komen tertawa,cowo berkunjung stream khusus game cewek nyimak gausah komen tertawa,cowo kunjung stream khusus game cewek nyimak gausah komen tertawa,"Boys visit a stream specifically for girls' games, listen without commenting and laughing"
 @ADS2512YT  adem apaan 🗿 scrol coba,adsyt adem apaan scrol coba,adsyt adem apaan scrol coba,adsyt adem scrol coba,adsyt adem scrol coba,adsyt cool scroll try it
siapa yang mau di grepe sama sylus guys? wkwkw ngakak jir baca komen komen cewe😂😂,siapa yang mau di grepe sama sylus guys wkwkw ngakak jir baca komen komen cewe,siapa yang mau di grepe sama sylus guys tertawa ngakak jir baca komen komen cewe,grepe sylus guys tertawa ngakak jir baca komen komen cewe,grepe sylus guys tertawa ngakak jir baca komen komen cewe,grepe sylus guys laugh out loud if they read the girls' comments
"​ @PAYSGEGE lah para cowo juga gitu kali 
Ga ush standar ganda bro",paysgege lah para cowo juga gitu kali ga ush standar ganda bro,paysgege lah para cowo juga gitu kali ga ush standar ganda bro,paysgege cowo gitu kali ga ush standar ganda bro,paysgege cowo gitu kali ga ush standar ganda bro,paysgege guys like that don't have double standards bro
 @PAYSGEGE  kaum hawa 😹,paysgege kaum hawa,paysgege kaum hawa,paysgege kaum hawa,paysgege kaum hawa,paysgege of the fair sex
bgggg 😭💗😭💗😭💗😭💗😭💗😭😭😭😭😭😭💗💗😭💗😭💗😭😭😭💗💗😭💗😭,bgggg,bgggg,bgggg,bgggg,bgggg
THANK YOU BANG WINDAH ❤❤❤,thank you bang windah,thank you bang windah,thank you bang windah,thank you bang windah,thank you bro windah
"GG BAGUSS BANGET BANG, SEMANGAT TERUS BANG WINDAH!!",gg baguss banget bang semangat terus bang windah,gg baguss banget bang semangat terus bang windah,gg baguss banget bang semangat bang windah,gg baguss banget bang semangat bang windah,"gg, that's really good, bro, windah's enthusiasm"
MAKASIH BANG WINDAAHHHH ❤❤❤ SUKA BGT SAMA RESPON POSITIF NYAA 🫶🏼🫶🏼 DITUNGGU NEXT STORY CALEB NYAAA,makasih bang windaahhhh suka bgt sama respon positif nyaa ditunggu next story caleb nyaaa,makasih bang windaahhhh suka banget sama respon positif nyaa ditunggu next story caleb nyaaa,makasih bang windaahhhh suka banget respon positif nyaa ditunggu next story caleb nyaaa,makasih bang windaahhhh suka banget respon positif nyaa tunggu next story caleb nyaaa,"Thank you, bro, Windaahhhh, I really like the positive response, I'm waiting for Caleb's next story"
"Emang bang kalo main game ini tuh bisa berjam-jam dan kayak gak ngerasa gitu karena fiturnya yang banyak banget, makasih banyak bang dah review game ini 🤩",emang bang kalo main game ini tuh bisa berjamjam dan kayak gak ngerasa gitu karena fiturnya yang banyak banget makasih banyak bang dah review game ini,emang bang kalo main game ini tuh bisa berjamjam dan kayak gak ngerasa gitu karena fiturnya yang banyak banget makasih banyak bang dah review game ini,emang bang kalo main game tuh berjamjam kayak gak ngerasa gitu fiturnya banget makasih bang dah review game,emang bang kalo main game tuh berjamjam kayak gak ngerasa gitu fiturnya banget makasih bang dah review game,"Indeed, if you play the game for hours, you won't feel like the features are really great, thank you for reviewing the game"
cie full salting,cie full salting,cie full salting,cie full salting,cie full salting,cie full salting
"ANJAYYYYY GEGE BANGG, MAKASIH UDH MAININ , TERHIBUR BANGET BUAT PARA CEWE BOCIL WINDAH🫰🏻🫰🏻🫰🏻🫰🏻🫰🏻🫰🏻🫰🏻🫰🏻",anjayyyyy gege bangg makasih udh mainin terhibur banget buat para cewe bocil windah,anjayyyyy gege bangg makasih udh mainin terhibur banget buat para cewe bocil windah,anjayyyyy gege bangg makasih udh mainin terhibur banget cewe bocil windah,anjayyyyy gege bangg makasih udh mainin hibur banget cewe bocil windah,anjayyyyy gege proud thanks for playing really entertaining little girl windah
"BANG WINDAH MAKASIHHH UDAH MAININ GAME INII, GW PENGIN MAINN TAPI PERANGKAT GADA YG MENDUKUNG😭",bang windah makasihhh udah mainin game inii gw pengin mainn tapi perangkat gada yg mendukung,bang windah makasihhh sudah mainin game inii gw pengin mainn tapi perangkat gada yang mendukung,bang windah makasihhh mainin game inii gw pengin mainn perangkat gada mendukung,bang windah makasihhh mainin game ini gw pengin mainn perangkat gada dukung,"Bro, thank you for playing this game. I want to play it on a device that doesn't support it"
"thank you so much bang udah maun game ini. dan kasih tanggapan positif. sayang aja gachanya ga dapet yg solar pair biar bisa nyoba battle biar makin keren. semoga nanti bisa ada part 2 yaa ❤
ga kerasa asli sampe 3 jam 😂😂

thank you bang, sukses dan sehat selalu 🙏🏻🎉",thank you so much bang udah maun game ini dan kasih tanggapan positif sayang aja gachanya ga dapet yg solar pair biar bisa nyoba battle biar makin keren semoga nanti bisa ada part yaa ga kerasa asli sampe jam thank you bang sukses dan sehat selalu,thank you so much bang sudah maun game ini dan kasih tanggapan positif sayang saja gachanya ga dapet yang solar pair biar bisa nyoba battle biar makin keren semoga nanti bisa ada part yaa ga kerasa asli sampe jam thank you bang sukses dan sehat selalu,thank you so much bang maun game kasih tanggapan positif sayang gachanya ga dapet solar pair biar nyoba battle biar keren semoga part yaa ga kerasa asli sampe jam thank you bang sukses sehat,thank you so much bang maun game kasih tanggap positif sayang gachanya ga dapet solar pair biar nyoba battle biar keren moga part yaa ga rasa asli sampe jam thank you bang sukses sehat,"thank you so much bro, but the game gives positive feedback, it's a shame that the gacha didn't get a solar pair, so I'll try the battle, so it's cool, I hope it's part, it doesn't feel original until the hour, thank you, bro, healthy success"
aku sayang windah,aku sayang windah,aku sayang windah,sayang windah,sayang windah,darling Windah
respect buat bg windah ❤️‍🩹,respect buat bg windah,respect buat bang windah,respect bang windah,respect bang windah,respect bro windah
"terimakasih bang windah udah tetap mau mainin game ini, ditunggu konten lads selanjutnya!! 👏🏻💗",terimakasih bang windah udah tetap mau mainin game ini ditunggu konten lads selanjutnya,terimakasih bang windah sudah tetap mau mainin game ini ditunggu konten lads selanjutnya,terimakasih bang windah mainin game ditunggu konten lads,terimakasih bang windah mainin game tunggu konten lads,"Thank you bro, Windah, play the waiting game for content, lads"
"THANK YOU BANG WINDAH !! SEMANGAT TERUS BANGG, SELAMAT ISTIRAHATT 🤍🤍",thank you bang windah semangat terus bangg selamat istirahatt,thank you bang windah semangat terus bangg selamat istirahatt,thank you bang windah semangat bangg selamat istirahatt,thank you bang windah semangat bangg selamat istirahatt,"thank you, bro, windah, great enthusiasm, have a good rest"
aku sayang sama kamu bang walaupun suami aku zayne,aku sayang sama kamu bang walaupun suami aku zayne,aku sayang sama kamu bang walaupun suami aku zayne,sayang bang suami zayne,sayang bang suami zayne,I love Zayne's husband
"respect buat kamu bang windah, MAKASII UDAH MAININ GAME INI DAN NGASI TANGGAPAN YANG POSITIF, ALWAYS SUPPORT YOUU BANGG SEHAT SELALU YA😽❤",respect buat kamu bang windah makasii udah mainin game ini dan ngasi tanggapan yang positif always support youu bangg sehat selalu ya,respect buat kamu bang windah makasii sudah mainin game ini dan ngasi tanggapan yang positif always support youu bangg sehat selalu ya,respect bang windah makasii mainin game ngasi tanggapan positif always support youu bangg sehat ya,respect bang windah makasii mainin game ngasi tanggap positif always support youu bangg sehat ya,"Respect bro, thank you for playing the game and giving me positive feedback. Always support you, bro, stay healthy"
"makasi banyak bang windowssss~~ we'll support u, always!❤",makasi banyak bang windowssss well support u always,makasi banyak bang windowssss well support u always,makasi bang windowssss well support u always,makas bang windowssss well support u always,thanks bro windowssss well support u always
2:46:00 girls kita temenen,girls kita temenen,girls kita temenen,girls temenen,girls temenen,friends girls
Udah yapping nya?,udah yapping nya,sudah yapping nya,yapping nya,yapping nya,yep
Mana tombol downloadnya ini,mana tombol downloadnya ini,mana tombol downloadnya ini,tombol downloadnya,tombol downloadnya,download button
"thanks a lot bang windah udh mainin game ini, padahal banyak yg ngehate game ini hanya karena banyak cowok ganteng didalamnya dan emang sebenarnya cowok2 juga boleh main sesuai selera masing-masing kyk contoh pacarku yg mainin game ini supaya bisa ada topik pembicaraan sama aku wkwkwk. Once again thanks to u bang windah karena udh ngasih panggung untuk kami para viewers ciwi2 yg suka mainin game otome gini dan bukan hanya khusus viewers cwok2 aja",thanks a lot bang windah udh mainin game ini padahal banyak yg ngehate game ini hanya karena banyak cowok ganteng didalamnya dan emang sebenarnya cowok juga boleh main sesuai selera masingmasing kyk contoh pacarku yg mainin game ini supaya bisa ada topik pembicaraan sama aku wkwkwk once again thanks to u bang windah karena udh ngasih panggung untuk kami para viewers ciwi yg suka mainin game otome gini dan bukan hanya khusus viewers cwok aja,thanks a lot bang windah udh mainin game ini padahal banyak yang ngehate game ini hanya karena banyak cowok ganteng didalamnya dan emang sebenarnya cowok juga boleh main sesuai selera masingmasing kyk contoh pacarku yang mainin game ini supaya bisa ada topik pembicaraan sama aku tertawa once again thanks to u bang windah karena udh ngasih panggung untuk kami para viewers ciwi yang suka mainin game otome gini dan bukan hanya khusus viewers cwok saja,thanks a lot bang windah udh mainin game ngehate game cowok ganteng didalamnya emang cowok main sesuai selera masingmasing kyk contoh pacarku mainin game topik pembicaraan tertawa once again thanks to u bang windah udh ngasih panggung viewers ciwi suka mainin game otome gini khusus viewers cwok,thanks a lot bang windah udh mainin game ngehate game cowok ganteng dalam emang cowok main sesuai selera masingmasing kyk contoh pacar mainin game topik bicara tertawa once again thanks to u bang windah udh ngasih panggung viewers ciwi suka mainin game otome gin khusus viewers cwok,"thanks a lot, bro, Windah, for playing the game of hating games for handsome guys, in fact, guys play according to their own tastes, for example, girlfriends play games, talking topics, laugh, once again, thanks to you, bro, Windah, for giving the stage, Ciwi viewers like to play otome gin games specifically for male viewers."
Effort banget pacarmu😭 ijo neon ini mah,effort banget pacarmu ijo neon ini mah,effort banget pacarmu ijo neon ini mah,effort banget pacarmu ijo neon mah,effort banget pacar ijo neon mah,"It's a lot of effort, neon green girlfriend"
Iri banget aku cowoku malah jealous ama char nya😭😭,iri banget aku cowoku malah jealous ama char nya,iri banget aku cowoku malah jealous ama char nya,iri banget cowoku jealous ama char nya,iri banget cowoku jealous ama char nya,"I'm really jealous, my guy is jealous of his character"
"Kecewa banget gamenya gak ada adegan dewasa, malah MC nya di desain cantik malah wibu dapat bahan baru, harusnya ada adegan dewasa nya, yah gak ada gorengan baru.",kecewa banget gamenya gak ada adegan dewasa malah mc nya di desain cantik malah wibu dapat bahan baru harusnya ada adegan dewasa nya yah gak ada gorengan baru,kecewa banget gamenya gak ada adegan dewasa malah mc nya di desain cantik malah wibu dapat bahan baru harusnya ada adegan dewasa nya yah gak ada gorengan baru,kecewa banget gamenya gak adegan dewasa mc nya desain cantik wibu bahan adegan dewasa nya yah gak gorengan,kecewa banget gamenya gak adegan dewasa mc nya desain cantik wibu bahan adegan dewasa nya yah gak goreng,"I'm really disappointed that the game doesn't have any adult scenes, the MC has a beautiful design, Wibu, the ingredients for the adult scenes aren't fried"
BANG KAMU MIRIP SYLUS KALO GAK DILIAT,bang kamu mirip sylus kalo gak diliat,bang kamu mirip sylus kalo gak diliat,bang sylus kalo gak diliat,bang sylus kalo gak liat,"Bro, Sylus, if you haven't seen it"
Makasih bang udah mainin game ini. Gamenya seru banget! Selama main juga bang Windah ngasih opini positifnya tentang game ini dan hal baik apa yg bisa diambil 😊❤ Aku jadi tertarik mau main juga deh dan terinspirasi buat belajar bela diri juga karena MC-nya cewek tapi punya kemampuan bela diri dan tangguh melawan musuh. Aku pengen bisa kayak gitu juga 💪🔥,makasih bang udah mainin game ini gamenya seru banget selama main juga bang windah ngasih opini positifnya tentang game ini dan hal baik apa yg bisa diambil aku jadi tertarik mau main juga deh dan terinspirasi buat belajar bela diri juga karena mcnya cewek tapi punya kemampuan bela diri dan tangguh melawan musuh aku pengen bisa kayak gitu juga,makasih bang sudah mainin game ini gamenya seru banget selama main juga bang windah ngasih opini positifnya tentang game ini dan hal baik apa yang bisa diambil aku jadi tertarik mau main juga deh dan terinspirasi buat belajar bela diri juga karena mcnya cewek tapi punya kemampuan bela diri dan tangguh melawan musuh aku pengen bisa kayak gitu juga,makasih bang mainin game gamenya seru banget main bang windah ngasih opini positifnya game diambil tertarik main deh terinspirasi belajar bela mcnya cewek kemampuan bela tangguh melawan musuh pengen kayak gitu,makasih bang mainin game gamenya seru banget main bang windah ngasih opini positif game ambil tarik main deh inspirasi ajar bela mcnya cewek mampu bela tangguh lawan musuh ken kayak gitu,"Thank you bro, playing the game, the game is really fun to play, bro, Windah gave a positive opinion, the game of grab and pull, playing is an inspiration for teaching how to defend the mc, the girl is able to defend herself toughly against an enemy like that"
ikan hiu makan tomat,ikan hiu makan tomat,ikan hiu makan tomat,ikan hiu makan tomat,ikan hiu makan tomat,sharks eat tomatoes
Bang maen part 2 bang seru nihh,bang maen part bang seru nihh,bang maen part bang seru nihh,bang maen part bang seru nihh,bang maen part bang seru nihh,"Bro, playing the part is really fun"
wkwk tetap dimainin😝,wkwk tetap dimainin,tertawa tetap dimainin,tertawa dimainin,tertawa dimainin,laughing at play
Keren Bang Brando Udah ngasih Entertainment Buat Ciwi ciwi Senang,keren bang brando udah ngasih entertainment buat ciwi ciwi senang,keren bang brando sudah ngasih entertainment buat ciwi ciwi senang,keren bang brando ngasih entertainment ciwi ciwi senang,keren bang brando ngasih entertainment ciwi ciwi senang,"Cool bro, Brando provides entertainment for Ciwi, Ciwi is happy"
:3 keep going bang !! Thanks for playing this game,keep going bang thanks for playing this game,keep going bang thanks for playing this game,keep going bang thanks for playing this game,keep going bang thanks for playing this game,keep going bro thanks for playing this game
MAKASIH BANG SENENG BANGET 😂😂😂,makasih bang seneng banget,makasih bang seneng banget,makasih bang seneng banget,makasih bang neng banget,Thank you very much bro
Eplyin nirmala,eplyin nirmala,eplyin nirmala,eplyin nirmala,eplyin nirmala,Eplyin Nirmala
Hura,hura,hura,hura,hura,rah
LESGOOOOO🔥,lesgooooo,lesgooooo,lesgooooo,lesgooooo,lesgooooo
Makasih bang😊,makasih bang,makasih bang,makasih bang,makasih bang,thanks bro
Makasih bang udah main game ini😂,makasih bang udah main game ini,makasih bang sudah main game ini,makasih bang main game,makasih bang main game,thanks bro for playing the game
hihihihi seru bang aku ketawa terus lihat iniiii mau part duaaaa,hihihihi seru bang aku ketawa terus lihat iniiii mau part duaaaa,hihihihi seru bang aku ketawa terus lihat iniiii mau part duaaaa,hihihihi seru bang ketawa lihat iniiii part duaaaa,hihihihi seru bang ketawa lihat iniiii part duaaaa,hihihihi it's so exciting to laugh watching this part two
"semenjak nonton bang windah main game ini, aku jadi tertarik sama cowo walaupun aku cowo, apalagi sylus berasa kaya di jagain, terus liat badannya sjsksk ><",semenjak nonton bang windah main game ini aku jadi tertarik sama cowo walaupun aku cowo apalagi sylus berasa kaya di jagain terus liat badannya sjsksk,semenjak nonton bang windah main game ini aku jadi tertarik sama cowo walaupun aku cowo apalagi sylus berasa kaya di jagain terus liat badannya sjsksk,semenjak nonton bang windah main game tertarik cowo cowo sylus berasa kaya jagain liat badannya sjsksk,semenjak nonton bang windah main game tarik cowo cowo sylus asa kaya jagain liat badan sjsksk,"Since watching Bang Windah, playing the game of pulling guys, guys, guys, Sylus hopes to look after his body, SJSKSK"
Haha,haha,haha,haha,haha,ha ha
"Makasih banyak bang windah udah main game ini. Jgn lupa istirahat, We always support you ❤️🎀",makasih banyak bang windah udah main game ini jgn lupa istirahat we always support you,makasih banyak bang windah sudah main game ini jgn lupa istirahat we always support you,makasih bang windah main game jgn lupa istirahat we always support you,makasih bang windah main game jgn lupa istirahat we always support you,"Thank you bro, Windah, play the game, don't forget to take a break, we always support you"
"Makasiii bang windah, respect banget pokoknya",makasiii bang windah respect banget pokoknya,makasiii bang windah respect banget pokoknya,makasiii bang windah respect banget pokoknya,makasiii bang windah respect banget pokok,"Thank you bro, Windah, really respect"
6:27,,,,,
"Apa pula, waifu lu aj atw chara yg lu suka ga ad yg ribut tuh, pling klo sebagian doang. Giliran husbu atw yg ganteng chara nya ribut bgt, dlu aliando ganteng aj kan msih bnyk yg muji smpe artis ganteng sekarang",apa pula waifu lu aj atw chara yg lu suka ga ad yg ribut tuh pling klo sebagian doang giliran husbu atw yg ganteng chara nya ribut bgt dlu aliando ganteng aj kan msih bnyk yg muji smpe artis ganteng sekarang,apa pula waifu lu aj atw chara yang lu suka ga ad yang ribut tuh pling klo sebagian doang giliran husbu atw yang ganteng chara nya ribut banget dlu aliando ganteng aj kan msih bnyk yang muji smpe artis ganteng sekarang,waifu lu aj atw chara lu suka ga ad ribut tuh pling klo doang giliran husbu atw ganteng chara nya ribut banget dlu aliando ganteng aj msih bnyk muji smpe artis ganteng,waifu lu aj atw chara lu suka ga ad ribut tuh pling klo doang gilir husbu atw ganteng chara nya ribut banget dlu aliando ganteng aj msih bnyk muji smpe artis ganteng,"Just your waifu or your chara likes not making any noise, it's fine if it's just your turn, husbu or handsome, your chara is really noisy, even though Aliando is handsome, he still has a lot of praise for handsome artists."
main aja kak asli game ini seru banget apalagi Combat RPGnya di battle mode,main aja kak asli game ini seru banget apalagi combat rpgnya di battle mode,main saja kak asli game ini seru banget apalagi combat rpgnya di battle mode,main kak asli game seru banget combat rpgnya battle mode,main kak asli game seru banget combat rpgnya battle mode,"Play the original sis, the game is really exciting, the combat RPG has battle mode"
" @lolmoon138  iyaa mau deh. keliatan seru pas combatnyaa. kirain cuma game otome biasa tapi ada RPG nya juga, menarik bgt!!",lolmoon iyaa mau deh keliatan seru pas combatnyaa kirain cuma game otome biasa tapi ada rpg nya juga menarik bgt,lolmoon iyaa mau deh keliatan seru pas combatnyaa kirain cuma game otome biasa tapi ada rpg nya juga menarik banget,lolmoon iyaa deh keliatan seru pas combatnyaa kirain game otome rpg nya menarik banget,lolmoon iyaa deh liat seru pas combatnyaa kirain game otome rpg nya tarik banget,"lolmoon yeah, I see how exciting the combat is, I think the otome rpg game is really interesting"
cakep,cakep,cakep,cakep,cakep,handsome
makasih🥰,makasih,makasih,makasih,makasih,Thanks
Tapi sylus ga suka cowo 😂 dia kan cowo lurus ga belok,tapi sylus ga suka cowo dia kan cowo lurus ga belok,tapi sylus ga suka cowo dia kan cowo lurus ga belok,sylus ga suka cowo cowo lurus ga belok,sylus ga suka cowo cowo lurus ga belok,Sylus doesn't like straight guys who don't turn
Apaan 😭,apaan,apaan,,,
TERIMA KASIH BANYAK BANG UDAH REVIEW GAME NYAAA ❤❤,terima kasih banyak bang udah review game nyaaa,terima kasih banyak bang sudah review game nyaaa,terima kasih bang review game nyaaa,terima kasih bang review game nyaaa,Thank you bro for the game review
Bang coba main crazy ones mirip-mirip gamenya,bang coba main crazy ones miripmirip gamenya,bang coba main crazy ones miripmirip gamenya,bang coba main crazy ones miripmirip gamenya,bang coba main crazy ones miripmirip gamenya,"Bro, try playing Crazy Ones which is similar to the game"
BANG WINDAH KEREN BGTTTTT,bang windah keren bgttttt,bang windah keren banget,bang windah keren banget,bang windah keren banget,"Bro, Windah is really cool"
Di tunggu game game selanjutnya kak,di tunggu game game selanjutnya kak,di tunggu game game selanjutnya kak,tunggu game game kak,tunggu game game kak,wait for the game bro
Digrup WA ku pada rame bang windah mainin ini game,digrup wa ku pada rame bang windah mainin ini game,digrup wa ku pada rame bang windah mainin ini game,digrup wa ku rame bang windah mainin game,grup wa ku rame bang windah mainin game,"My wa group is busy, bro, playing games"
THANKS BANG WINDAHH😢😢😢🎉🎉🎉🎉❤❤❤❤,thanks bang windahh,thanks bang windahh,thanks bang windahh,thanks bang windahh,thanks bro windahh
"terima kasih komentar positif nya guys ❤ game nya ga salah, yg salah oknum laki2 nya yg sudah menghakimi game ini, buat oknum laki2 nya sehat2 deh ya 😅😅😊",terima kasih komentar positif nya guys game nya ga salah yg salah oknum laki nya yg sudah menghakimi game ini buat oknum laki nya sehat deh ya,terima kasih komentar positif nya guys game nya ga salah yang salah oknum laki nya yang sudah menghakimi game ini buat oknum laki nya sehat deh ya,terima kasih komentar positif nya guys game nya ga salah salah oknum laki nya menghakimi game oknum laki nya sehat deh ya,terima kasih komentar positif nya guys game nya ga salah salah oknum laki nya hakim game oknum laki nya sehat deh ya,"Thank you for the positive comments, guys, the game is not wrong, the male judge is in charge of the game, the male person is healthy, okay?"
"sebagai player lads aku respect sm bang windah karena selalu menghargai semua game, apalagi game khusus cewek gini, proud of you bang 😊",sebagai player lads aku respect sm bang windah karena selalu menghargai semua game apalagi game khusus cewek gini proud of you bang,sebagai player lads aku respect sm bang windah karena selalu menghargai semua game apalagi game khusus cewek gini proud of you bang,player lads respect sm bang windah menghargai game game khusus cewek gini proud of you bang,player lads respect sm bang windah harga game game khusus cewek gin proud of you bang,player lads respect sm bang windah game prices games specifically for girls gin proud of you bro
Next buka story caleb bangggggg,next buka story caleb bangggggg,next buka story caleb bangggggg,next buka story caleb bangggggg,next buka story caleb bangggggg,next open story caleb bangggggg
ditunggu part 2 nya ya abang windah 🥰🫶🏻,ditunggu part nya ya abang windah,ditunggu part nya ya abang windah,ditunggu part nya ya abang windah,tunggu part nya ya abang windah,"Wait for the part, bro Windah"
ditunggu part 2 nya ya abang windah 🥰🫶🏻,ditunggu part nya ya abang windah,ditunggu part nya ya abang windah,ditunggu part nya ya abang windah,tunggu part nya ya abang windah,"Wait for the part, bro Windah"
"Terima kasih bang Windah udah main game ini, akhirnya dari 26 detik berubah jadi 3 jam GACOORRRRRR 💥🔥🔥",terima kasih bang windah udah main game ini akhirnya dari detik berubah jadi jam gacoorrrrrr,terima kasih bang windah sudah main game ini akhirnya dari detik berubah jadi jam gacoorrrrrr,terima kasih bang windah main game detik berubah jam gacoorrrrrr,terima kasih bang windah main game detik ubah jam gacoorrrrrr,"Thank you bro, Windah, playing the game seconds change the clock gacoorrrrrrr"
"telat bgt aku nontonnya, maaf bg aku mengecewakan mu",telat bgt aku nontonnya maaf bg aku mengecewakan mu,telat banget aku nontonnya maaf bang aku mengecewakan mu,telat banget nontonnya maaf bang mengecewakan mu,telat banget nontonnya maaf bang kecewa mu,"I'm so late watching it, sorry bro, I'm disappointed"
"Penyanyi lagunya Sarah Brightman gaiss, dia itu penyanyi seriosa legendaris dari UK",penyanyi lagunya sarah brightman gaiss dia itu penyanyi seriosa legendaris dari uk,penyanyi lagunya sarah brightman gaiss dia itu penyanyi seriosa legendaris dari uk,penyanyi lagunya sarah brightman gaiss penyanyi seriosa legendaris uk,nyanyi lagu sarah brightman gaiss nyanyi seriosa legendaris uk,sing songs by sarah brightman guys sing legendary seriosa uk
KEREN BANG,keren bang,keren bang,keren bang,keren bang,cool bro
"terimakasih bang windah, aku sayang kamu bang🥰😍kamu mirip zayne plek ketiplek🤗🤗🤗",terimakasih bang windah aku sayang kamu bangkamu mirip zayne plek ketiplek,terimakasih bang windah aku sayang kamu bangkamu mirip zayne plek ketiplek,terimakasih bang windah sayang bangkamu zayne plek ketiplek,terimakasih bang windah sayang bangka zayne plek ketiplek,"thank you, bro, windah, dear bangka, zayne, plek ketiplek"
Best bang Lanjut part 2 Caleb story 🎉 seruuu bgt,best bang lanjut part caleb story seruuu bgt,best bang lanjut part caleb story seruuu banget,best bang part caleb story seruuu banget,best bang part caleb story seruuu banget,"Best part, Caleb's story is really exciting"
Bang aku full 3 jam nontonin live streamnya karena pengen download tapi device ga memadai 😢 makasih banyak bang udah direview. Seru banget ternyata gameplaynya 😣❤️‍🔥,bang aku full jam nontonin live streamnya karena pengen download tapi device ga memadai makasih banyak bang udah direview seru banget ternyata gameplaynya,bang aku full jam nontonin live streamnya karena pengen download tapi device ga memadai makasih banyak bang sudah direview seru banget ternyata gameplaynya,bang full jam nontonin live streamnya pengen download device ga memadai makasih bang direview seru banget gameplaynya,bang full jam nontonin live streamnya ken download device ga pada makasih bang direview seru banget gameplaynya,"bro, watched the live stream for a full hour, didn't download the device, thanks bro, the gameplay is really fun for review"
"KAMUU KEREN BANG AKHIRNYA MAIN GAME LDS🤩 kamuu banyak ngeluarin uang untuk Evelyn, semoga rezeki kamuu lancar terussss yaaa. dan maksih bangg udh terima pertemanan akuuu huuu akhirnya aku berteman dengan si cantik Evelyn🥰

JANGAN LUPA ISTIRAHAT BANG DAN TERIMAKASIH SUDAH MAINKAN GAME LOVE AND DEEPSPACE",kamuu keren bang akhirnya main game lds kamuu banyak ngeluarin uang untuk evelyn semoga rezeki kamuu lancar terussss yaaa dan maksih bangg udh terima pertemanan akuuu huuu akhirnya aku berteman dengan si cantik evelyn jangan lupa istirahat bang dan terimakasih sudah mainkan game love and deepspace,kamuu keren bang akhirnya main game lds kamuu banyak ngeluarin uang untuk evelyn semoga rezeki kamuu lancar terussss yaaa dan maksih bangg udh terima pertemanan akuuu huuu akhirnya aku berteman dengan si cantik evelyn jangan lupa istirahat bang dan terimakasih sudah mainkan game love and deepspace,kamuu keren bang main game lds kamuu ngeluarin uang evelyn semoga rezeki kamuu lancar terussss yaaa maksih bangg udh terima pertemanan akuuu huuu berteman si cantik evelyn lupa istirahat bang terimakasih mainkan game love and deepspace,kamuu keren bang main game lds kamuu ngeluarin uang evelyn moga rezeki kamuu lancar terussss yaaa maksih bangg udh terima teman akuuu huuu teman si cantik evelyn lupa istirahat bang terimakasih main game love and deepspace,"you're cool, bro, playing LDS games, you're spending money, Evelyn, I hope your fortune continues smoothly, thank you, thank you, I'm proud of you, my friend, huuu, beautiful friend, Evelyn, forgot to rest, bro, thank you for playing the game love and deepspace"
Ditunggu next time main gamenya lagi bang 🔥🗣️,ditunggu next time main gamenya lagi bang,ditunggu next time main gamenya lagi bang,ditunggu next time main gamenya bang,tunggu next time main gamenya bang,wait for the next time to play the game bro
Bener bgt,bener bgt,bener banget,bener banget,bener banget,right on
Lah aku nonton berapa hari setelahnya di jam 3 jg😭wkwkw,lah aku nonton berapa hari setelahnya di jam jgwkwkw,lah aku nonton berapa hari setelahnya di jam jgwkwkw,nonton setelahnya jam jgwkwkw,nonton telah jam jgwkwkw,I've been watching for hours
ih kita sama😭👋🏻,ih kita sama,ih kita sama,ih,ih,yuck
"Bang, makasih udah mainin game nya. Smoga sehat2 slalu bangg 🥰🥰",bang makasih udah mainin game nya smoga sehat slalu bangg,bang makasih sudah mainin game nya smoga sehat slalu bangg,bang makasih mainin game nya smoga sehat slalu bangg,bang makasih mainin game nya smoga sehat slalu bangg,"Bro, thank you for playing the game. I hope you stay healthy and stay healthy"
BANGGG TERIMA KASIH UDAH MAININ DAN MENUHIN WL KU YG GAK BISA MAIN NI GAME KARENA HPNYA KENTANGG 😭😭😭🫶🏻🫶🏻🫶🏻 MAKASI BANGG SEKALI LAGII,banggg terima kasih udah mainin dan menuhin wl ku yg gak bisa main ni game karena hpnya kentangg makasi bangg sekali lagii,banggg terima kasih sudah mainin dan menuhin wl ku yang gak bisa main ni game karena hpnya kentangg makasi bangg sekali lagii,banggg terima kasih mainin menuhin wl ku gak main ni game hpnya kentangg makasi bangg lagii,banggg terima kasih mainin menuhin wl ku gak main ni game hpnya kentangg makas bangg lagi,"proud, thank you for playing menuhin wl, I don't play this game on my cellphone, thank you, I'm proud again"
MAKASIH ABANGG UDAH MELUANGKAN WAKTU UNTUK BERMAIN GAME INI🤍🤍🤍,makasih abangg udah meluangkan waktu untuk bermain game ini,makasih abangg sudah meluangkan waktu untuk bermain game ini,makasih abangg meluangkan bermain game,makasih abangg luang main game,"Thanks bro, free time to play games"
"Terima kasih banyak bang, akhirnya setelah penantian panjang, yang crash lah, tunda lah. Lega banget akhirnya mainin, bahkan sampe 3 jam. Thank youu bang windah❤❤",terima kasih banyak bang akhirnya setelah penantian panjang yang crash lah tunda lah lega banget akhirnya mainin bahkan sampe jam thank youu bang windah,terima kasih banyak bang akhirnya setelah penantian panjang yang crash lah tunda lah lega banget akhirnya mainin bahkan sampe jam thank youu bang windah,terima kasih bang penantian crash tunda lega banget mainin sampe jam thank youu bang windah,terima kasih bang nanti crash tunda lega banget mainin sampe jam thank youu bang windah,"Thank you, bro, I'll crash, I'm really relieved to play until the clock, thank you, bro, Windah"
48:54 dilan basudara,dilan basudara,dilan basudara,dilan basudara,dil basudara,dil basudara
"THANK YOU BANG UDAH MAIN GAME INI DAN GAK PEDULIIN KOMENTAR EVIL ORANG-ORANG KEMARIN, RESPECT!",thank you bang udah main game ini dan gak peduliin komentar evil orangorang kemarin respect,thank you bang sudah main game ini dan gak peduliin komentar evil orangorang kemarin respect,thank you bang main game gak peduliin komentar evil orangorang kemarin respect,thank you bang main game gak peduliin komentar evil orangorang kemarin respect,"Thank you, bro, playing the game, don't care about the evil comments of yesterday's people. Respect"
"ubur ubur ikan lele, gamon lee 😢",ubur ubur ikan lele gamon lee,ubur ubur ikan lele gamon lee,ubur ubur ikan lele gamon lee,ubur ubur ikan lele gamon lee,Gamon Lee catfish jellyfish
Respect 🔥🔥🔥,respect,respect,respect,respect,respect
"respect to you, makasii bang windah udah main gamenya 💖💖💖",respect to you makasii bang windah udah main gamenya,respect to you makasii bang windah sudah main gamenya,respect to you makasii bang windah main gamenya,respect to you makasii bang windah main gamenya,"respect to you, thanks bro, Windah for playing the game"
there is nothing wrong with this game,there is nothing wrong with this game,there is nothing wrong with this game,there is nothing wrong with this game,there is nothing wrong with this game,there is nothing wrong with this game
BTW GUYS ADA YG TAU GA ID PLAYER BANG WINDAH??? AK MAW ADD FRIEND,btw guys ada yg tau ga id player bang windah ak maw add friend,by the way guys ada yang tau ga id player bang windah ak maw add friend,by the way guys tau ga id player bang windah ak maw add friend,by the way guys tau ga id player bang windah ak maw add friend,by the way guys do you know the player ID bro windah ak maw add friend
Thankyou bang Windah. Ga expect Windah sampe ngikutin story se interested itu. Makin sukses bang,thankyou bang windah ga expect windah sampe ngikutin story se interested itu makin sukses bang,thankyou bang windah ga expect windah sampe ngikutin story se interested itu makin sukses bang,thankyou bang windah ga expect windah sampe ngikutin story interested sukses bang,thankyou bang windah ga expect windah sampe ngikutin story interested sukses bang,"Thank you bro, Windah didn't expect Windah until following the story, interested in success, bro"
"thank you bang udah mainin gamenya , ingat ya guys penonton bang windah bukan hanya cowok!",thank you bang udah mainin gamenya ingat ya guys penonton bang windah bukan hanya cowok,thank you bang sudah mainin gamenya ingat ya guys penonton bang windah bukan hanya cowok,thank you bang mainin gamenya ya guys penonton bang windah cowok,thank you bang mainin gamenya ya guys tonton bang windah cowok,"Thank you, bro, play the game, guys, watch it, bro, Windah, boy"
"51:49 mirip bang, 11 12 sama zayne😊🎀",mirip bang sama zayne,mirip bang sama zayne,bang zayne,bang zayne,Zayne bro
THANK YOU SO MUCH BANG WINDAH❤,thank you so much bang windah,thank you so much bang windah,thank you so much bang windah,thank you so much bang windah,thank you so much bro windah
makasih udah main love and deepspace bang windah. seru banget bang. aku enjoy bgt nontonnya. btw battle-nya ga di main story doang bang. ada banyak bgt battle-nya dan pastinya lebih sulit dari yg di main story.,makasih udah main love and deepspace bang windah seru banget bang aku enjoy bgt nontonnya btw battlenya ga di main story doang bang ada banyak bgt battlenya dan pastinya lebih sulit dari yg di main story,makasih sudah main love and deepspace bang windah seru banget bang aku enjoy banget nontonnya by the way battlenya ga di main story doang bang ada banyak banget battlenya dan pastinya lebih sulit dari yang di main story,makasih main love and deepspace bang windah seru banget bang enjoy banget nontonnya by the way battlenya ga main story doang bang banget battlenya pastinya sulit main story,makasih main love and deepspace bang windah seru banget bang enjoy banget nontonnya by the way battlenya ga main story doang bang banget battlenya pasti sulit main story,"thank you for playing love and deepspace bro, windah, it's really fun, bro, really enjoyed watching it by the way, the battle doesn't play the story, bro, the battle is definitely difficult to play the story"
"windah sbg khodam  membuat hidup evelyn gud ending  (melindungi evelyn dari cowok2x , memilih cowok tepat, pake baju sesuai,)",windah sbg khodam membuat hidup evelyn gud ending melindungi evelyn dari cowokx memilih cowok tepat pake baju sesuai,windah sbg khodam membuat hidup evelyn gud ending melindungi evelyn dari cowokx memilih cowok tepat pake baju sesuai,windah sbg khodam hidup evelyn gud ending melindungi evelyn cowokx memilih cowok pake baju sesuai,windah sbg khodam hidup evelyn gud ending lindung evelyn cowokx pilih cowok pake baju sesuai,windah as khodam life evelyn gud ending protected evelyn blokx choose a guy wearing appropriate clothes
"TERIMAKASIH BANG WINDAH UDAH MAEN GIM INI, MESKIPUN SEBELUMNYA BYK HURU HARA ❤❤❤❤",terimakasih bang windah udah maen gim ini meskipun sebelumnya byk huru hara,terimakasih bang windah sudah maen gim ini meskipun sebelumnya byk huru hara,terimakasih bang windah maen gim byk huru hara,terimakasih bang windah maen gim byk huru hara,"Thank you, bro, Windah plays a lot of riot games"
"BANG WINDAHH TERIMA KASIH YAA KARENA SUDAH BERMAINN, aku seneng bgt bang windah review story, fitur, card, stories, dan characternya 🫂🫂
fyi, buat temen temen yg mungkin masih bingung, lads ini memang game story yg ceritanya deep bgt yaa makanya banyak yapping nya wkwk. jadi disarankan buat temen temen yg emg mau lanjutin story bisa main game nya secara langsung.
btw rafayel suamiku bang hehe, blio memang agak menyebalkan hehe
TERIMA KASIH BANG WINDAHHH, SUKSES TERUS YAHHH💪💪
btw awas yah klo ada yg comment negatif ntar ak marah😡",bang windahh terima kasih yaa karena sudah bermainn aku seneng bgt bang windah review story fitur card stories dan characternya fyi buat temen temen yg mungkin masih bingung lads ini memang game story yg ceritanya deep bgt yaa makanya banyak yapping nya wkwk jadi disarankan buat temen temen yg emg mau lanjutin story bisa main game nya secara langsung btw rafayel suamiku bang hehe blio memang agak menyebalkan hehe terima kasih bang windahhh sukses terus yahhh btw awas yah klo ada yg comment negatif ntar ak marah,bang windahh terima kasih yaa karena sudah bermainn aku seneng banget bang windah review story fitur card stories dan characternya fyi buat temen temen yang mungkin masih bingung lads ini memang game story yang ceritanya deep banget yaa makanya banyak yapping nya tertawa jadi disarankan buat temen temen yang emg mau lanjutin story bisa main game nya secara langsung by the way rafayel suamiku bang hehe blio memang agak menyebalkan hehe terima kasih bang windahhh sukses terus yahhh by the way awas yah klo ada yang comment negatif ntar ak marah,bang windahh terima kasih yaa bermainn seneng banget bang windah review story fitur card stories characternya fyi temen temen bingung lads game story ceritanya deep banget yaa yapping nya tertawa disarankan temen temen emg lanjutin story main game nya langsung by the way rafayel suamiku bang hehe blio menyebalkan hehe terima kasih bang windahhh sukses yahhh by the way awas yah klo comment negatif ntar ak marah,bang windahh terima kasih yaa bermainn neng banget bang windah review story fitur card stories characternya fyi temen temen bingung lads game story cerita deep banget yaa yapping nya tertawa saran temen temen emg lanjutin story main game nya langsung by the way rafayel suami bang hehe blio sebal hehe terima kasih bang windahhh sukses yahhh by the way awas yah klo comment negatif ntar ak marah,"Bro Windahh, thank you for playing really well, Bro Windah, review story, card stories features, characters, FYI, my friends are confused, lads, the game story, the story is really deep, yapping, it's a laugh, my friend's advice, continue the story, play the game straight away, by the way, Rafayel's husband, bro, hehe, I'm annoyed, hehe, thank you, bro, Windahhh, success, by the way, be careful, if you comment negatively, I'll be angry"
"si caleb mirip temen sekelas aku bang namanya bayu, dia bisa main karawitan bg",si caleb mirip temen sekelas aku bang namanya bayu dia bisa main karawitan bg,si caleb mirip temen sekelas aku bang namanya bayu dia bisa main karawitan bang,si caleb temen sekelas bang namanya bayu main karawitan bang,si caleb temen kelas bang nama bayu main karawitan bang,"Caleb's classmate, Bayu, plays musical instruments, bro"
Lebay,lebay,lebay,lebay,lebay,overacting
​ @hungaryhusar6567  bukan lebay tapi kenyataan,hungaryhusar bukan lebay tapi kenyataan,hungaryhusar bukan lebay tapi kenyataan,hungaryhusar lebay kenyataan,hungaryhusar lebay nyata,hungaryhusar is a real overkill
Aaahhh seneng banget ❤Makasih bang windah. udah mainin ini game❤,aaahhh seneng banget makasih bang windah udah mainin ini game,aaahhh seneng banget makasih bang windah sudah mainin ini game,aaahhh seneng banget makasih bang windah mainin game,aaahhh neng banget makasih bang windah mainin game,"aaahhh bro, thank you so much bro, Windah for playing the game"
MAKASIH BANYAK BANG WINDAH YG TAMPAN MENAWAN UDAH MAININ GAME INI🩷🩷🩷🩷🩷  ditunggu gameplay lanjutannya 🤩🤩,makasih banyak bang windah yg tampan menawan udah mainin game ini ditunggu gameplay lanjutannya,makasih banyak bang windah yang tampan menawan sudah mainin game ini ditunggu gameplay lanjutannya,makasih bang windah tampan menawan mainin game ditunggu gameplay lanjutannya,makasih bang windah tampan tawan mainin game tunggu gameplay lanjut,"Thank you bro, handsome handsome Tawan, playing the game, waiting for the gameplay to continue"
Thank you so much bang windahhhh❤❤❤❤❤,thank you so much bang windahhhh,thank you so much bang windahhhh,thank you so much bang windahhhh,thank you so much bang windahhhh,thank you so much bro windahhhh
"Game bagus tpi fandom nya ngatur nyuruh gk main😂,eh pas dimainin para nagih minta part 2,ketauan kan skrg sifat lo pada cewe bermuka dua dan standart ganda🤣",game bagus tpi fandom nya ngatur nyuruh gk maineh pas dimainin para nagih minta part ketauan kan skrg sifat lo pada cewe bermuka dua dan standart ganda,game bagus tpi fandom nya ngatur nyuruh gk maineh pas dimainin para nagih minta part ketauan kan skrg sifat lo pada cewe bermuka dua dan standart ganda,game bagus tpi fandom nya ngatur nyuruh gk maineh pas dimainin nagih part ketauan skrg sifat lo cewe bermuka standart ganda,game bagus tpi fandom nya ngatur nyuruh gk maineh pas dimainin nagih part tau skrg sifat lo cewe muka standart ganda,"good game but the fandom is controlling it so you don't play it when you play it, you're addicted to parts, you know now, your character is a double standard face girl"
HORORNYAA MANAAA😢😢😢😢,horornyaa manaaa,horornyaa manaaa,horornyaa manaaa,horornyaa manaaa,what a horror
Lanjutin bang please storynya smpe kebuka karakterny,lanjutin bang please storynya smpe kebuka karakterny,lanjutin bang please storynya smpe kebuka karakterny,lanjutin bang please storynya smpe kebuka karakterny,lanjutin bang please storynya smpe buka karakterny,Please continue with the story until the characters are revealed
"sylus emg tampangnya bad boy tp aslinya care bgt, smua love interest tuh green flag kok bang cuman kalo caleb masih abu abu soalnya dia baru rilis kemarinn. anyways makasih banyak ya bangg udah mainin, jangan lupa istirahat bang windah. 🤍🤍🤍",sylus emg tampangnya bad boy tp aslinya care bgt smua love interest tuh green flag kok bang cuman kalo caleb masih abu abu soalnya dia baru rilis kemarinn anyways makasih banyak ya bangg udah mainin jangan lupa istirahat bang windah,sylus emg tampangnya bad boy tp aslinya care banget smua love interest tuh green flag kok bang cuman kalo caleb masih abu abu soalnya dia baru rilis kemarinn anyways makasih banyak ya bangg sudah mainin jangan lupa istirahat bang windah,sylus emg tampangnya bad boy tp aslinya care banget smua love interest tuh green flag bang cuman kalo caleb abu abu rilis kemarinn anyways makasih ya bangg mainin lupa istirahat bang windah,sylus emg tampang bad boy tp asli care banget smua love interest tuh green flag bang cuman kalo caleb abu abu rilis kemarinn anyways makasih ya bangg mainin lupa istirahat bang windah,"Sylus really looks like a bad boy but he really cares about everyone, love the interests, Green Flag, bro, only if Caleb Abu Abu was released yesterday, anyways, thanks bro, I forgot to take a break, bro, Windah"
Thanks bang windah ❤,thanks bang windah,thanks bang windah,thanks bang windah,thanks bang windah,thanks bro windah
Menggiring,menggiring,menggiring,menggiring,giring,sleigh
Makasi dh mainin bg,makasi dh mainin bg,makasi dh mainin bang,makasi dh mainin bang,makas dh mainin bang,thanks for playing bro
"lucu banget terimakasih bang udah main ini game mwhehe seru banget mana ada adegan ngecrash nya seruu banget, terimakasih banyak ya❤❤",lucu banget terimakasih bang udah main ini game mwhehe seru banget mana ada adegan ngecrash nya seruu banget terimakasih banyak ya,lucu banget terimakasih bang sudah main ini game mwhehe seru banget mana ada adegan ngecrash nya seruu banget terimakasih banyak ya,lucu banget terimakasih bang main game mwhehe seru banget adegan ngecrash nya seruu banget terimakasih ya,lucu banget terimakasih bang main game mwhehe seru banget adegan ngecrash nya seruu banget terimakasih ya,"Very funny, thank you bro, playing the game, mwhehe, it's really fun, the crash scene is really exciting, thank you"
"THANK YOU FOR PLAYING LOVE AND DEEPSPACE, BANG WINDAH! I really enjoyed this livestreaming, your reactions and commentaries are very entertaining to watch. Thank you for the good review!",thank you for playing love and deepspace bang windah i really enjoyed this livestreaming your reactions and commentaries are very entertaining to watch thank you for the good review,thank you for playing love and deepspace bang windah i really enjoyed this livestreaming your reactions and commentaries are very entertaining to watch thank you for the good review,thank you for playing love and deepspace bang windah i really enjoyed this livestreaming your reactions and commentaries are very entertaining to watch thank you for the good review,thank you for playing love and deepspace bang windah i really enjoyed this livestreaming your reactions and commentaries are very entertaining to watch thank you for the good review,thank you for playing love and deepspace bang windah i really enjoyed this livestreaming your reactions and commentaries are very entertaining to watch thank you for the good review
Subhanallah komennya,subhanallah komennya,subhanallah komennya,subhanallah komennya,subhanallah komennya,subhanallah for the comments
kapan lanjut game fc mobile nya bang?😢,kapan lanjut game fc mobile nya bang,kapan lanjut game fc mobile nya bang,game fc mobile nya bang,game fc mobile nya bang,The FC Mobile game bro
Viewers bang windah yg cewe pada keluar semua mantap 😊🎉,viewers bang windah yg cewe pada keluar semua mantap,viewers bang windah yang cewe pada keluar semua mantap,viewers bang windah cewe mantap,viewers bang windah cewe mantap,"Viewers, Bro, Windah, great girl"
"Thank a lot bang, sudah memenuhi hasrat cwe² buat mainin ini gem, walaupun banyak yg ga seneng, aku rispek bgt bang :)",thank a lot bang sudah memenuhi hasrat cwe buat mainin ini gem walaupun banyak yg ga seneng aku rispek bgt bang,thank a lot bang sudah memenuhi hasrat cwe buat mainin ini gem walaupun banyak yang ga seneng aku rispek banget bang,thank a lot bang memenuhi hasrat cwe mainin gem ga seneng rispek banget bang,thank a lot bang penuh hasrat cwe mainin gem ga neng rispek banget bang,"Thank you a lot bro, I'm full of passion, I play gems, I don't really respect it, bro"
"Gg bang respek, main 3 jam",gg bang respek main jam,gg bang respek main jam,gg bang respek main jam,gg bang respek main jam,I don't respect playing clock
thank you bang 😍💗,thank you bang,thank you bang,thank you bang,thank you bang,thank you bro
Epilognya bagus banget Bang Brando. Gitu donggg jadi abang2 dewasa yang mendidik. Makasih atas gameplay-nya ❤😊,epilognya bagus banget bang brando gitu donggg jadi abang dewasa yang mendidik makasih atas gameplaynya,epilognya bagus banget bang brando gitu donggg jadi abang dewasa yang mendidik makasih atas gameplaynya,epilognya bagus banget bang brando gitu donggg abang dewasa mendidik makasih gameplaynya,epilog bagus banget bang brando gitu donggg abang dewasa didik makasih gameplaynya,"The epilogue is really good, bro Brando, that's it, mature bro, thank you for the gameplay"
MAKASIH BANG WINDAH 💗,makasih bang windah,makasih bang windah,makasih bang windah,makasih bang windah,Thank you bro Windah
"Yg nyuruh ga main itu karena event sebelumnya bang, itu cards nya lumayan vulgar jadi takutnya terjadi hal-hal aneh dan banyak anak dibawah umur yg nonton. Gw nunggu banget malah bang windah main ini game, cuma emang timing kemarin kurang pas aja",yg nyuruh ga main itu karena event sebelumnya bang itu cards nya lumayan vulgar jadi takutnya terjadi halhal aneh dan banyak anak dibawah umur yg nonton gw nunggu banget malah bang windah main ini game cuma emang timing kemarin kurang pas aja,yang nyuruh ga main itu karena event sebelumnya bang itu cards nya lumayan vulgar jadi takutnya terjadi halhal aneh dan banyak anak dibawah umur yang nonton gw nunggu banget malah bang windah main ini game cuma emang timing kemarin kurang pas saja,nyuruh ga main event bang cards nya lumayan vulgar takutnya halhal aneh anak dibawah umur nonton gw nunggu banget bang windah main game emang timing kemarin pas,nyuruh ga main event bang cards nya lumayan vulgar takut halhal aneh anak bawah umur nonton gw nunggu banget bang windah main game emang timing kemarin pas,"told me not to play the event, bro, the cards are quite vulgar, afraid of strange things, the minors are watching, I'm really looking forward to it, bro, Windah, playing the game, yesterday's timing was perfect."
" @dawnnbreaker  lu denger statement windah di stream gk sih🤣
Ketauan bgt lu FOMO nya gk nonton ya stream tdi, bahwa windah bilang game ini gk ada unsur 4no nya, pelukan kayak gitu trs ada adegan anu tdi di last udh biasa bagi windah mah, tonton lah di live dia sebelum nya sama semua dia selalu ngeliatin walaupun 4no tpi cuma sekilas aja palingan juga gk bakalan di kasih full",dawnnbreaker lu denger statement windah di stream gk sih ketauan bgt lu fomo nya gk nonton ya stream tdi bahwa windah bilang game ini gk ada unsur no nya pelukan kayak gitu trs ada adegan anu tdi di last udh biasa bagi windah mah tonton lah di live dia sebelum nya sama semua dia selalu ngeliatin walaupun no tpi cuma sekilas aja palingan juga gk bakalan di kasih full,dawnnbreaker lu denger statement windah di stream gk sih ketauan banget lu fomo nya gk nonton ya stream tdi bahwa windah bilang game ini gk ada unsur no nya pelukan kayak gitu trs ada adegan anu tdi di last udh biasa bagi windah mah tonton lah di live dia sebelum nya sama semua dia selalu ngeliatin walaupun no tpi cuma sekilas saja palingan juga gk bakalan di kasih full,dawnnbreaker lu denger statement windah stream gk sih ketauan banget lu fomo nya gk nonton ya stream tdi windah bilang game gk unsur no nya pelukan kayak gitu trs adegan anu tdi last udh windah mah tonton live nya ngeliatin no tpi sekilas palingan gk kasih full,dawnnbreaker lu denger statement windah stream gk sih tau banget lu fomo nya gk nonton ya stream tdi windah bilang game gk unsur no nya peluk kayak gitu trs adegan anu tdi last udh windah mah tonton live nya ngeliatin no tpi kilas paling gk kasih full,"dawnnbreaker, did you hear Windah Stream's statement, didn't you really know what it was like, didn't you watch it, Windah said the game doesn't have an element, the number is a hug like that, then that scene last time, Windah, watched it live, looked at the number, but at least I didn't give it a full glimpse."
"Fathur Rohman ""asbun"", tong kosong nyaring bunyinya.",fathur rohman asbun tong kosong nyaring bunyinya,fathur rohman asbun tong kosong nyaring bunyinya,fathur rohman asbun tong kosong nyaring bunyinya,fathur rohman asbun tong kosong nyaring bunyi,Fathur Rohman Asbun empty barrel makes a loud sound
"@alishaastri8923  lebih kosong lu sih gk bisa bales argumen gw🤣, membuktikan bahwa cewe banyak yg bermuka dua",alishaastri lebih kosong lu sih gk bisa bales argumen gw membuktikan bahwa cewe banyak yg bermuka dua,alishaastri lebih kosong lu sih gk bisa bales argumen gw membuktikan bahwa cewe banyak yang bermuka dua,alishaastri kosong lu sih gk bales argumen gw membuktikan cewe bermuka,alishaastri kosong lu sih gk bales argumen gw bukti cewe muka,"Alishaastri is blank, you didn't respond to my argument, it's proof that you're a face girl"
" @alishaastri8923  lu yg tong kosong ketahuan bgt gk bisa bales argumen gw, diem aja lah lu pada soalnya lucu liat cewe bermuka dia ngarep dimainin lgi game nya🤣",alishaastri lu yg tong kosong ketahuan bgt gk bisa bales argumen gw diem aja lah lu pada soalnya lucu liat cewe bermuka dia ngarep dimainin lgi game nya,alishaastri lu yang tong kosong ketahuan banget gk bisa bales argumen gw diem saja lah lu pada soalnya lucu liat cewe bermuka dia ngarep dimainin lgi game nya,alishaastri lu tong kosong ketahuan banget gk bales argumen gw diem lu lucu liat cewe bermuka ngarep dimainin lgi game nya,alishaastri lu tong kosong tahu banget gk bales argumen gw diem lu lucu liat cewe muka ngarep dimainin lgi game nya,"Alishaastri, you're an empty barrel, you really don't know how to reply to my argument, you're quiet, it's funny to see a girl's face looking forward to playing the game again."
" @alishaastri8923  lebih kosong lu sih gk bisa bales argumen gw🤣,menandakan ketikan gw itu fakta bahwa cewe banyak yg bermuka dua",alishaastri lebih kosong lu sih gk bisa bales argumen gwmenandakan ketikan gw itu fakta bahwa cewe banyak yg bermuka dua,alishaastri lebih kosong lu sih gk bisa bales argumen gwmenandakan ketikan gw itu fakta bahwa cewe banyak yang bermuka dua,alishaastri kosong lu sih gk bales argumen gwmenandakan ketikan gw fakta cewe bermuka,alishaastri kosong lu sih gk bales argumen gwmenandakan keti gw fakta cewe muka,"Alishaastri is blank. You didn't respond to my argument, indicating that I'm a face girl"
"Mending lu lihat live lads pertamanya bang rijad, gosah cari celah nge hate cewe deh",mending lu lihat live lads pertamanya bang rijad gosah cari celah nge hate cewe deh,mending lu lihat live lads pertamanya bang rijad gosah cari celah nge hate cewe deh,mending lu lihat live lads pertamanya bang rijad gosah cari celah nge hate cewe deh,mending lu lihat live lads pertama bang rijad gosah cari celah nge hate cewe deh,"It's better if you watch the first live lads, bro, Rijad is anxious to find a way to hate girls"
Waktu itu timing nya gak pas aja bg,waktu itu timing nya gak pas aja bg,waktu itu timing nya gak pas saja bang,timing nya gak pas bang,timing nya gak pas bang,"The timing isn't right, bro"
" @lightphocnix  yaelah alesannya gini semua wkwkwkw, udh kayak template aja gk ada alesan lain, pernah liat windah live five heart undert one roof gk? game dating versi cewe ada adegan spicy nya banyak bgt dan di review satu saty",lightphocnix yaelah alesannya gini semua wkwkwkw udh kayak template aja gk ada alesan lain pernah liat windah live five heart undert one roof gk game dating versi cewe ada adegan spicy nya banyak bgt dan di review satu saty,lightphocnix yaelah alesannya gini semua tertawa udh kayak template saja gk ada alesan lain pernah liat windah live five heart undert one roof gk game dating versi cewe ada adegan spicy nya banyak banget dan di review satu saty,lightphocnix yaelah alesannya gini tertawa udh kayak template gk alesan liat windah live five heart undert one roof gk game dating versi cewe adegan spicy nya banget review saty,lightphocnix yaelah alesannya gin tertawa udh kayak template gk alesan liat windah live five heart undert one roof gk game dating versi cewe adegan spicy nya banget review saty,lightphocnix yeah that's the reason gin laughs like a template no reason to see windah live five heart undert one roof gk dating game girl version really spicy scene saty review
"kocakk, mending lu liat dulu banner sebelum nya kyk gmn",kocakk mending lu liat dulu banner sebelum nya kyk gmn,kocakk mending lu liat dulu banner sebelum nya kyk gmn,kocakk mending lu liat banner nya kyk gmn,kocakk mending lu liat banner nya kyk gmn,"It's funny, it's better if you look at what the banner looks like"
"Lu liat dulu event awalnya, event awalnya semua love interest itu lagi kissing(make out) ama MC",lu liat dulu event awalnya event awalnya semua love interest itu lagi kissingmake out ama mc,lu liat dulu event awalnya event awalnya semua love interest itu lagi kissingmake out ama mc,lu liat event event love interest kissingmake out ama mc,lu liat event event love interest kissingmake out ama mc,You saw the love interest kissing make out event with MC
Liat dulu event kemaren kocak,liat dulu event kemaren kocak,liat dulu event kemaren kocak,liat event kemaren kocak,liat event kemaren kocak,Watching yesterday's event was hilarious
Iya wibu iya,iya wibu iya,iya wibu iya,iya wibu iya,iya wibu iya,yes weeb yes
Caleb muka greenflag tapi redflag. Gila dah dia,caleb muka greenflag tapi redflag gila dah dia,caleb muka greenflag tapi redflag gila dah dia,caleb muka greenflag redflag gila dah,caleb muka greenflag redflag gila dah,Caleb's greenflag redflag face is crazy
​ @wadnderer katanya sih gitu ada orang luar bilang kalo Caleb itu kayak yandere boy gitu mungkin yandere yang maksudnya posesif gitu kali ya bukan yang bunuh bunuhan😂,wadnderer katanya sih gitu ada orang luar bilang kalo caleb itu kayak yandere boy gitu mungkin yandere yang maksudnya posesif gitu kali ya bukan yang bunuh bunuhan,wadnderer katanya sih gitu ada orang luar bilang kalo caleb itu kayak yandere boy gitu mungkin yandere yang maksudnya posesif gitu kali ya bukan yang bunuh bunuhan,wadnderer sih gitu orang bilang kalo caleb kayak yandere boy gitu yandere maksudnya posesif gitu kali ya bunuh bunuhan,wadnderer sih gitu orang bilang kalo caleb kayak yandere boy gitu yandere maksud posesif gitu kali ya bunuh bunuh,"wadnderer, that's what people say, if Caleb is like a yandere boy, yandere means possessive, like that, kill kill"
"keliatannya agak toxic yaa caleb, ​ @wadnderer  tp entahlah siapa tau ada motif melindungi di baliknya",keliatannya agak toxic yaa caleb wadnderer tp entahlah siapa tau ada motif melindungi di baliknya,keliatannya agak toxic yaa caleb wadnderer tp entahlah siapa tau ada motif melindungi di baliknya,keliatannya toxic yaa caleb wadnderer tp tau motif melindungi baliknya,liat toxic yaa caleb wadnderer tp tau motif lindung balik,"Looks toxic, Caleb wadnderer but knows the motive for protecting back"
hai awak​ @wadnderer ,hai awak wadnderer,hai awak wadnderer,hai awak wadnderer,hai awak wadnderer,hi you wadnderer
"Sylus tampang doang red flag padahal aslinya green flag, cuma ya emang seneng banget dia ngegoda mc🤣",sylus tampang doang red flag padahal aslinya green flag cuma ya emang seneng banget dia ngegoda mc,sylus tampang doang red flag padahal aslinya green flag cuma ya emang seneng banget dia ngegoda mc,sylus tampang doang red flag aslinya green flag ya emang seneng banget ngegoda mc,sylus tampang doang red flag asli green flag ya emang neng banget ngegoda mc,"Sylus looks like he's just a red flag, he's actually a green flag, he really teases MC"
"Iya wehh sylus aslinya green banget didalam, klo Rafayel mah udah kayak baby girl😗",iya wehh sylus aslinya green banget didalam klo rafayel mah udah kayak baby girl,iya wehh sylus aslinya green banget didalam klo rafayel mah sudah kayak baby girl,iya wehh sylus aslinya green banget didalam klo rafayel mah kayak baby girl,iya wehh sylus asli green banget dalam klo rafayel mah kayak baby girl,"Yes, the original sylus is really green, but Rafayel is like a baby girl"
P,p,p,p,p,p
"Caleb ini dijadiin experimen sama si EVER juga , aku baca baca keknya emang ditanemin chip di badannya. Meski di lorenya masih belum keliatan. Bener bener yandere , punya 2 kepribadian",caleb ini dijadiin experimen sama si ever juga aku baca baca keknya emang ditanemin chip di badannya meski di lorenya masih belum keliatan bener bener yandere punya kepribadian,caleb ini dijadiin experimen sama si ever juga aku baca baca keknya emang ditanemin chip di badannya meski di lorenya masih belum keliatan bener bener yandere punya kepribadian,caleb dijadiin experimen si ever baca baca keknya emang ditanemin chip badannya lorenya keliatan bener bener yandere kepribadian,caleb dijadiin experimen si ever baca baca kek emang ditanemin chip badan lorenya liat bener bener yandere pribadi,"Caleb was used as an experiment by ever reading, he really had a chip implanted in his body, his lore really looks like a real yandere, personal"
"​ @SerenaKlauvitz5 udah kak. Yg sekarang ada unlock myth itu. Dia sempat dikontrol tapi bisa ngilangin memorinya biar nggak diakses sama profesor L itu. Dia sadar kok nanti dan ngelepasin MC. Tapi kayanya emang dia kerja sama penjahat Ever sih. Tapi next chapters kayanya Sylus bakal muncul sih barengan sama Caleb, soalnya di main story dibahas Onychinus.",serenaklauvitz udah kak yg sekarang ada unlock myth itu dia sempat dikontrol tapi bisa ngilangin memorinya biar nggak diakses sama profesor l itu dia sadar kok nanti dan ngelepasin mc tapi kayanya emang dia kerja sama penjahat ever sih tapi next chapters kayanya sylus bakal muncul sih barengan sama caleb soalnya di main story dibahas onychinus,serenaklauvitz sudah kak yang sekarang ada unlock myth itu dia sempat dikontrol tapi bisa ngilangin memorinya biar nggak diakses sama profesor l itu dia sadar kok nanti dan ngelepasin mc tapi kayanya emang dia kerja sama penjahat ever sih tapi next chapters kayanya sylus bakal muncul sih barengan sama caleb soalnya di main story dibahas onychinus,serenaklauvitz kak unlock myth dikontrol ngilangin memorinya biar nggak diakses profesor l sadar ngelepasin mc kayanya emang kerja penjahat ever sih next chapters kayanya sylus muncul sih barengan caleb main story dibahas onychinus,serenaklauvitz kak unlock myth kontrol ngilangin memori biar nggak akses profesor l sadar ngelepasin mc kaya emang kerja jahat ever sih next chapters kaya sylus muncul sih bareng caleb main story bahas onychinus,"Serenaklauvitz Sis Unlock Myth Control removes memory so it can't be accessed Professor I realized that removing the MC like that is indeed a bad job, ever. Next chapter Kaya Sylus appears with Caleb main story discussing Onychinus"
Caleb juga green flag tapi kebanyakan 😂😂😂 jadinya Forest flag 😂😂,caleb juga green flag tapi kebanyakan jadinya forest flag,caleb juga green flag tapi kebanyakan jadinya forest flag,caleb green flag kebanyakan forest flag,caleb green flag banyak forest flag,caleb green flag lots of forest flags
Caleb mau ngurung MC biar gak diburu penjahat. Tapi tetep sih meski akhirnya sadar. Obsessive kaya matthias di manhwa cry or better yet beg,caleb mau ngurung mc biar gak diburu penjahat tapi tetep sih meski akhirnya sadar obsessive kaya matthias di manhwa cry or better yet beg,caleb mau ngurung mc biar gak diburu penjahat tapi tetep sih meski akhirnya sadar obsessive kaya matthias di manhwa cry or better yet beg,caleb ngurung mc biar gak diburu penjahat tetep sih sadar obsessive kaya matthias manhwa cry or better yet beg,caleb ngurung mc biar gak buru jahat tetep sih sadar obsessive kaya matthias manhwa cry or better yet beg,"caleb locks mc up so he doesn't get nasty, he's still aware of being obsessive like matthias manhwa cry or better yet beg"
"gg bang akhirnya bisa stream proper ❤ kmren sempet ada streamer yang maen gem ini tapi ngecrash mulu 🗿😆 btw thanks a lot bang udah maenin gimnya, appreciate itt ❤",gg bang akhirnya bisa stream proper kmren sempet ada streamer yang maen gem ini tapi ngecrash mulu btw thanks a lot bang udah maenin gimnya appreciate itt,gg bang akhirnya bisa stream proper kmren sempet ada streamer yang maen gem ini tapi ngecrash mulu by the way thanks a lot bang sudah maenin gimnya appreciate itt,gg bang stream proper kmren sempet streamer maen gem ngecrash mulu by the way thanks a lot bang maenin gimnya appreciate itt,gg bang stream proper kmren sempet streamer maen gem ngecrash mulu by the way thanks a lot bang maenin gim appreciate itt,gg bang stream proper kmren sempet streamer maen gem always crashes by the way thanks a lot bro playing the game appreciate itt
2:41:05 new pfp,new pfp,new pfp,new pfp,new pfp,new pfp
"thanks bangg, tp aku mau ngedate sm syluuuussss",thanks bangg tp aku mau ngedate sm syluuuussss,thanks bangg tp aku mau ngedate sm syluuuussss,thanks bangg tp ngedate sm syluuuussss,thanks bangg tp ngedate sm syluuuussss,thanks bro but I'm dating sms syluuuussss
"Lanjut story caleb bangg, SERUU",lanjut story caleb bangg seruu,lanjut story caleb bangg seruu,story caleb bangg seruu,story caleb bangg seruu,Caleb's story is so exciting
TERIMAKASIH BANYAK PAPA BRANDOOO❤❤❤❤❤,terimakasih banyak papa brandooo,terimakasih banyak papa brandooo,terimakasih papa brandooo,terimakasih papa brandooo,Thank you Papa Brandoo
"gg bang, semangat teruss bang, dan jangan lupa istirahat",gg bang semangat teruss bang dan jangan lupa istirahat,gg bang semangat teruss bang dan jangan lupa istirahat,gg bang semangat teruss bang lupa istirahat,gg bang semangat teruss bang lupa istirahat,I'm so excited and I forget to rest
THANK YOU BANG WINDAH☹️💗,thank you bang windah,thank you bang windah,thank you bang windah,thank you bang windah,thank you bro windah
mantap bang windah bisa memutarbalikkan keadaan dari yg awalnya RICUH banget sampe bisa jadi SEANTENG ini keren kamu bang GG aku salut banget sama bang windah🥰💪🏻✨ semoga kedepannya gini terus yaaa gak cape apa kalian ribut ribut terus adik adik????,mantap bang windah bisa memutarbalikkan keadaan dari yg awalnya ricuh banget sampe bisa jadi seanteng ini keren kamu bang gg aku salut banget sama bang windah semoga kedepannya gini terus yaaa gak cape apa kalian ribut ribut terus adik adik,mantap bang windah bisa memutarbalikkan keadaan dari yang awalnya ricuh banget sampe bisa jadi seanteng ini keren kamu bang gg aku salut banget sama bang windah semoga kedepannya gini terus yaaa gak cape apa kalian ribut ribut terus adik adik,mantap bang windah memutarbalikkan ricuh banget sampe seanteng keren bang gg salut banget bang windah semoga kedepannya gini yaaa gak cape ribut ribut adik adik,mantap bang windah memutarbalikkan ricuh banget sampe anteng keren bang gg salut banget bang windah moga depan gin yaaa gak cape ribut ribut adik adik,"great, bro, Windah, turning it around, it's really chaotic, until it's cool, bro, gg, really salute you, Bro, Windah, hopefully in the future, gin, don't get tired of making a fuss, brothers and sisters"
Yang nonton dari awal sampai akhir mana nih😅 wkwk,yang nonton dari awal sampai akhir mana nih wkwk,yang nonton dari awal sampai akhir mana nih tertawa,nonton nih tertawa,nonton nih tertawa,I'm laughing watching this
Game pembuat para cewe birahi dan basah,game pembuat para cewe birahi dan basah,game pembuat para cewe birahi dan basah,game pembuat cewe birahi basah,game buat cewe birah basah,game for wet girls
THERE'S NOTHING WRONG❤,theres nothing wrong,theres nothing wrong,theres nothing wrong,theres nothing wrong,there's nothing wrong
"THANK YOU SOOOO MUCH BANG WINDAH UDAH BENERAN MAIN GAME INI🥺🥺 walau banyak huru hara tapi tetap dimainin:( 
I'm really appreciated that
thanks jg bang udh bikin viewers cwe seneng ♡
tetap tegas dan jgn dengerin orang lain yang gasuka kamu bang, just be yourself, its your game, hakmu bang
LOVE PAPA WINDAH ☹️💗

THERE'S NOTHING WRONG WITH THE GAME!!",thank you soooo much bang windah udah beneran main game ini walau banyak huru hara tapi tetap dimainin im really appreciated that thanks jg bang udh bikin viewers cwe seneng tetap tegas dan jgn dengerin orang lain yang gasuka kamu bang just be yourself its your game hakmu bang love papa windah theres nothing wrong with the game,thank you soooo much bang windah sudah beneran main game ini walau banyak huru hara tapi tetap dimainin im really appreciated that thanks juga bang udh bikin viewers cwe seneng tetap tegas dan jgn dengerin orang lain yang gasuka kamu bang just be yourself its your game hakmu bang love papa windah theres nothing wrong with the game,thank you soooo much bang windah beneran main game huru hara dimainin im really appreciated that thanks bang udh bikin viewers cwe seneng jgn dengerin orang gasuka bang just be yourself its your game hakmu bang love papa windah theres nothing wrong with the game,thank you soooo much bang windah beneran main game huru hara dimainin im really appreciated that thanks bang udh bikin viewers cwe neng jgn dengerin orang gasuka bang just be yourself its your game hak bang love papa windah theres nothing wrong with the game,thank you soooo much bro Windah really played the riot game and played it im really appreciated that thanks bro for making viewers cwe neng don't listen to people who don't like it bro just be yourself its your game right bro love papa Windah there's nothing wrong with the game
Thanks ya bang Windah dah mainin game ini :),thanks ya bang windah dah mainin game ini,thanks ya bang windah dah mainin game ini,thanks ya bang windah dah mainin game,thanks ya bang windah dah mainin game,"Thank you bro, Windah for playing the game"
"Seruuuuu,, aku menikmati nya,, nasi ku dari 5hari lalu akhirnya abis juga bang 🤭",seruuuuu aku menikmati nya nasi ku dari hari lalu akhirnya abis juga bang,seruuuuu aku menikmati nya nasi ku dari hari lalu akhirnya abis juga bang,seruuuuu menikmati nya nasi ku abis bang,seruuuuu nikmat nya nasi ku abis bang,"How delicious my rice is, bro"
"TY bang udah mau mainin gamenya, jangan lupa istirahat bangg❤❤❤",ty bang udah mau mainin gamenya jangan lupa istirahat bangg,ty bang sudah mau mainin gamenya jangan lupa istirahat bangg,ty bang mainin gamenya lupa istirahat bangg,ty bang mainin gamenya lupa istirahat bangg,"Ty, bro, playing the game, forgot to take a break, bro"
bang kosplay sylus u ii a,bang kosplay sylus u ii a,bang kosplay sylus u ii a,bang kosplay sylus u ii a,bang kosplay sylus u ii a,bang cosplay sylus u ii a
"nih buat viewers terutama cowok-cowok yang komentar shallow kemaren, denger pesen bang windah 2:58:28. blio aja bisa bijak & respect ke cewek-cewek lho. ini game wholesome. yang mikir aneh2 harus benerin otaknya kata gue, biar ga mikir seksual mulu.",nih buat viewers terutama cowokcowok yang komentar shallow kemaren denger pesen bang windah blio aja bisa bijak respect ke cewekcewek lho ini game wholesome yang mikir aneh harus benerin otaknya kata gue biar ga mikir seksual mulu,nih buat viewers terutama cowokcowok yang komentar shallow kemaren denger pesen bang windah blio saja bisa bijak respect ke cewekcewek lho ini game wholesome yang mikir aneh harus benerin otaknya kata gue biar ga mikir seksual mulu,nih viewers cowokcowok komentar shallow kemaren denger pesen bang windah blio bijak respect cewekcewek lho game wholesome mikir aneh benerin otaknya gue biar ga mikir seksual mulu,nih viewers cowokcowok komentar shallow kemaren denger sen bang windah blio bijak respect cewekcewek lho game wholesome mikir aneh benerin otak gue biar ga mikir seksual mulu,"here are the viewers, guys, guys, shallow comments yesterday, heard sen bang windah blio, wise, respect girls, you know, wholesome games think strangely, fix my brain so I don't think sexually all the time"
"THANK YOU SO MUCH BGG UDH RELAIN DUIT ABANG AMPE 1 JUTA LEBIH(KAYAKNYA) BUAT GAME INI,THANKS UDH NGEBUAT KITA HAPPY❤❤❤",thank you so much bgg udh relain duit abang ampe juta lebihkayaknya buat game inithanks udh ngebuat kita happy,thank you so much bgg udh relain duit abang ampe juta lebihkayaknya buat game inithanks udh ngebuat kita happy,thank you so much bgg udh relain duit abang ampe juta lebihkayaknya game inithanks udh ngebuat happy,thank you so much bgg udh relain duit abang ampe juta lebihkayaknya game inithanks udh ngebuat happy,"Thank you so much, thank you so much for giving me money, bro, up to a million more, I think this game thanks for making me happy"
MAKASIII PAPA BRANDO UDAH TETEP MAININ GIM INII,makasiii papa brando udah tetep mainin gim inii,makasiii papa brando sudah tetep mainin gim inii,makasiii papa brando tetep mainin gim inii,makasiii papa brando tetep mainin gim ini,"Thank you, Papa Brando, for continuing to play this game"
"TERIMAKASIH BANG WINDAH UDAH MAININ GAME LADS🥹❤️❤️❤️❤️❤️
AKU SELALU SUPPORT KAMUU BANG WINDAH❤️❤️🔥🔥",terimakasih bang windah udah mainin game lads aku selalu support kamuu bang windah,terimakasih bang windah sudah mainin game lads aku selalu support kamuu bang windah,terimakasih bang windah mainin game lads support kamuu bang windah,terimakasih bang windah mainin game lads support kamuu bang windah,"Thank you, bro, for playing the game, lads, support you, bro, Windah"
Sayaa,sayaa,sayaa,sayaa,sayaa,I am a
Saya,saya,saya,,,
2:58:28,,,,,
"Pikiranmu pasti mirip kelakuanmu suka liat begituan, ngaca bro.  player cewe pikirannya g sesempit komen&pikiranmu itu",pikiranmu pasti mirip kelakuanmu suka liat begituan ngaca bro player cewe pikirannya g sesempit komenpikiranmu itu,pikiranmu pasti mirip kelakuanmu suka liat begituan ngaca bro player cewe pikirannya g sesempit komenpikiranmu itu,pikiranmu kelakuanmu suka liat begituan ngaca bro player cewe pikirannya g sesempit komenpikiranmu,pikir laku suka liat begitu ngaca bro player cewe pikir g sempit komenpikiranmu,"think well, like looking at it when you look at it, bro, female player, don't think narrowly, your thoughts are narrow"
Emg pada masih bocah aja😂,emg pada masih bocah aja,emg pada masih bocah saja,emg bocah,emg bocah,it's a kid
" @panggilnalaaja  nggak, pada ignorant aja emang. umur mungkin tua, childish secara kelakuan.",panggilnalaaja nggak pada ignorant aja emang umur mungkin tua childish secara kelakuan,panggilnalaaja nggak pada ignorant saja emang umur mungkin tua childish secara kelakuan,panggilnalaaja nggak ignorant emang umur tua childish kelakuan,panggilnalaaja nggak ignorant emang umur tua childish laku,"Just call me nala, I'm not ignorant, it's true that old age is childish"
Fans karbit mereka,fans karbit mereka,fans karbit mereka,fans karbit,fans karbit,carbide fans
"Gw cowok, speechless dengan bang Windah bilang seperti itu 👍 bener-bener menjelaskan",gw cowok speechless dengan bang windah bilang seperti itu benerbener menjelaskan,gw cowok speechless dengan bang windah bilang seperti itu benerbener menjelaskan,gw cowok speechless bang windah bilang benerbener,gw cowok speechless bang windah bilang benerbener,"I'm a speechless guy, bro, Windah said it really"
"Fanbase windah emg gitu, gak ke game ini doang jokes begituan.",fanbase windah emg gitu gak ke game ini doang jokes begituan,fanbase windah emg gitu gak ke game ini doang jokes begituan,fanbase windah emg gitu gak game doang jokes begituan,fanbase windah emg gitu gak game doang jokes begitu,"Windah's fanbase is like that, it's not just a game, it's just jokes like that"
​ @tembakanaeru iya kak harusnya jangan di normalisasikan gasih jokes yang begituan 😔😔 jadi mereka pikir itu hal yang sah2 aja karena cuman jokes belaka,tembakanaeru iya kak harusnya jangan di normalisasikan gasih jokes yang begituan jadi mereka pikir itu hal yang sah aja karena cuman jokes belaka,tembakanaeru iya kak harusnya jangan di normalisasikan gasih jokes yang begituan jadi mereka pikir itu hal yang sah saja karena cuman jokes belaka,tembakanaeru iya kak normalisasikan gasih jokes begituan pikir sah cuman jokes belaka,tembakanaeru iya kak normalisasi gasih jokes begitu pikir sah cuman jokes belaka,"Shotaeru Yes, bro, normalization gives jokes so I think it's just a joke"
"Fomo aja mereka itu, salut Ama bang win ❤",fomo aja mereka itu salut ama bang win,fomo saja mereka itu salut ama bang win,fomo salut ama bang win,fomo salut ama bang win,fomo salute bro win
"Padahal game yg mc nya cowo, yg banyak cewe itu yg p*rno wkw",padahal game yg mc nya cowo yg banyak cewe itu yg prno wkw,padahal game yang mc nya cowo yang banyak cewe itu yang prno tertawa,game mc nya cowo cewe prno tertawa,game mc nya cowo cewe prno tertawa,mc game boys girls prno laugh
up!🤍,up,up,up,up,up
"Bener kak, kocak emng yg pada hujat kemarin",bener kak kocak emng yg pada hujat kemarin,bener kak kocak emng yang pada hujat kemarin,bener kak kocak emng hujat kemarin,bener kak kocak emng hujat kemarin,"It's true, bro, it was really funny when you blasphemed yesterday"
Aku ga begitu kak,aku ga begitu kak,aku ga begitu kak,ga kak,ga kak,no sis
Aku cowok dan gak main itu dah cukup gitu aja,aku cowok dan gak main itu dah cukup gitu aja,aku cowok dan gak main itu dah cukup gitu saja,cowok gak main dah gitu,cowok gak main dah gitu,Guys don't play like that
" @eryoshinori3255  oke, yang nyuruh main siapa? otome emang female-oriented game.",eryoshinori oke yang nyuruh main siapa otome emang femaleoriented game,eryoshinori oke yang nyuruh main siapa otome emang femaleoriented game,eryoshinori oke nyuruh main otome emang femaleoriented game,eryoshinori oke nyuruh main otome emang femaleoriented game,"Eryoshinori, okay, I told you to play otome, it's really a female-oriented game"
 @eryoshinori3255  ga masalah kak. Asal ga ngehina. game ini target pasarnya buat cewe kok. g ada yg salah klo km g mau main. it's normal,eryoshinori ga masalah kak asal ga ngehina game ini target pasarnya buat cewe kok g ada yg salah klo km g mau main its normal,eryoshinori ga masalah kak asal ga ngehina game ini target pasarnya buat cewe kok g ada yang salah klo km g mau main its normal,eryoshinori ga kak ga ngehina game target pasarnya cewe g salah klo km g main its normal,eryoshinori ga kak ga ngehina game target pasar cewe g salah klo km g main its normal,"Eryoshinori, bro, you're not insulting the game's target market for girls. It's not wrong if you don't play it normally"
"​ @eryoshinori3255  yg nyuruh lu main siapa ,gubluq",eryoshinori yg nyuruh lu main siapa gubluq,eryoshinori yang nyuruh lu main siapa gubluq,eryoshinori nyuruh lu main gubluq,eryoshinori nyuruh lu main gubluq,Eryoshinori told you to play gubluq
Tetap Mole adalah Raja dari semua game di dunia karena player nya paling banyak 1 milyar 🥱,tetap mole adalah raja dari semua game di dunia karena player nya paling banyak milyar,tetap mole adalah raja dari semua game di dunia karena player nya paling banyak milyar,mole raja game dunia player nya milyar,mole raja game dunia player nya milyar,Mole is the king of world games with billions of players
​ @Istri_SchwarzerrRitter  apasih kocak,istrischwarzerrritter apasih kocak,istrischwarzerrritter apasih kocak,istrischwarzerrritter apasih kocak,istrischwarzerrritter apasih kocak,Isisschwarzerrritter what's so funny
​ @Istri_SchwarzerrRitter  ngapa jadi mole dh😂😂,istrischwarzerrritter ngapa jadi mole dh,istrischwarzerrritter ngapa jadi mole dh,istrischwarzerrritter ngapa mole dh,istrischwarzerrritter ngapa mole dh,wifeschwarzerrritter why mole dh
Fomo,fomo,fomo,fomo,fomo,fomo
"Masalahnya gamenya target pemain cewe, makanya pada bilang J-Word, itu jokes aja si",masalahnya gamenya target pemain cewe makanya pada bilang jword itu jokes aja si,masalahnya gamenya target pemain cewe makanya pada bilang jword itu jokes saja si,gamenya target pemain cewe bilang jword jokes si,gamenya target main cewe bilang jword jokes si,The target game is that girls say jword jokes
" @helmiyahya6505  jokes yang annoying sih. streamers main game bukan main untuk kesenangan pribadi, mereka bukannya self-insert jadi mc ceweknya. streamer cewek banyak juga yang main male-oriented dating game kayak miside, love is all around, under one roof dll. apa lantas mereka lesbi? gak, karena mereka main buat entertain audience.",helmiyahya jokes yang annoying sih streamers main game bukan main untuk kesenangan pribadi mereka bukannya selfinsert jadi mc ceweknya streamer cewek banyak juga yang main maleoriented dating game kayak miside love is all around under one roof dll apa lantas mereka lesbi gak karena mereka main buat entertain audience,helmiyahya jokes yang annoying sih streamers main game bukan main untuk kesenangan pribadi mereka bukannya selfinsert jadi mc ceweknya streamer cewek banyak juga yang main maleoriented dating game kayak miside love is all around under one roof dll apa lantas mereka lesbi gak karena mereka main buat entertain audience,helmiyahya jokes annoying sih streamers main game main kesenangan pribadi selfinsert mc ceweknya streamer cewek main maleoriented dating game kayak miside love is all around under one roof dll lantas lesbi gak main entertain audience,helmiyahya jokes annoying sih streamers main game main senang pribadi selfinsert mc cewek streamer cewek main maleoriented dating game kayak miside love is all around under one roof dll lantas lesbi gak main entertain audience,"Helmiyahya jokes are annoying, streamers play games, play for personal pleasure, self-insert mc, girls, streamers, girls play male-oriented dating games like miside, love is all around under one roof, etc. then lesbians don't play, entertain the audience"
​ @helmiyahya6505  jokes are supposed to be funny tho,helmiyahya jokes are supposed to be funny tho,helmiyahya jokes are supposed to be funny tho,helmiyahya jokes are supposed to be funny tho,helmiyahya jokes are supposed to be funny tho,helmiyahya jokes are supposed to be funny tho
​​ @helmiyahya6505 sbnrnya yg dipermasalahin bukan j-word nya aja tp lebih ke pas itu banyak viewer cowo komen gak senonoh soal player ceweknya,helmiyahya sbnrnya yg dipermasalahin bukan jword nya aja tp lebih ke pas itu banyak viewer cowo komen gak senonoh soal player ceweknya,helmiyahya sbnrnya yang dipermasalahin bukan jword nya saja tp lebih ke pas itu banyak viewer cowo komen gak senonoh soal player ceweknya,helmiyahya sbnrnya dipermasalahin jword nya tp pas viewer cowo komen gak senonoh player ceweknya,helmiyahya sbnrnya dipermasalahin jword nya tp pas viewer cowo komen gak senonoh player cewek,Helmiyahya actually questioned the jword but when a male viewer made an indecent comment on a female player
Kocak,kocak,kocak,kocak,kocak,hilarious
" @kevinprayuda8568  dari recent komen, otak lo emang cuma ewa ewe padahal gak tau gamenya kek gimana.",kevinprayuda dari recent komen otak lo emang cuma ewa ewe padahal gak tau gamenya kek gimana,kevinprayuda dari recent komen otak lo emang cuma ewa ewe padahal gak tau gamenya seperti gimana,kevinprayuda recent komen otak lo emang ewa ewe gak tau gamenya gimana,kevinprayuda recent komen otak lo emang ewa ewe gak tau gamenya gimana,"kevinprayuda recent comment, your brain is really ewa ewe don't know how to play the game"
Thank you so much bang udah mainin game LADS🙏🏻💗💗,thank you so much bang udah mainin game lads,thank you so much bang sudah mainin game lads,thank you so much bang mainin game lads,thank you so much bang mainin game lads,"thank you so much bro, play the game lads"
"Makasih bang windah🏃🏻‍♀️🔥, buat review baiknya yang sangat positif itu<33 sebagai istrinya Zayne aku bangga suami ku jadi fav nya kamu bang hehe😋🤏🏻🫶🏻❄️❄️",makasih bang windah buat review baiknya yang sangat positif itu sebagai istrinya zayne aku bangga suami ku jadi fav nya kamu bang hehe,makasih bang windah buat review baiknya yang sangat positif itu sebagai istrinya zayne aku bangga suami ku jadi fav nya kamu bang hehe,makasih bang windah review baiknya positif istrinya zayne bangga suami ku fav nya bang hehe,makasih bang windah review baik positif istri zayne bangga suami ku fav nya bang hehe,"Thank you bro, Windah, good positive review, Zayne's wife is proud, my husband is her fav, bro, hehe"
MAKASIH BANGG ATAS REVIEW POSITIF NYAA🤗🤗🤗🫶🏻🫶🏻🫶🏻🫶🏻,makasih bangg atas review positif nyaa,makasih bangg atas review positif nyaa,makasih bangg review positif nyaa,makasih bangg review positif nyaa,Thank you very much for the positive review
"Terimakasih banyak bang sudah memainkan game favorit sayaaa. Terimakasih juga sudah meng-respect walaupun di  live chat masih banyak yang kurang enak untuk dibaca tapi saya tidak sekecewa itu. Saya berharap banget dengan bang windah memainkan game ini bisa mengajarkan pada kita bagaimana cara memperlakukan pasangan kita. Semoga sehat selalu bang jangan lupa istirahat 🖐️ 
—istri zayne aowkaowkaowkwow(rill coy)",terimakasih banyak bang sudah memainkan game favorit sayaaa terimakasih juga sudah mengrespect walaupun di live chat masih banyak yang kurang enak untuk dibaca tapi saya tidak sekecewa itu saya berharap banget dengan bang windah memainkan game ini bisa mengajarkan pada kita bagaimana cara memperlakukan pasangan kita semoga sehat selalu bang jangan lupa istirahat istri zayne aowkaowkaowkwowrill coy,terimakasih banyak bang sudah memainkan game favorit sayaaa terimakasih juga sudah mengrespect walaupun di live chat masih banyak yang kurang enak untuk dibaca tapi saya tidak sekecewa itu saya berharap banget dengan bang windah memainkan game ini bisa mengajarkan pada kita bagaimana cara memperlakukan pasangan kita semoga sehat selalu bang jangan lupa istirahat istri zayne aowkaowkaowkwowrill coy,terimakasih bang memainkan game favorit sayaaa terimakasih mengrespect live chat enak dibaca sekecewa berharap banget bang windah memainkan game mengajarkan memperlakukan pasangan semoga sehat bang lupa istirahat istri zayne aowkaowkaowkwowrill coy,terimakasih bang main game favorit sayaaa terimakasih mengrespect live chat enak baca kecewa harap banget bang windah main game ajar laku pasang moga sehat bang lupa istirahat istri zayne aowkaowkaowkwowrill coy,"Thank you, bro, playing my favorite game, thank you, respecting the live chat, nice to read, really disappointed, bro, Windah, playing the game, teaching and selling, hope you're healthy, bro, forgot to rest, Zayne's wife, aowkaowkaowkwowrill, coy"
"MAKASIH BANG UDH MAU MAININ GAME INI, Jangan lupa story caleb nya bang",makasih bang udh mau mainin game ini jangan lupa story caleb nya bang,makasih bang udh mau mainin game ini jangan lupa story caleb nya bang,makasih bang udh mainin game lupa story caleb nya bang,makasih bang udh mainin game lupa story caleb nya bang,"Thank you, bro, for playing the game, I forgot Caleb's story, bro"
kami tunggu untuk kelanjutannya ya bang di story Caleb,kami tunggu untuk kelanjutannya ya bang di story caleb,kami tunggu untuk kelanjutannya ya bang di story caleb,tunggu kelanjutannya ya bang story caleb,tunggu lanjut ya bang story caleb,"Wait for the continuation, bro, Caleb's story"
"Makasih udah mainin bg, aku juga mauu main ini tapi hp ku ga mendukung untung kamu main bg",makasih udah mainin bg aku juga mauu main ini tapi hp ku ga mendukung untung kamu main bg,makasih sudah mainin bang aku juga mauu main ini tapi hp ku ga mendukung untung kamu main bang,makasih mainin bang mauu main hp ku ga mendukung untung main bang,makasih mainin bang mauu main hp ku ga dukung untung main bang,"Thank you for playing, bro, I want to play on my cellphone, it doesn't support playing, bro"
3:03:29 emng gitu liriknya kocak moment😂,emng gitu liriknya kocak moment,emng gitu liriknya kocak moment,emng gitu liriknya kocak moment,emng gitu lirik kocak moment,That's a really funny lyric
"""THERE'S NOTHING WRONG WITH THIS GAME""  -Windah

Thank u, Bang Windah. Atas kerja kerasnya, banyak halangannya buat main game ini. bahkan nyoba berkali² coba buat main dan sempet atur mundur juga karna alasan tertentu.

Thank u & full respect for u, bg windah.",theres nothing wrong with this game windah thank u bang windah atas kerja kerasnya banyak halangannya buat main game ini bahkan nyoba berkali coba buat main dan sempet atur mundur juga karna alasan tertentu thank u full respect for u bg windah,theres nothing wrong with this game windah thank u bang windah atas kerja kerasnya banyak halangannya buat main game ini bahkan nyoba berkali coba buat main dan sempet atur mundur juga karna alasan tertentu thank u full respect for u bang windah,theres nothing wrong with this game windah thank u bang windah kerja kerasnya halangannya main game nyoba berkali coba main sempet atur mundur karna alasan thank u full respect for u bang windah,theres nothing wrong with this game windah thank u bang windah kerja keras halang main game nyoba kali coba main sempet atur mundur karna alas thank u full respect for u bang windah,there's nothing wrong with this game Windah
"314K VIEWERS JUST IN 3 HOURS, DANGGG",k viewers just in hours danggg,k viewers just in hours danggg,k viewers just in hours danggg,k viewers just in hours danggg,k viewers just in hours danggg
Makasih bang windah udah main di banner sekarang❤,makasih bang windah udah main di banner sekarang,makasih bang windah sudah main di banner sekarang,makasih bang windah main banner,makasih bang windah main banner,"Thank you bro, Windah for playing the banner"
SAYANG BANG WINDAH,sayang bang windah,sayang bang windah,sayang bang windah,sayang bang windah,dear bro windah
"Makasihhh bang windahhh udah mainin ini, SENENG BANGETTTTT😭
Abaikan yg caper bang jgn lupa istirahat, SAYANGGG PAPA BRANDOO BANYAK BANYAAAKKK! ❤️❤️❤️",makasihhh bang windahhh udah mainin ini seneng bangettttt abaikan yg caper bang jgn lupa istirahat sayanggg papa brandoo banyak banyaaakkk,makasihhh bang windahhh sudah mainin ini seneng bangettttt abaikan yang caper bang jgn lupa istirahat sayanggg papa brandoo banyak banyaaakkk,makasihhh bang windahhh mainin seneng bangettttt abaikan caper bang jgn lupa istirahat sayanggg papa brandoo banyaaakkk,makasihhh bang windahhh mainin neng bangettttt abai caper bang jgn lupa istirahat sayanggg papa brandoo banyaaakkk,"Thank you, bro, Windahhh, I really play, don't forget the capers, bro, don't forget to rest, darling, Papa Brandoo, lots of it"
"Akhirnya diabsen 😄 makasih bang dh mainn, next ditunggu part 2 nya",akhirnya diabsen makasih bang dh mainn next ditunggu part nya,akhirnya diabsen makasih bang dh mainn next ditunggu part nya,diabsen makasih bang dh mainn next ditunggu part nya,absen makasih bang dh mainn next tunggu part nya,"absent, thanks bro, let's play next, wait for the part"
Yeyyy aku suka game otome dating simulator bang,yeyyy aku suka game otome dating simulator bang,yeyyy aku suka game otome dating simulator bang,yeyyy suka game otome dating simulator bang,yeyyy suka game otome dating simulator bang,"Yeyyy, I like otome dating simulator games, bro"
kebanyakan pr langsung comen wkwkwk,kebanyakan pr langsung comen wkwkwk,kebanyakan pr langsung comen tertawa,kebanyakan pr langsung comen tertawa,banyak pr langsung comen tertawa,lots of homework immediately came and laughed
Kalau bisa Lanjutkan sampai tamat bang ❤❤❤,kalau bisa lanjutkan sampai tamat bang,kalau bisa lanjutkan sampai tamat bang,lanjutkan tamat bang,lanjut tamat bang,"keep going, bro"
TERIMAKASIIHHH BANYAK BANGG WINDAH ❤ LOVE YOUUUUH ✨🔥💖,terimakasiihhh banyak bangg windah love youuuuh,terimakasiihhh banyak bangg windah love youuuuh,terimakasiihhh bangg windah love youuuuh,terimakasiihhh bangg windah love youuuuh,"thank you, proud windah, love youuuuh"
"Kita mempunyai adab ketimuran yg selalu di jungjung dari jaman dahulu,ini game ga cocok di negara kita",kita mempunyai adab ketimuran yg selalu di jungjung dari jaman dahuluini game ga cocok di negara kita,kita mempunyai adab ketimuran yang selalu di jungjung dari jaman dahuluini game ga cocok di negara kita,adab ketimuran jungjung jaman dahuluini game ga cocok negara,adab timur jungjung jaman dahuluini game ga cocok negara,"Ancient Eastern traditions, this game is not suitable for the country"
bang aku terharu sama kamu udah mau mainin game ini tanpa nge judge sama sekali!!!,bang aku terharu sama kamu udah mau mainin game ini tanpa nge judge sama sekali,bang aku terharu sama kamu sudah mau mainin game ini tanpa nge judge sama sekali,bang terharu mainin game nge judge,bang haru mainin game nge judge,"Bro, I have to play the judging game"
"For riil, gak ada yang salah sama gamenya, yang kocak emang yang gak paham aja gameplay aslinya gimana. Cuma tau menghujat dan jomakjomok doang taunya 🙂🙂🙂",for riil gak ada yang salah sama gamenya yang kocak emang yang gak paham aja gameplay aslinya gimana cuma tau menghujat dan jomakjomok doang taunya,for riil gak ada yang salah sama gamenya yang kocak emang yang gak paham saja gameplay aslinya gimana cuma tau menghujat dan jomakjomok doang taunya,for riil gak salah gamenya kocak emang gak paham gameplay aslinya gimana tau menghujat jomakjomok doang taunya,for riil gak salah gamenya kocak emang gak paham gameplay asli gimana tau hujat jomakjomok doang tau,"for real, it's not wrong, the game is hilarious, I don't really understand the original gameplay, how do you know how to blaspheme Jomakjomok?"
Ga ada yg komen kah? Aku duluan ya,ga ada yg komen kah aku duluan ya,ga ada yang komen kah aku duluan ya,ga komen kah duluan ya,ga komen kah duluan ya,"Don't comment first, okay?"
"Aku sebagai cewek gamers yg suka game moba,fps dan open world, jd tertarik main game ini karena liat bang Windah main😂
Btw bukan gasuka game ini sebelumnya, tp dulu kupikir kayak game simulasi dating lainnya, banyak story dikit actionnya , tp liat ini td gilak ternyata battle di LADS keren gitu, otw download deh😅",aku sebagai cewek gamers yg suka game mobafps dan open world jd tertarik main game ini karena liat bang windah main btw bukan gasuka game ini sebelumnya tp dulu kupikir kayak game simulasi dating lainnya banyak story dikit actionnya tp liat ini td gilak ternyata battle di lads keren gitu otw download deh,aku sebagai cewek gamers yang suka game mobafps dan open world jd tertarik main game ini karena liat bang windah main by the way bukan gasuka game ini sebelumnya tp dulu kupikir kayak game simulasi dating lainnya banyak story dikit actionnya tp liat ini td gilak ternyata battle di lads keren gitu otw download deh,cewek gamers suka game mobafps open world jd tertarik main game liat bang windah main by the way gasuka game tp kupikir kayak game simulasi dating story dikit actionnya tp liat td gilak battle lads keren gitu otw download deh,cewek gamers suka game mobafps open world jd tarik main game liat bang windah main by the way gasuka game tp pikir kayak game simulasi dating story dikit actionnya tp liat td gilak battle lads keren gitu otw download deh,"Gamer girls like the mobafps open world game so it's interesting to play the game, look at it, bro, windah plays it by the way, don't like the game but think it's like a dating story simulation game, a little bit of action, but look at it, it's crazy, the battle lads are so cool, otw, download it"
Setujuuu,setujuuu,setujuuu,setujuuu,setujuuu,I agree
alay lu,alay lu,alay lu,alay lu,alay lu,you're joking
"makasih banyak bang sudah main game ini dengan baik dan positif tanpa merendahkan cwe, jangan lupa istirahat ya bangg❤",makasih banyak bang sudah main game ini dengan baik dan positif tanpa merendahkan cwe jangan lupa istirahat ya bangg,makasih banyak bang sudah main game ini dengan baik dan positif tanpa merendahkan cwe jangan lupa istirahat ya bangg,makasih bang main game positif merendahkan cwe lupa istirahat ya bangg,makasih bang main game positif rendah cwe lupa istirahat ya bangg,"Thanks bro for playing a low positive game, you forgot to take a break, bro"
"bang makasih udah main ini bang, gue jadi tau gimana isi game nya soalnya gue jg pengen main tapi kehalang hp kentank. gue cuma kenal cowo2nya dan pas kamu main gue enjoy banget ngikutin story nya bang, seneng banget liat mereka soalnya pada ganteng2. Makasih banget bang, respect🫡",bang makasih udah main ini bang gue jadi tau gimana isi game nya soalnya gue jg pengen main tapi kehalang hp kentank gue cuma kenal cowonya dan pas kamu main gue enjoy banget ngikutin story nya bang seneng banget liat mereka soalnya pada ganteng makasih banget bang respect,bang makasih sudah main ini bang gue jadi tau gimana isi game nya soalnya gue juga pengen main tapi kehalang hp kentank gue cuma kenal cowonya dan pas kamu main gue enjoy banget ngikutin story nya bang seneng banget liat mereka soalnya pada ganteng makasih banget bang respect,bang makasih main bang gue tau gimana isi game nya gue pengen main kehalang hp kentank gue kenal cowonya pas main gue enjoy banget ngikutin story nya bang seneng banget liat ganteng makasih banget bang respect,bang makasih main bang gue tau gimana isi game nya gue ken main halang hp kentank gue kenal cowonya pas main gue enjoy banget ngikutin story nya bang neng banget liat ganteng makasih banget bang respect,"bro, thanks for playing, bro, I know what the content of the game is, I like to play, block the cell phone, I know the guy while playing, I really enjoy following the story, bro, I really look handsome, thank you very much, bro, respect"
"UBUR UBUR IKAN LELE
THANKS YA LEE❤❤",ubur ubur ikan lele thanks ya lee,ubur ubur ikan lele thanks ya lee,ubur ubur ikan lele thanks ya lee,ubur ubur ikan lele thanks ya lee,"catfish jellyfish thanks, Lee"
Bang lanjut story caleb bang,bang lanjut story caleb bang,bang lanjut story caleb bang,bang story caleb bang,bang story caleb bang,"bro, caleb's story bro"
nonton sampe 2 kali ketiduran,nonton sampe kali ketiduran,nonton sampe kali ketiduran,nonton sampe kali ketiduran,nonton sampe kali tidur,watched until I fell asleep
"MAKAASIIIII ABANGGG UDAHHH MAINNNN INIIII, WE LOVE YOUUUUUUUUUUU",makaasiiiii abanggg udahhh mainnnn iniiii we love youuuuuuuuuuu,makaasiiiii abanggg udahhh mainnnn iniiii we love youuuuuuuuuuu,makaasiiiii abanggg udahhh mainnnn iniiii we love youuuuuuuuuuu,makaasiiiii abanggg udahhh mainnnn iniiii we love youuuuuuuuuuu,"Thank you bro, I've played this game, we love youuuuuuuuuuu"
"BANG THANK YOU SO MUCH KAMU SUDAH MAINKAN GAME SAFE PLACENYA CIWI CIWI, BTW AKU JUGA CWK FANS BERAT KAMU BANG🥰 BANG NEXT KAMU HARUS TAMATKAN GAME INI DAN KAMU HARUS BUKA / MAININ STORY NYA SAMPE END🔥🔥 GG KAMU BANH",bang thank you so much kamu sudah mainkan game safe placenya ciwi ciwi btw aku juga cwk fans berat kamu bang bang next kamu harus tamatkan game ini dan kamu harus buka mainin story nya sampe end gg kamu banh,bang thank you so much kamu sudah mainkan game safe placenya ciwi ciwi by the way aku juga cwk fans berat kamu bang bang next kamu harus tamatkan game ini dan kamu harus buka mainin story nya sampe end gg kamu banh,bang thank you so much mainkan game safe placenya ciwi ciwi by the way cwk fans berat bang bang next tamatkan game buka mainin story nya sampe end gg banh,bang thank you so much main game safe placenya ciwi ciwi by the way cwk fans berat bang bang next tamat game buka mainin story nya sampe end gg banh,bro thank you so much play the safe place game ciwi ciwi by the way cwk big fan bro next time you finish the game open play the story until the end gg banh
MAKASIH BANG WINDAH TERHARU BANGET SAMA KATA2NYA PLEASEEE HUHU LOVEEE 💘💗🥹🥺🫰🏻💟,makasih bang windah terharu banget sama katanya pleaseee huhu loveee,makasih bang windah terharu banget sama katanya pleaseee huhu loveee,makasih bang windah terharu banget pleaseee huhu loveee,makasih bang windah haru banget pleaseee huhu loveee,"Thank you bro, Windah, I'm really touched, pleaseee huhu loveee"
Makasih ya abang sudah mainin ini game dengan baik&respect dengan player cewe² disini 🤗,makasih ya abang sudah mainin ini game dengan baikrespect dengan player cewe disini,makasih ya abang sudah mainin ini game dengan baikrespect dengan player cewe disini,makasih ya abang mainin game baikrespect player cewe,makasih ya abang mainin game baikrespect player cewe,"Thank you bro, play the game well, respect female players"
Wow,wow,wow,wow,wow,wow
bang aku lapar,bang aku lapar,bang aku lapar,bang lapar,bang lapar,bro hungry
pokoknya harus lanjut banggg,pokoknya harus lanjut banggg,pokoknya harus lanjut banggg,pokoknya banggg,pokok banggg,great tree
lanjutin story nya banggg 🙌,lanjutin story nya banggg,lanjutin story nya banggg,lanjutin story nya banggg,lanjutin story nya banggg,Continue the story bro
"Kalian bisa belajar bagaimana menjadi cowo dan cewe yang baik dari game Love and DeepSpace ini guys😘apalagi cowo yang seperti Zayne, good boy, green flag, gentleman❤

terimakasih papa winda sudah memainkan game ini dan memberikan rating 9,5 dan bintang 5❤❤❤",kalian bisa belajar bagaimana menjadi cowo dan cewe yang baik dari game love and deepspace ini guysapalagi cowo yang seperti zayne good boy green flag gentleman terimakasih papa winda sudah memainkan game ini dan memberikan rating dan bintang,kalian bisa belajar bagaimana menjadi cowo dan cewe yang baik dari game love and deepspace ini guysapalagi cowo yang seperti zayne good boy green flag gentleman terimakasih papa winda sudah memainkan game ini dan memberikan rating dan bintang,belajar cowo cewe game love and deepspace guysapalagi cowo zayne good boy green flag gentleman terimakasih papa winda memainkan game rating bintang,ajar cowo cewe game love and deepspace guysapalagi cowo zayne good boy green flag gentleman terimakasih papa winda main game rating bintang,teach boys girls games love and deepspace guys especially boys zayne good boy green flag gentleman thank you papa winda play the game star rating
MAKASIH BANG WINDAH UDAH MAININ LOVE AND DEEPSPACE💗💓❤️,makasih bang windah udah mainin love and deepspace,makasih bang windah sudah mainin love and deepspace,makasih bang windah mainin love and deepspace,makasih bang windah mainin love and deepspace,"Thank you bro, Windah, play love and deepspace"
Woooooooooooooooow!!!!!!!!!!!!!!!!!!!!,woooooooooooooooow,woooooooooooooooow,woooooooooooooooow,woooooooooooooooow,woooooooooooooooooow
Evelyn selamat datang sebagai Zayne girlies,evelyn selamat datang sebagai zayne girlies,evelyn selamat datang sebagai zayne girlies,evelyn selamat zayne girlies,evelyn selamat zayne girlies,evelyn congratulations zayne girlies
Kamu ganteng mirip Zayne bang❤😊,kamu ganteng mirip zayne bang,kamu ganteng mirip zayne bang,ganteng zayne bang,ganteng zayne bang,Zayne is handsome bro
"Terima kasih banyak bang Windah udah review game nya! makasih banyak juga udah spare waktu nya  3 jam untuk nyobain sampai topup 1 juta lebih. Seneng mostly cewek-cewek nonton dengan nyaman walaupun masih ada nyempil yg aneh, tapi gapapa overall live nya buat viewers cewek baik player maupun yang penasaran game nya lebih nyaman! 


Sukses terus bang Windah!",terima kasih banyak bang windah udah review game nya makasih banyak juga udah spare waktu nya jam untuk nyobain sampai topup juta lebih seneng mostly cewekcewek nonton dengan nyaman walaupun masih ada nyempil yg aneh tapi gapapa overall live nya buat viewers cewek baik player maupun yang penasaran game nya lebih nyaman sukses terus bang windah,terima kasih banyak bang windah sudah review game nya makasih banyak juga sudah spare waktu nya jam untuk nyobain sampai topup juta lebih seneng mostly cewekcewek nonton dengan nyaman walaupun masih ada nyempil yang aneh tapi gapapa overall live nya buat viewers cewek baik player maupun yang penasaran game nya lebih nyaman sukses terus bang windah,terima kasih bang windah review game nya makasih spare nya jam nyobain topup juta seneng mostly cewekcewek nonton nyaman nyempil aneh gapapa overall live nya viewers cewek player penasaran game nya nyaman sukses bang windah,terima kasih bang windah review game nya makasih spare nya jam nyobain topup juta neng mostly cewekcewek nonton nyaman nyempil aneh gapapa overall live nya viewers cewek player penasaran game nya nyaman sukses bang windah,"Thank you, bro, Windah, review the game. Thank you for the spare hours. Try topping up a million. Mostly girls watch, comfortable, looking strange, it's okay, overall, live, female viewers, players, curious, the game is comfortable, successful, bro, Windah."
TYSM BANG!! AKU SENANG BANGET🥺🥺,tysm bang aku senang banget,tysm bang aku senang banget,tysm bang senang banget,tysm bang senang banget,Tysm bro is really happy
kenapa terharu,kenapa terharu,kenapa terharu,terharu,haru,emotional
brooo? ini dunia game yg karakter nya udh di build sebagus dan seperfect mungkin. dunia game ga bsa di jadiin referensi buat dunia nyata. dunia fantasi biarin ada di dunianya gausah dibawa ke rl wkwk. manusia pasti ada sifat redflagnya kali. ga ada manusia yg sempurna 😂,brooo ini dunia game yg karakter nya udh di build sebagus dan seperfect mungkin dunia game ga bsa di jadiin referensi buat dunia nyata dunia fantasi biarin ada di dunianya gausah dibawa ke rl wkwk manusia pasti ada sifat redflagnya kali ga ada manusia yg sempurna,brooo ini dunia game yang karakter nya udh di build sebagus dan seperfect mungkin dunia game ga bsa di jadiin referensi buat dunia nyata dunia fantasi biarin ada di dunianya gausah dibawa ke rl tertawa manusia pasti ada sifat redflagnya kali ga ada manusia yang sempurna,brooo dunia game karakter nya udh build sebagus seperfect dunia game ga bsa jadiin referensi dunia nyata dunia fantasi biarin dunianya gausah dibawa rl tertawa manusia sifat redflagnya kali ga manusia sempurna,brooo dunia game karakter nya udh build bagus seperfect dunia game ga bsa jadiin referensi dunia nyata dunia fantasi biarin dunia gausah bawa rl tertawa manusia sifat redflagnya kali ga manusia sempurna,"bro, the game world of the characters has been built well, perfect"
"​ @HanX9300 semua hal di dunia ini bisa di ambil pelajaran ny,klo pemahaman lu ky gtu,lu gk akan pernah bisa maju mas",hanx semua hal di dunia ini bisa di ambil pelajaran nyklo pemahaman lu ky gtulu gk akan pernah bisa maju mas,hanx semua hal di dunia ini bisa di ambil pelajaran nyklo pemahaman lu ky gtulu gk akan pernah bisa maju mas,hanx dunia ambil pelajaran nyklo pemahaman lu ky gtulu gk maju mas,hanx dunia ambil ajar nyklo paham lu ky gtulu gk maju mas,"Hanx, the world will take a lesson, if you understand, then you won't progress, bro"
Anjr wowkwowkwo iya lagi😭,anjr wowkwowkwo iya lagi,anjr wowkwowkwo iya lagi,anjr wowkwowkwo iya,anjr wowkwowkwo iya,anjr wowkwowkwo yes
"Dunia utopia, gak akan terwujud",dunia utopia gak akan terwujud,dunia utopia gak akan terwujud,dunia utopia gak terwujud,dunia utopia gak wujud,The world of utopia does not exist
Intinya fandom game nya kalo gak koar koar ya adem adem aja kek gini cuma ya fandom nya ngelarang mungkin ya soal banner nya yang agak gak pantes buat di live kasian bang windah kena kecaman ama fandom nya banyak yang jelek jelek in giliran udh di live in komen nya juga biasa aja kek live biasa fandom nya aja takut sampek jelek jelek in orang,intinya fandom game nya kalo gak koar koar ya adem adem aja kek gini cuma ya fandom nya ngelarang mungkin ya soal banner nya yang agak gak pantes buat di live kasian bang windah kena kecaman ama fandom nya banyak yang jelek jelek in giliran udh di live in komen nya juga biasa aja kek live biasa fandom nya aja takut sampek jelek jelek in orang,intinya fandom game nya kalo gak koar koar ya adem adem saja seperti gini cuma ya fandom nya ngelarang mungkin ya soal banner nya yang agak gak pantes buat di live kasian bang windah kena kecaman ama fandom nya banyak yang jelek jelek in giliran udh di live in komen nya juga biasa saja seperti live biasa fandom nya saja takut sampek jelek jelek in orang,intinya fandom game nya kalo gak koar koar ya adem adem gini ya fandom nya ngelarang ya banner nya gak pantes live kasian bang windah kena kecaman ama fandom nya jelek jelek in giliran udh live in komen nya live fandom nya takut sampek jelek jelek in orang,inti fandom game nya kalo gak koar koar ya adem adem gin ya fandom nya ngelarang ya banner nya gak pantes live kasi bang windah kena kecam ama fandom nya jelek jelek in gilir udh live in komen nya live fandom nya takut sampek jelek jelek in orang,"The essence of gaming fandom is that if you don't shout loudly, it's cool, it's cool, yes, the fandom is banning it, yes, the banner is not appropriate, live, bro, Windah has been criticized by the fandom, it's bad, it's bad, it's time to go live, the comments are live, the fandom is afraid it will be bad, it's bad, people"
LUCU BGT BG WINDAH MAIN❤,lucu bgt bg windah main,lucu banget bang windah main,lucu banget bang windah main,lucu banget bang windah main,"It's really funny, bro, it's beautiful to play"
LUCU BGT BG WINDAH MAIN❤,lucu bgt bg windah main,lucu banget bang windah main,lucu banget bang windah main,lucu banget bang windah main,"It's really funny, bro, it's beautiful to play"
LANJUT PART 2 BANG REVIEW CALEB PLSS,lanjut part bang review caleb plss,lanjut part bang review caleb plss,part bang review caleb plss,part bang review caleb plss,part bang review caleb plss
LUCU BGT BG WINDAH MAIN,lucu bgt bg windah main,lucu banget bang windah main,lucu banget bang windah main,lucu banget bang windah main,"It's really funny, bro, it's beautiful to play"
LUCU BGT BG WINDAH MAIN❤,lucu bgt bg windah main,lucu banget bang windah main,lucu banget bang windah main,lucu banget bang windah main,"It's really funny, bro, it's beautiful to play"
"makasih bang udah ngajarin aku cara jadi cowo sigma, sekarang Rose blackpink udah jadi pacar aku",makasih bang udah ngajarin aku cara jadi cowo sigma sekarang rose blackpink udah jadi pacar aku,makasih bang sudah ngajarin aku cara jadi cowo sigma sekarang rose blackpink sudah jadi pacar aku,makasih bang ngajarin cowo sigma rose blackpink pacar,makasih bang ngajarin cowo sigma rose blackpink pacar,Thank you bro for teaching Sigma Rose Blackpink boyfriend
"thank you bang udah mainin game ini, walaupun banyak cowok² atau fans² yg gak mendukung, tp kamu gk peduliin semua komentar itu dan tetap main gamenya demi nunjukin ke fans cewek² bang windah. sekali lagi thankyou bang🤗",thank you bang udah mainin game ini walaupun banyak cowok atau fans yg gak mendukung tp kamu gk peduliin semua komentar itu dan tetap main gamenya demi nunjukin ke fans cewek bang windah sekali lagi thankyou bang,thank you bang sudah mainin game ini walaupun banyak cowok atau fans yang gak mendukung tp kamu gk peduliin semua komentar itu dan tetap main gamenya demi nunjukin ke fans cewek bang windah sekali lagi thankyou bang,thank you bang mainin game cowok fans gak mendukung tp gk peduliin komentar main gamenya nunjukin fans cewek bang windah thankyou bang,thank you bang mainin game cowok fans gak dukung tp gk peduliin komentar main gamenya nunjukin fans cewek bang windah thankyou bang,Thanks bro
"MAKASIH BANYAK BANGGG UDAH MAUUU MUASIN HASRATT VIEWER CEWE, i hope you are always healthy and happy👐🏻, makasih banyak ya bangggg, btw salam dari cewe zaynee ❄️❄️❄️❄️❄️",makasih banyak banggg udah mauuu muasin hasratt viewer cewe i hope you are always healthy and happy makasih banyak ya bangggg btw salam dari cewe zaynee,makasih banyak banggg sudah mauuu muasin hasratt viewer cewe i hope you are always healthy and happy makasih banyak ya bangggg by the way salam dari cewe zaynee,makasih banggg mauuu muasin hasratt viewer cewe i hope you are always healthy and happy makasih ya bangggg by the way salam cewe zaynee,makasih banggg mauuu muasin hasratt viewer cewe i hope you are always healthy and happy makasih ya bangggg by the way salam cewe zaynee,"Thank you bro, I want to satisfy the desires of female viewers, I hope you are always healthy and happy, thank you bro, by the way, greetings, Zaynee girls"
"Akhirnya yang ditunggu tunggu xixi.
Terima kasih untuk bang windah yang sudah memainkan game ini🥰🤗🙌🩷
Btw lanjutin Caleb ya bang",akhirnya yang ditunggu tunggu xixi terima kasih untuk bang windah yang sudah memainkan game ini btw lanjutin caleb ya bang,akhirnya yang ditunggu tunggu xixi terima kasih untuk bang windah yang sudah memainkan game ini by the way lanjutin caleb ya bang,ditunggu tunggu xixi terima kasih bang windah memainkan game by the way lanjutin caleb ya bang,tunggu tunggu xixi terima kasih bang windah main game by the way lanjutin caleb ya bang,"wait, wait, xixi, thank you, bro, Windah, play the game by the way, keep going, Caleb, bro"
kmu keren bang suka ss ss,kmu keren bang suka ss ss,kmu keren bang suka ss ss,kmu keren bang suka ss ss,kmu keren bang suka ss ss,you're cool bro like ss ss
"MAKASIH BANGG, AKU ENJOY BGT NONTONNYA",makasih bangg aku enjoy bgt nontonnya,makasih bangg aku enjoy banget nontonnya,makasih bangg enjoy banget nontonnya,makasih bangg enjoy banget nontonnya,"Thank you, really enjoyed watching it"
Story caleb itu di story Homing wing paling bawah kalau mau dapat caleb 😂,story caleb itu di story homing wing paling bawah kalau mau dapat caleb,story caleb itu di story homing wing paling bawah kalau mau dapat caleb,story caleb story homing wing caleb,story caleb story homing wing caleb,story caleb story homing wing caleb
beneran bagus enih game😭👍 next storynya caleb ya banh aku penasaran,beneran bagus enih game next storynya caleb ya banh aku penasaran,beneran bagus enih game next storynya caleb ya banh aku penasaran,beneran bagus enih game next storynya caleb ya banh penasaran,beneran bagus enih game next storynya caleb ya banh penasaran,"Caleb's next story game is really good, I'm really curious"
"BANGG WINDAH THANK U SO MUCH ATAS APRESIASII DARI KAMU TERHADAP GAME INI YAA, AKU SENENG BANGET KARNA KOMEN POSITIF ❤❤",bangg windah thank u so much atas apresiasii dari kamu terhadap game ini yaa aku seneng banget karna komen positif,bangg windah thank u so much atas apresiasii dari kamu terhadap game ini yaa aku seneng banget karna komen positif,bangg windah thank u so much apresiasii game yaa seneng banget karna komen positif,bangg windah thank u so much apresiasi game yaa neng banget karna komen positif,"proud of Windah, thank you so much for appreciating the game, I really appreciate the positive comments"
"makasih banyak ya banggg, udah mainin LADS. Aku dari kemarin nunggu kamu buat mainin game ini banggg 😆😆",makasih banyak ya banggg udah mainin lads aku dari kemarin nunggu kamu buat mainin game ini banggg,makasih banyak ya banggg sudah mainin lads aku dari kemarin nunggu kamu buat mainin game ini banggg,makasih ya banggg mainin lads kemarin nunggu mainin game banggg,makasih ya banggg mainin lads kemarin nunggu mainin game banggg,"Thank you, bro, I played yesterday, lads, I was waiting to play the game, bro"
"GG! Thanks bang windah udah mau menghibur cewek cewek, aku sayang bang windah, salam sigma 😆🔥",gg thanks bang windah udah mau menghibur cewek cewek aku sayang bang windah salam sigma,gg thanks bang windah sudah mau menghibur cewek cewek aku sayang bang windah salam sigma,gg thanks bang windah menghibur cewek cewek sayang bang windah salam sigma,gg thanks bang windah hibur cewek cewek sayang bang windah salam sigma,gg thanks bro Windah entertain the girls dear girls bro Windah greetings sigma
Terima kasih bang udah mainin game ini sampe ngabisin 1 juta wkwk kamu gg bang 😊😊😊,terima kasih bang udah mainin game ini sampe ngabisin juta wkwk kamu gg bang,terima kasih bang sudah mainin game ini sampe ngabisin juta tertawa kamu gg bang,terima kasih bang mainin game sampe ngabisin juta tertawa gg bang,terima kasih bang mainin game sampe ngabisin juta tertawa gg bang,"Thank you bro, played the game until I made a million laughs bro"
"Redeem kode game ini apa aja guys? Btw, thank you bang windah sudah mainin gameeee ini 🎉😂",redeem kode game ini apa aja guys btw thank you bang windah sudah mainin gameeee ini,redeem kode game ini apa saja guys by the way thank you bang windah sudah mainin gameeee ini,redeem kode game guys by the way thank you bang windah mainin gameeee,redeem kode game guys by the way thank you bang windah mainin gameeee,redeem the game code guys by the way thank you bro windah play the gameeee
"MAKASIHH BANG UDAH MAINNN YAA, btw bang buat battle itu masih banyak dan tadi bang windah udh sempat buka yang bounty itu, dia battle nya ada banyak jenis bang dan makin tinggi level nya makin susah juga kesulitan buat menanginnya,  harus sering update card sama protocore nya, ditunggu part 2 bang winnnddd😋😋👊🏻👊🏻",makasihh bang udah mainnn yaa btw bang buat battle itu masih banyak dan tadi bang windah udh sempat buka yang bounty itu dia battle nya ada banyak jenis bang dan makin tinggi level nya makin susah juga kesulitan buat menanginnya harus sering update card sama protocore nya ditunggu part bang winnnddd,makasihh bang sudah mainnn yaa by the way bang buat battle itu masih banyak dan tadi bang windah udh sempat buka yang bounty itu dia battle nya ada banyak jenis bang dan makin tinggi level nya makin susah juga kesulitan buat menanginnya harus sering update card sama protocore nya ditunggu part bang winnnddd,makasihh bang mainnn yaa by the way bang battle bang windah udh buka bounty battle nya jenis bang level nya susah kesulitan menanginnya update card protocore nya ditunggu part bang winnnddd,makasihh bang mainnn yaa by the way bang battle bang windah udh buka bounty battle nya jenis bang level nya susah sulit menanginnya update card protocore nya tunggu part bang winnnddd,Thank you bro for playing by the way bang battle bang windah have opened the battle bounty bro type the level is hard it's hard to win the protocore card update wait for the part bro winnnddd
"i love you bang windah, makasih ❤❤",i love you bang windah makasih,i love you bang windah makasih,i love you bang windah makasih,i love you bang windah makasih,"I love you, bro, thank you"
Saya cowok ga marah kok 😅 setahun lalu bang windah juga pernah main yang versi Anime Ceweknya Gapapa sekarang gantian kan 😊,saya cowok ga marah kok setahun lalu bang windah juga pernah main yang versi anime ceweknya gapapa sekarang gantian kan,saya cowok ga marah kok setahun lalu bang windah juga pernah main yang versi anime ceweknya gapapa sekarang gantian kan,cowok ga marah setahun bang windah main versi anime ceweknya gapapa gantian,cowok ga marah tahun bang windah main versi anime cewek gapapa ganti,"Guys don't get angry this year, Bro Windah plays the anime version for girls, it's okay to change"
waah baik banget kamu yossy​ @yossyaaaaaa ,waah baik banget kamu yossy yossyaaaaaa,waah baik banget kamu yossy yossyaaaaaa,waah banget yossy yossyaaaaaa,waah banget yossy yossyaaaaaa,wow really yossy yossyaaaaa
 @yossyaaaaaa kamu baik bangett😆,yossyaaaaaa kamu baik bangett,yossyaaaaaa kamu baik bangett,yossyaaaaaa bangett,yossyaaaaaa bangett,yossyaaaaa really
"🤔gw cowok suka sama gameplay nyaa sihh, 😅 soalnya entah kenapa gw kalau main game RPG lebih suka pakai char cewek ketimbang cowok, yaa jadi chill aja sihh nonton kaya gitu. pokoknya game nya good 👍",gw cowok suka sama gameplay nyaa sihh soalnya entah kenapa gw kalau main game rpg lebih suka pakai char cewek ketimbang cowok yaa jadi chill aja sihh nonton kaya gitu pokoknya game nya good,gw cowok suka sama gameplay nyaa sihh soalnya entah kenapa gw kalau main game rpg lebih suka pakai char cewek ketimbang cowok yaa jadi chill saja sihh nonton kaya gitu pokoknya game nya good,gw cowok suka gameplay nyaa sihh gw main game rpg suka pakai char cewek ketimbang cowok yaa chill sihh nonton kaya gitu pokoknya game nya good,gw cowok suka gameplay nyaa sihh gw main game rpg suka pakai char cewek ketimbang cowok yaa chill sihh nonton kaya gitu pokok game nya good,"I'm a guy, I like the gameplay, I play RPG games, I like using girl characters instead of boys, it's cool, watching something like that, the game is good"
GG kamu MC,gg kamu mc,gg kamu mc,gg mc,gg mc,gg mc
gg kamu evelyne Violetta pasti orang tua mu bangga,gg kamu evelyne violetta pasti orang tua mu bangga,gg kamu evelyne violetta pasti orang tua mu bangga,gg evelyne violetta orang tua mu bangga,gg evelyne violetta orang tua mu bangga,gg evelyne violetta your parents are proud
Oppa maniso suka cewe basoso biar so tua jago b salto,oppa maniso suka cewe basoso biar so tua jago b salto,oppa maniso suka cewe basoso biar so tua jago b salto,oppa maniso suka cewe basoso biar so tua jago b salto,oppa maniso suka cewe basoso biar so tua jago b salto,Maniso's oppa likes basoso girls so old people are good at somersaults
Ig kamu apa eve,ig kamu apa eve,ig kamu apa eve,ig eve,ig eve,ig eve
gg kamu EvelynVioletta,gg kamu evelynvioletta,gg kamu evelynvioletta,gg evelynvioletta,gg evelynvioletta,gg evelynvioletta
Ngapain peduliin sdm rendah😂,ngapain peduliin sdm rendah,ngapain peduliin sdm rendah,ngapain peduliin sdm rendah,ngapain peduliin sdm rendah,why care about low tbsp
Gw cowo mendukung anjir,gw cowo mendukung anjir,gw cowo mendukung anjir,gw cowo mendukung anjir,gw cowo dukung anjir,I'm a guy who supports Anjir
"Sejujurnya klo gk ada oknum yg marah2 dluan fans windah gk bakalan masalahin game ini kok, fans yg ngata2in itu merasa marah krn game yg biasa aja gini malah dibuat untuk jelek2in windah",sejujurnya klo gk ada oknum yg marah dluan fans windah gk bakalan masalahin game ini kok fans yg ngatain itu merasa marah krn game yg biasa aja gini malah dibuat untuk jelekin windah,sejujurnya klo gk ada oknum yang marah dluan fans windah gk bakalan masalahin game ini kok fans yang ngatain itu merasa marah krn game yang biasa saja gini malah dibuat untuk jelekin windah,sejujurnya klo gk oknum marah dluan fans windah gk masalahin game fans ngatain marah krn game gini jelekin windah,jujur klo gk oknum marah dluan fans windah gk masalahin game fans ngatain marah krn game gin jelekin windah,"Honestly, if someone doesn't get angry first, Windah fans won't have a problem with the game, fans will say they're angry because Gin's game is bad for Windah."
ga marah ke fanbasenya gamekah? pura2 budek,ga marah ke fanbasenya gamekah pura budek,ga marah ke fanbasenya gamekah pura budek,ga marah fanbasenya gamekah pura budek,ga marah fanbasenya gamekah pura budek,"I'm not angry with the fanbase, I'm pretending to be stupid"
Caper,caper,caper,caper,caper,capers
​ @Violla6 lah,violla lah,violla lah,violla,violla,viola
lah kocak justru yg ngelarang itu cewek cewek,lah kocak justru yg ngelarang itu cewek cewek,lah kocak justru yang ngelarang itu cewek cewek,kocak ngelarang cewek cewek,kocak ngelarang cewek cewek,It's funny to ban girls
" @rivelika event banner nya ada memory card yg ga pantes buat di live stream bang, selain itu para fans cowok banyak yg menghina, bukan hanya gamenya, tapi juga ke playernya",rivelika event banner nya ada memory card yg ga pantes buat di live stream bang selain itu para fans cowok banyak yg menghina bukan hanya gamenya tapi juga ke playernya,rivelika event banner nya ada memory card yang ga pantes buat di live stream bang selain itu para fans cowok banyak yang menghina bukan hanya gamenya tapi juga ke playernya,rivelika event banner nya memory card ga pantes live stream bang fans cowok menghina gamenya playernya,rivelika event banner nya memory card ga pantes live stream bang fans cowok hina gamenya playernya,"rivelika event banner, the memory card is not suitable for live streaming, bro, male fans despise the game players"
​ @rivelika  hah??,rivelika hah,rivelika hah,rivelika hah,rivelika hah,Rivelika hah
" @rivelika  ya karna ada beberapa oknum cowo yang belom main aja bg windah udah ngehina game ini, kocak. gimana kaga ngelarang buat dimainin",rivelika ya karna ada beberapa oknum cowo yang belom main aja bg windah udah ngehina game ini kocak gimana kaga ngelarang buat dimainin,rivelika ya karna ada beberapa oknum cowo yang belom main saja bang windah sudah ngehina game ini kocak gimana kaga ngelarang buat dimainin,rivelika ya karna oknum cowo belom main bang windah ngehina game kocak gimana kaga ngelarang dimainin,rivelika ya karna oknum cowo bom main bang windah ngehina game kocak gimana kaga ngelarang dimainin,"rivelika yes, because the bomb guy playing, Bang Windah, insults this funny game, how can you not ban it from being played?"
Lah bukannya kemaren yang kebakaran jenggot malah fandom ni game yak?,lah bukannya kemaren yang kebakaran jenggot malah fandom ni game yak,lah bukannya kemaren yang kebakaran jenggot malah fandom ni game yak,kemaren kebakaran jenggot fandom ni game yak,kemaren bakar jenggot fandom ni game yak,"Yesterday, this game's fandom beard burned, right?"
"ya menurut lu cewe-cewe & fandom ni game jadi tantrum karena apa? ya ​karena komenan kalian yang ga pantes. ayolah bro, dipake logika nya.  @Fahmyjomokdikit ",ya menurut lu cewecewe fandom ni game jadi tantrum karena apa ya karena komenan kalian yang ga pantes ayolah bro dipake logika nya fahmyjomokdikit,ya menurut lu cewecewe fandom ni game jadi tantrum karena apa ya karena komenan kalian yang ga pantes ayolah bro dipake logika nya fahmyjomokdikit,ya lu cewecewe fandom ni game tantrum ya komenan ga pantes ayolah bro dipake logika nya fahmyjomokdikit,ya lu cewecewe fandom ni game tantrum ya komenan ga pantes ayo bro dipake logika nya fahmyjomokdikit,"yes, you girl, this fandom is a tantrum game, yes, comments are not appropriate, come on, bro, use logic, fahmyjomokdikit"
"​ @Fahmyjomokdikit gay denial sudahlah,  berhenti yappingnya",fahmyjomokdikit gay denial sudahlah berhenti yappingnya,fahmyjomokdikit gay denial sudahlah berhenti yappingnya,fahmyjomokdikit gay denial berhenti yappingnya,fahmyjomokdikit gay denial henti yappingnya,fahmyjomokdikit gay denial stop yapping
"Gw cowo dan ga peduli, game efootball doang",gw cowo dan ga peduli game efootball doang,gw cowo dan ga peduli game efootball doang,gw cowo ga peduli game efootball doang,gw cowo ga peduli game efootball doang,I'm a guy who doesn't care about efootball games
Tetap king mole adalah raja dari semua game di dunia 🥱,tetap king mole adalah raja dari semua game di dunia,tetap king mole adalah raja dari semua game di dunia,king mole raja game dunia,king mole raja game dunia,king mole king of world games
"@Istri_SchwarzerrRitter  caper jangan disini dek, gd yg peduli soalnya😴",istrischwarzerrritter caper jangan disini dek gd yg peduli soalnya,istrischwarzerrritter caper jangan disini dek gd yang peduli soalnya,istrischwarzerrritter caper dek gd peduli,istrischwarzerrritter caper dek gd peduli,Istrischwarzerrritter caper deck gd cares
Kocak yg ga trima malah penyefong ni game wkwkwk gimana si,kocak yg ga trima malah penyefong ni game wkwkwk gimana si,kocak yang ga trima malah penyefong ni game tertawa gimana si,kocak ga trima penyefong ni game tertawa gimana si,kocak ga trima penyefong ni game tertawa gimana si,"It's funny, don't you think this game is a laughing game?"
Sama sama evve,sama sama evve,sama sama evve,evve,evve,evve
Game jorok,game jorok,game jorok,game jorok,game jorok,dirty game
"​ @kiki-oh9gs  mending ini daripada lolibait, wkwkw anak kecil di seksualisasiin, stress stress",kikiohgs mending ini daripada lolibait wkwkw anak kecil di seksualisasiin stress stress,kikiohgs mending ini daripada lolibait tertawa anak kecil di seksualisasiin stress stress,kikiohgs mending lolibait tertawa anak seksualisasiin stress stress,kikiohgs mending lolibait tertawa anak seksualisasiin stress stress,"kikiohgs, it's better to laugh at children, sexualize stress, stress"
"DEEPSPACE3
20250122
BESTGIFT

Semoga membantu yaaa",deepspace bestgift semoga membantu yaaa,deepspace bestgift semoga membantu yaaa,deepspace bestgift semoga membantu yaaa,deepspace bestgift moga bantu yaaa,Deepspace bestgift hope this helps
WAAA MAKASI BANYAK HAMDALAH NAMBAH PULL ​ @feiro._ ,waaa makasi banyak hamdalah nambah pull feiro,waaa makasi banyak hamdalah nambah pull feiro,waaa makasi hamdalah nambah pull feiro,waaa makas hamdalah nambah pull feiro,"wow, thanks, add pull feiro"
2:41:05 tebak rafayel yang aseli yang mana,tebak rafayel yang aseli yang mana,tebak rafayel yang aseli yang mana,tebak rafayel aseli,tebak rafayel aseli,Rafayel guessed it was genuine
"MAKASIH BANG, MAIN LAGI DONG NANTI😍🙏",makasih bang main lagi dong nanti,makasih bang main lagi dong nanti,makasih bang main,makasih bang main,thanks bro for playing
THANKYOU BANG WINDAHH!!!,thankyou bang windahh,thankyou bang windahh,thankyou bang windahh,thankyou bang windahh,thank you bro windahh
"SAYANG BANG WINDAH BANYAK BANYAK❤ MAKASIH BANG, AKU SELALU DUKUNG KAMU, JANGAN DENGERIN BOCIL CAPER, POKONYA MAKASIH BUAT 3 JAM NYA, EFFORT BANGET MIRIP ZAYNE❤",sayang bang windah banyak banyak makasih bang aku selalu dukung kamu jangan dengerin bocil caper pokonya makasih buat jam nya effort banget mirip zayne,sayang bang windah banyak banyak makasih bang aku selalu dukung kamu jangan dengerin bocil caper pokonya makasih buat jam nya effort banget mirip zayne,sayang bang windah makasih bang dukung dengerin bocil caper pokonya makasih jam nya effort banget zayne,sayang bang windah makasih bang dukung dengerin bocil caper poko makasih jam nya effort banget zayne,"darling, bro, thank you, bro, for supporting listening to Bocil Caper Poko. Thank you for the hours, Zayne"
"Aku cowo, aku nonton,  Karena aku fans bang windag",aku cowo aku nonton karena aku fans bang windag,aku cowo aku nonton karena aku fans bang windag,cowo nonton fans bang windag,cowo nonton fans bang windag,Guys watching Bang Windag's fans
"terimakasih banyak buat bang Windah telah me review game ini, jadi nya saya bisa menonton, tanpa memain kan game nya,di karena kan hp yang tidak mendukung ❤💗",terimakasih banyak buat bang windah telah me review game ini jadi nya saya bisa menonton tanpa memain kan game nyadi karena kan hp yang tidak mendukung,terimakasih banyak buat bang windah telah me review game ini jadi nya saya bisa menonton tanpa memain kan game nyadi karena kan hp yang tidak mendukung,terimakasih bang windah me review game nya menonton memain game nyadi hp mendukung,terimakasih bang windah me review game nya tonton main game nyadi hp dukung,"Thank you bro, Windah, let me review the game, watch playing the game on your cellphone, support"
AAHHH SUKAA BANGETT GIRLSSS LOVE LOVEE 🤭❤️‍,aahhh sukaa bangett girlsss love lovee,aahhh sukaa bangett girlsss love lovee,aahhh sukaa bangett girlsss love lovee,aahhh sukaa bangett girlsss love lovee,aahhh I really like it girlsss love lovee
"Bang, kamu pake emulator apaa, tadi lancar banget",bang kamu pake emulator apaa tadi lancar banget,bang kamu pake emulator apaa tadi lancar banget,bang pake emulator apaa lancar banget,bang pake emulator apaa lancar banget,"Bro, using the emulator is really smooth"
"Wajar saja game ini cwe cwe pada suka bgt, emang sebagus dan seindah itu game ini, laki laki pun tidak salah kalo memainkan game ini, i love this game",wajar saja game ini cwe cwe pada suka bgt emang sebagus dan seindah itu game ini laki laki pun tidak salah kalo memainkan game ini i love this game,wajar saja game ini cwe cwe pada suka banget emang sebagus dan seindah itu game ini laki laki pun tidak salah kalo memainkan game ini i love this game,wajar game cwe cwe suka banget emang sebagus seindah game laki laki salah kalo memainkan game i love this game,wajar game cwe cwe suka banget emang bagus indah game laki laki salah kalo main game i love this game,"It's natural that girls really like games, it's really good, it's beautiful, boys' games are wrong when playing games, I love this game"
"Thanks bang udah mainin game nya, bersyukur banget bisa liat langsung, karena ni game bener bener gabisa gua mainin perkara ram HP 😢",thanks bang udah mainin game nya bersyukur banget bisa liat langsung karena ni game bener bener gabisa gua mainin perkara ram hp,thanks bang sudah mainin game nya bersyukur banget bisa liat langsung karena ni game bener bener gabisa gua mainin perkara ram hp,thanks bang mainin game nya bersyukur banget liat langsung ni game bener bener gabisa gua mainin perkara ram hp,thanks bang mainin game nya syukur banget liat langsung ni game bener bener gabisa gua mainin perkara ram hp,"thanks bro for playing the game, I'm really grateful to see this game in person, it's true that I can't play with the problem of cellphone RAM"
Di tunggu kelanjutannyaa,di tunggu kelanjutannyaa,di tunggu kelanjutannyaa,tunggu kelanjutannyaa,tunggu kelanjutannyaa,wait for the continuation
Bang aku telat GK bang,bang aku telat gk bang,bang aku telat gk bang,bang telat gk bang,bang telat gk bang,are you late bro?
"Aduuh gantengnya, Sylus Pranowo😋",aduuh gantengnya sylus pranowo,aduuh gantengnya sylus pranowo,aduuh gantengnya sylus pranowo,aduuh ganteng sylus pranowo,"Oh, how handsome Sylus Pranowo is"
makasih banyak bang windah,makasih banyak bang windah,makasih banyak bang windah,makasih bang windah,makasih bang windah,Thank you bro Windah
"Makasih bang windah udah mau main game nya. appreciate the effort for playing Lads for 3 hours straight. aku viewer dari Malaysia. again, thank you bang. ♡",makasih bang windah udah mau main game nya appreciate the effort for playing lads for hours straight aku viewer dari malaysia again thank you bang,makasih bang windah sudah mau main game nya appreciate the effort for playing lads for hours straight aku viewer dari malaysia again thank you bang,makasih bang windah main game nya appreciate the effort for playing lads for hours straight viewer malaysia again thank you bang,makasih bang windah main game nya appreciate the effort for playing lads for hours straight viewer malaysia again thank you bang,"thank you bro, windah for playing the game, appreciate the effort for playing lads for hours straight viewer malaysia again thank you bro"
"malem ini aku mau mimpiin caleb,zayne ama sylus bang( ꈍᴗꈍ)",malem ini aku mau mimpiin calebzayne ama sylus bang,malem ini aku mau mimpiin calebzayne ama sylus bang,malem mimpiin calebzayne ama sylus bang,malem mimpiin calebzayne ama sylus bang,At night I dream about Calebzayne and Sylus
"THANK U BANG, RESPECT",thank u bang respect,thank u bang respect,thank u bang respect,thank u bang respect,thank you bro respect
"Sebagai istri sahnya Sylus dan Zayne, aku mau ngucapin terima kasih sudah bermain game ini dengan enjoy bang❤❤❤",sebagai istri sahnya sylus dan zayne aku mau ngucapin terima kasih sudah bermain game ini dengan enjoy bang,sebagai istri sahnya sylus dan zayne aku mau ngucapin terima kasih sudah bermain game ini dengan enjoy bang,istri sahnya sylus zayne ngucapin terima kasih bermain game enjoy bang,istri sah sylus zayne ngucapin terima kasih main game enjoy bang,"Sylus Zayne's legal wife says thank you, enjoy playing the game, bro"
SYLUUUUSSSSS:face-red-heart-shape::face-red-heart-shape::face-red-heart-shape:,syluuuusssssfaceredheartshapefaceredheartshapefaceredheartshape,syluuuusssssfaceredheartshapefaceredheartshapefaceredheartshape,syluuuusssssfaceredheartshapefaceredheartshapefaceredheartshape,syluuuusssssfaceredheartshapefaceredheartshapefaceredheartshape,syluuuussssfaceredheartshapefaceredheartshapefaceredheartshape
"Makasih bang windah dah mainin game fav akuuu, seneng banget pokoknya ❤❤❤",makasih bang windah dah mainin game fav akuuu seneng banget pokoknya,makasih bang windah dah mainin game fav akuuu seneng banget pokoknya,makasih bang windah dah mainin game fav akuuu seneng banget pokoknya,makasih bang windah dah mainin game fav akuuu neng banget pokok,"Thank you bro, Windah for playing my favorite game, really really"
"Yg komen ""lu aja kali"" rata rata gabisa ngehargain opini org wowkwowkk😂 balik ke sekolah lagi aj si kata gue mah",yg komen lu aja kali rata rata gabisa ngehargain opini org wowkwowkk balik ke sekolah lagi aj si kata gue mah,yang komen lu saja kali rata rata gabisa ngehargain opini org wowkwowkk balik ke sekolah lagi aj si kata gue mah,komen lu kali gabisa ngehargain opini org wowkwowkk sekolah aj si gue mah,komen lu kali gabisa ngehargain opini org wowkwowkk sekolah aj si gue mah,"Your comments can't respect people's opinions wow, wow, I'm just at school"
"masing masing aja, buat cowo yg suka ya silahkan main, buat yg geli sama game ini ya wajar. gausah memaksakan org yg ga suka untuk suka. ​ @ranuhm ",masing masing aja buat cowo yg suka ya silahkan main buat yg geli sama game ini ya wajar gausah memaksakan org yg ga suka untuk suka ranuhm,masing masing saja buat cowo yang suka ya silahkan main buat yang geli sama game ini ya wajar gausah memaksakan org yang ga suka untuk suka ranuhm,cowo suka ya silahkan main geli game ya wajar gausah memaksakan org ga suka suka ranuhm,cowo suka ya silah main geli game ya wajar gausah paksa org ga suka suka ranuhm,"Guys like it, please play fun games, it's normal, don't force people who don't like it, like it"
Memang bagus bang apalagi ini juga full battle RPG di battle modenya,memang bagus bang apalagi ini juga full battle rpg di battle modenya,memang bagus bang apalagi ini juga full battle rpg di battle modenya,bagus bang full battle rpg battle modenya,bagus bang full battle rpg battle mode,"Very good, full battle RPG battle mode"
"Gua cowok dan gua main game ini karena awalnya penasaran banyak yang main dan ngebahas. So far menurut gua game ini seru, terutama pas battle lawan Wanderers hahah. Gua juga suka tema ceritanya yang Sci-Fi 👍🏻",gua cowok dan gua main game ini karena awalnya penasaran banyak yang main dan ngebahas so far menurut gua game ini seru terutama pas battle lawan wanderers hahah gua juga suka tema ceritanya yang scifi,gua cowok dan gua main game ini karena awalnya penasaran banyak yang main dan ngebahas so far menurut gua game ini seru terutama pas battle lawan wanderers hahah gua juga suka tema ceritanya yang scifi,gua cowok gua main game penasaran main ngebahas so far gua game seru pas battle lawan wanderers hahah gua suka tema ceritanya scifi,gua cowok gua main game penasaran main ngebahas so far gua game seru pas battle lawan wanderers hahah gua suka tema cerita scifi,"I'm a guy, I play games, I'm curious, I play and discuss so far, I have fun games when I battle against wanderers, hahah, I like scifi story themes"
"Betul cwe cwo bisa main game ini apalagi combat ny sama story dan grafik nya bagus, sama hal ny player main infinity nikki cwe  cwo bs main",betul cwe cwo bisa main game ini apalagi combat ny sama story dan grafik nya bagus sama hal ny player main infinity nikki cwe cwo bs main,betul cwe cwo bisa main game ini apalagi combat ny sama story dan grafik nya bagus sama hal ny player main infinity nikki cwe cwo bs main,cwe cwo main game combat ny story grafik nya bagus ny player main infinity nikki cwe cwo bs main,cwe cwo main game combat ny story grafik nya bagus ny player main infinity nikki cwe cwo bs main,cwe cwo play the game combat ny story the graphics are good n player plays infinity nikki cwe cwo can play
"Laki gk salah kok main nih game, cuman jangan sampe 'ketahuan' 😆",laki gk salah kok main nih game cuman jangan sampe ketahuan,laki gk salah kok main nih game cuman jangan sampe ketahuan,laki gk salah main nih game cuman sampe ketahuan,laki gk salah main nih game cuman sampe tahu,"There's nothing wrong with playing this game, just to find out"
"Haha numbalin player aku eks tumbal ke setan, sekarang akan ditumbalkan lagi",haha numbalin player aku eks tumbal ke setan sekarang akan ditumbalkan lagi,haha numbalin player aku eks tumbal ke setan sekarang akan ditumbalkan lagi,haha numbalin player eks tumbal setan ditumbalkan,haha numbalin player eks tumbal setan tumbal,haha numbalin former player sacrificed by Satan
"Bagus bang battlenya, tapi kalo laki2 suka rada aneh juga simulasi jadi cewek",bagus bang battlenya tapi kalo laki suka rada aneh juga simulasi jadi cewek,bagus bang battlenya tapi kalo laki suka rada aneh juga simulasi jadi cewek,bagus bang battlenya kalo laki suka rada aneh simulasi cewek,bagus bang battlenya kalo laki suka rada aneh simulasi cewek,It's a good battle if men like a bit of a weird female simulation
Fighting scene iya bagus tapi romance storynya geli wkwk,fighting scene iya bagus tapi romance storynya geli wkwk,fighting scene iya bagus tapi romance storynya geli tertawa,fighting scene iya bagus romance storynya geli tertawa,fighting scene iya bagus romance storynya geli tertawa,"the fighting scene is good, the romance story makes you laugh"
Hahaha,hahaha,hahaha,hahaha,hahaha,ha ha ha
gw laki gw gasuka bg 🗿,gw laki gw gasuka bg,gw laki gw gasuka bang,gw laki gw gasuka bang,gw laki gw gasuka bang,"I'm a man, I don't like it bro"
"bukannya suka apa kaganya, jelas"" disitu dia ngetik, ""laki-laki pun tidak salah kalo MEMAINKAN game ini"" dicerna dulu bro kalimat org​ @ViannKaramoyy ",bukannya suka apa kaganya jelas disitu dia ngetik lakilaki pun tidak salah kalo memainkan game ini dicerna dulu bro kalimat org viannkaramoyy,bukannya suka apa kaganya jelas disitu dia ngetik lakilaki pun tidak salah kalo memainkan game ini dicerna dulu bro kalimat org viannkaramoyy,suka kaganya disitu ngetik lakilaki salah kalo memainkan game dicerna bro kalimat org viannkaramoyy,suka kaganya situ ngetik lakilaki salah kalo main game cerna bro kalimat org viannkaramoyy,"Do you like it when you type it's wrong for a guy to play games, bro, bro, Viannkaramoyy's sentence"
 @ViannKaramoyy  itu pendapat dia bro,viannkaramoyy itu pendapat dia bro,viannkaramoyy itu pendapat dia bro,viannkaramoyy pendapat bro,viannkaramoyy dapat bro,viannkaramoyy got it bro
​@PenyukDarat terus?,penyukdarat terus,penyukdarat terus,penyukdarat,penyukdarat,succor
Saya sebagai laki laki mengakui bahwa game ini tidak layak saya mainkan,saya sebagai laki laki mengakui bahwa game ini tidak layak saya mainkan,saya sebagai laki laki mengakui bahwa game ini tidak layak saya mainkan,laki laki mengakui game layak mainkan,laki laki aku game layak main,man I'm a game worth playing
"​ @pras4544  Kalo gak layak ya udah jangan di mainin, dia nyuruh juga enggak toh",pras kalo gak layak ya udah jangan di mainin dia nyuruh juga enggak toh,pras kalo gak layak ya sudah jangan di mainin dia nyuruh juga enggak toh,pras kalo gak layak ya mainin nyuruh,pras kalo gak layak ya mainin nyuruh,"Pras, if it's not worth it, let me tell you"
Lu aja yang main wkwk,lu aja yang main wkwk,lu saja yang main tertawa,lu main tertawa,lu main tertawa,You're playing laughing
"​ @jexi7417  yaudah si anjir, itu kan pendapat dia",jexi yaudah si anjir itu kan pendapat dia,jexi yaudah si anjir itu kan pendapat dia,jexi yaudah si anjir pendapat,jexi yaudah si anjir dapat,"Jexi, yes the anjir got it"
Lu Aja Kali😂😂,lu aja kali,lu saja kali,lu kali,lu kali,you time
LO AJA KALI WKWKWKWK,lo aja kali wkwkwkwk,lo saja kali tertawa,lo kali tertawa,lo kali tertawa,you laugh sometimes
"​ @bagassboyy  yaudah si bro, itu kan pendapat dia😂",bagassboyy yaudah si bro itu kan pendapat dia,bagassboyy yaudah si bro itu kan pendapat dia,bagassboyy yaudah si bro pendapat,bagassboyy yaudah si bro dapat,"Bagassboyy, bro, you got it"
"ishida gak sih
mirip bapaknya uryu",ishida gak sih mirip bapaknya uryu,ishida gak sih mirip bapaknya uryu,ishida gak sih bapaknya uryu,ishida gak sih bapak uryu,"Ishida or not, Mr. Uryu"
bisa date sekali 2 kah?,bisa date sekali kah,bisa date sekali kah,date kah,date kah,date huh?
​ @carinelimu 5 5 nya juga bisa,carinelimu nya juga bisa,carinelimu nya juga bisa,carinelimu nya,carinelimu nya,your carineli
THANK YOU BANG WINDAH💗,thank you bang windah,thank you bang windah,thank you bang windah,thank you bang windah,thank you bro windah
"Sebagai cwo, gw cukup menikmati game ini. Salut buat lu yg udah bawa game ini dengan baik bg windah. 

Btw sylus mirip bgt sama sephiroth🤣",sebagai cwo gw cukup menikmati game ini salut buat lu yg udah bawa game ini dengan baik bg windah btw sylus mirip bgt sama sephiroth,sebagai cwo gw cukup menikmati game ini salut buat lu yang sudah bawa game ini dengan baik bang windah by the way sylus mirip banget sama sephiroth,cwo gw menikmati game salut lu bawa game bang windah by the way sylus banget sephiroth,cwo gw nikmat game salut lu bawa game bang windah by the way sylus banget sephiroth,"Guys, I enjoy the game. Kudos to you for bringing the game, Bang Windah, by the way, Sephiroth is really cool"
"SERUU MAKASIH BANGG, AKU KETAWA TRS TADI",seruu makasih bangg aku ketawa trs tadi,seruu makasih bangg aku ketawa trs tadi,seruu makasih bangg ketawa trs,seruu makasih bangg ketawa trs,"Exclaimed, thank you so proud to laugh"
kamu mirip sylus bang,kamu mirip sylus bang,kamu mirip sylus bang,sylus bang,sylus bang,Sylus bro
gilaaa kegantengan sylus bener bener bertebaran 😭😭😭 anw makasih bang windah untuk waktunyaaaaa 🤍🤍 semoga sehat selaluuu,gilaaa kegantengan sylus bener bener bertebaran anw makasih bang windah untuk waktunyaaaaa semoga sehat selaluuu,gilaaa kegantengan sylus bener bener bertebaran anw makasih bang windah untuk waktunyaaaaa semoga sehat selaluuu,gilaaa kegantengan sylus bener bener bertebaran anw makasih bang windah waktunyaaaaa semoga sehat selaluuu,gilaaa ganteng sylus bener bener tebar anw makasih bang windah waktunyaaaaa moga sehat selaluuu,"Crazy handsome, Sylus is really spreading anw, thank you bro, Windah for your time, I hope you are always healthy"
Bang Zayne ayang aku,bang zayne ayang aku,bang zayne ayang aku,bang zayne ayang,bang zayne ayang,"Zayne, darling"
bagi id bang windah dong guys mau add,bagi id bang windah dong guys mau add,bagi id bang windah dong guys mau add,id bang windah guys add,id bang windah guys add,ID bro windah guys add
MAKASIH BANYAK BANGGG UDAH MAININ GAME LAD INI ❤❤😊,makasih banyak banggg udah mainin game lad ini,makasih banyak banggg sudah mainin game lad ini,makasih banggg mainin game lad,makasih banggg mainin game lad,Thank you bro for playing the game lad
"bng, coba live main game tapi lu fokus bng, gausah banyak yapping",bng coba live main game tapi lu fokus bng gausah banyak yapping,bng coba live main game tapi lu fokus bng gausah banyak yapping,bng coba live main game lu fokus bng gausah yapping,bng coba live main game lu fokus bng gausah yapping,"bro, try playing the game live so you can focus bro, don't yap"
SERU BANGET AKHIRNYA BANG WINDAH MAININ ❤,seru banget akhirnya bang windah mainin,seru banget akhirnya bang windah mainin,seru banget bang windah mainin,seru banget bang windah mainin,"It's really fun to play, bro"
THANKKK YOUUU BANGGG 😆😆 BIGGG RESPECTTT!!!🫡🫡🫡 😆👍💖,thankkk youuu banggg biggg respecttt,thankkk youuu banggg biggg respecttt,thankkk youuu banggg biggg respecttt,thankkk youuu banggg biggg respecttt,thankkk youuu banggg biggg respecttt
thank you bg windah,thank you bg windah,thank you bang windah,thank you bang windah,thank you bang windah,thank you bro windah
MAKASIH BANG WINDAH ❤❤,makasih bang windah,makasih bang windah,makasih bang windah,makasih bang windah,Thank you bro Windah
MAKASII BANG UDAH MAININ GAME INI AKU CINTA KAMU BANGET BANG ❤❤❤❤❤❤❤❤❤❤❤❤❤❤❤❤❤,makasii bang udah mainin game ini aku cinta kamu banget bang,makasii bang sudah mainin game ini aku cinta kamu banget bang,makasii bang mainin game cinta banget bang,makasii bang mainin game cinta banget bang,"Thank you bro for playing the love game, bro"
"bang, thank you sm udah mau mainin. ini pertama kali ak nonton live kamu bang, aku seneng banget malam ini. loplop buat kamu bang🩷🩷🩷🩷🩷🤍🤍💅🏼 semoga nanti bang windah main lnd lagii. we'll support u no matter what. 🤍🤍🤍🤍🤍🤍🤍🤍🤍🤍🤍🤍🤍🤍🤍🤍🤍🤍🤍🤍🤍🤍🤍🤍🤍🩷🩷🩷🩷🩷🩷🩷🩷🩷🩷🩷🩷🩷🩷🩷🩷🩷🩷🩷",bang thank you sm udah mau mainin ini pertama kali ak nonton live kamu bang aku seneng banget malam ini loplop buat kamu bang semoga nanti bang windah main lnd lagii well support u no matter what,bang thank you sm sudah mau mainin ini pertama kali ak nonton live kamu bang aku seneng banget malam ini loplop buat kamu bang semoga nanti bang windah main lnd lagii well support u no matter what,bang thank you sm mainin kali ak nonton live bang seneng banget malam loplop bang semoga bang windah main lnd lagii well support u no matter what,bang thank you sm mainin kali ak nonton live bang neng banget malam loplop bang moga bang windah main lnd lagi well support u no matter what,"bro, thank you, I'll play it next time, I'll watch live, bro, it's really a loplop night, bro, I hope Bro Windah plays LND again, well, support u no matter what"
AYO BANG LANJUT PART 2 STORY CALEB,ayo bang lanjut part story caleb,ayo bang lanjut part story caleb,ayo bang part story caleb,ayo bang part story caleb,"Come on bro, Caleb's part of the story"
"AKU NONTON SAMPE ABIZ BG,LIKE KOMEN KU BGG❤❤❤",aku nonton sampe abiz bglike komen ku bgg,aku nonton sampe abiz bglike komen ku bgg,nonton sampe abiz bglike komen ku bgg,nonton sampe abiz bglike komen ku bgg,Watch until you finally like my comment
makasii bangg udh nurutin viewers cewekkk😭😭,makasii bangg udh nurutin viewers cewekkk,makasii bangg udh nurutin viewers cewekkk,makasii bangg udh nurutin viewers cewekkk,makasii bangg udh nurutin viewers cewekkk,Thank you so much for following the female viewers
"terima kasih banyak udah mainnn ya bangggg, terima kasih jugaa udah beri tanggapan positif dari game inii, sehat selaluuu!!! 🤍🤍🤍",terima kasih banyak udah mainnn ya bangggg terima kasih jugaa udah beri tanggapan positif dari game inii sehat selaluuu,terima kasih banyak sudah mainnn ya bangggg terima kasih jugaa sudah beri tanggapan positif dari game inii sehat selaluuu,terima kasih mainnn ya bangggg terima kasih jugaa tanggapan positif game inii sehat selaluuu,terima kasih mainnn ya bangggg terima kasih jugaa tanggap positif game ini sehat selaluuu,"Thank you for playing, bro, thank you for the positive response to this game, it's always healthy"
bang ini otome game tapi lorenya complicated bgt,bang ini otome game tapi lorenya complicated bgt,bang ini otome game tapi lorenya complicated banget,bang otome game lorenya complicated banget,bang otome game lorenya complicated banget,"Bro, the lore of the otome game is really complicated"
"mirip leon re4 remake tpi versi tirusny, kalo menurut gw",mirip leon re remake tpi versi tirusny kalo menurut gw,mirip leon re remake tpi versi tirusny kalo menurut gw,leon re remake tpi versi tirusny kalo gw,leon re remake tpi versi tirusny kalo gw,Leon is a remake but it's a tapered version for me
" @kievputrajabbar8318  ya jg, tpi sangarnya sylus emg mirip bgt dgn sephiroth.",kievputrajabbar ya jg tpi sangarnya sylus emg mirip bgt dgn sephiroth,kievputrajabbar ya juga tpi sangarnya sylus emg mirip banget dgn sephiroth,kievputrajabbar ya tpi sangarnya sylus emg banget dgn sephiroth,kievputrajabbar ya tpi sangar sylus emg banget dgn sephiroth,"Kievputrajabbar, yes, but the sylus is really cool with Sephiroth"
​ @kievputrajabbar8318  lebih ke vergil sama dante Devil my cry ga sih,kievputrajabbar lebih ke vergil sama dante devil my cry ga sih,kievputrajabbar lebih ke vergil sama dante devil my cry ga sih,kievputrajabbar vergil dante devil my cry ga sih,kievputrajabbar vergil dante devil my cry ga sih,kievputrajabbar vergil dante devil my cry or not
"iya lagi kek sephirot cuma short hair aja, anyway jadi kangen final fantasy lagi😭",iya lagi kek sephirot cuma short hair aja anyway jadi kangen final fantasy lagi,iya lagi seperti sephirot cuma short hair saja anyway jadi kangen final fantasy lagi,iya sephirot short hair anyway kangen final fantasy,iya sephirot short hair anyway kangen final fantasy,yeah sephirot short hair anyway miss final fantasy
Lah xavier aja mirip Cloud strife,lah xavier aja mirip cloud strife,lah xavier saja mirip cloud strife,xavier cloud strife,xavier cloud strife,xavier cloud strife
​ @githa_2803  betul! Xavier itu Cloud Strife versi rambut putih 😂,githa betul xavier itu cloud strife versi rambut putih,githa betul xavier itu cloud strife versi rambut putih,githa xavier cloud strife versi rambut putih,githa xavier cloud strife versi rambut putih,Githa Xavier Cloud Strife white hair version
kalo kata gw mah dari struktur wajahnya lebih mirip  ryuken bapaknya uryu kalo gapake kacamata,kalo kata gw mah dari struktur wajahnya lebih mirip ryuken bapaknya uryu kalo gapake kacamata,kalo kata gw mah dari struktur wajahnya lebih mirip ryuken bapaknya uryu kalo gapake kacamata,kalo gw mah struktur wajahnya ryuken bapaknya uryu kalo gapake kacamata,kalo gw mah struktur wajah ryuken bapak uryu kalo gapake kacamata,"For me, Mr. Uryu's facial structure is ryuken when I don't wear glasses"
ONE WING ANGEL MENTIONED 🗣🗣🗣,one wing angel mentioned,one wing angel mentioned,one wing angel mentioned,one wing angel mentioned,one wing angel mentioned
​ @Reannesaurus  trs si Xavier mirip si Ex-SOLDIER Cloud strife,reannesaurus trs si xavier mirip si exsoldier cloud strife,reannesaurus trs si xavier mirip si exsoldier cloud strife,reannesaurus trs si xavier si exsoldier cloud strife,reannesaurus trs si xavier si exsoldier cloud strife,reannesaurus trs xavier the exsoldier cloud strife
Klo ane lihat Sylus vibeny juga ada Dio Brando nya,klo ane lihat sylus vibeny juga ada dio brando nya,klo ane lihat sylus vibeny juga ada dio brando nya,klo ane lihat sylus vibeny dio brando nya,klo ane lihat sylus vibeny dio brando nya,If I look at the Vibeny Dio Brando sylus
aku setuju sama kamu han,aku setuju sama kamu han,aku setuju sama kamu han,setuju han,tuju han,Go to Han
Setuju bang 👏🏻,setuju bang,setuju bang,setuju bang,tuju bang,"go, bro"
STUJUU,stujuu,stujuu,stujuu,stujuu,stujuu
g paham 🗿,g paham,g paham,g paham,g paham,I don't understand
Seruu bangett bang windahh aku maen game ini jadi pgen punya 5 laki bg,seruu bangett bang windahh aku maen game ini jadi pgen punya laki bg,seruu bangett bang windahh aku maen game ini jadi pgen punya laki bang,seruu bangett bang windahh maen game pgen laki bang,seruu bangett bang windahh maen game pgen laki bang,"It's really fun, bro, Windahh, playing the pgen game, bro"
Makasihhh banggg baru kali ini aku betah nonton live 3 jamm❤❤,makasihhh banggg baru kali ini aku betah nonton live jamm,makasihhh banggg baru kali ini aku betah nonton live jamm,makasihhh banggg kali betah nonton live jamm,makasihhh banggg kali betah nonton live jamm,"Thank you, it's a pleasure to watch live jamm"
makasihhh bangg,makasihhh bangg,makasihhh bangg,makasihhh bangg,makasihhh bangg,thank you bro
"Thank you bangg, sehattt selaluuu",thank you bangg sehattt selaluuu,thank you bangg sehattt selaluuu,thank you bangg sehattt selaluuu,thank you bangg sehattt selaluuu,"thank you, bro, stay healthy always"
YASHHHH gurl makasih bang windah 🔥🎀💅🏻💅🏻💅🏻,yashhhh gurl makasih bang windah,yashhhh gurl makasih bang windah,yashhhh gurl makasih bang windah,yashhhh gurl makasih bang windah,"Yes, gurl, thank you, Bro Windah"
THANKYOU BANG WINDAAHHHHH?!!!,thankyou bang windaahhhhh,thankyou bang windaahhhhh,thankyou bang windaahhhhh,thankyou bang windaahhhhh,thank you bro windaahhh
2:41:05  MIRIP BANGET BANGG🎉🎉🎉❤❤,mirip banget bangg,mirip banget bangg,banget bangg,banget bangg,very proud
THERE'S NOTHING WRONG🫂🫂,theres nothing wrong,theres nothing wrong,theres nothing wrong,theres nothing wrong,there's nothing wrong
GG BANG WINDAH,gg bang windah,gg bang windah,gg bang windah,gg bang windah,gg bro windah
"Makasih banyak banggg, akhirnya maen juga❤",makasih banyak banggg akhirnya maen juga,makasih banyak banggg akhirnya maen juga,makasih banggg maen,makasih banggg maen,thanks for playing
terima kasih banyak bang windahhh ❤❤❤,terima kasih banyak bang windahhh,terima kasih banyak bang windahhh,terima kasih bang windahhh,terima kasih bang windahhh,thank you bro windahhh
"GAME KHUSUS COWOK SIGMA, COWO NOLEP PP ANIME WIBU NYOCOT HOMAK HOMOK GA DI AJAK. TETAPLAH DENGAN KESENDIRIAN DAN GULING ANIMEK MU",game khusus cowok sigma cowo nolep pp anime wibu nyocot homak homok ga di ajak tetaplah dengan kesendirian dan guling animek mu,game khusus cowok sigma cowo nolep pp anime wibu nyocot homak homok ga di ajak tetaplah dengan kesendirian dan guling animek mu,game khusus cowok sigma cowo nolep pp anime wibu nyocot homak homok ga ajak tetaplah kesendirian guling animek mu,game khusus cowok sigma cowo nolep pp anime wibu nyocot homak homok ga ajak tetap sendiri guling animek mu,special game for boys
2:06:51 di ss ga tuh 😭😭😭,di ss ga tuh,di ss ga tuh,ss ga tuh,ss ga tuh,ss or not
GG🎉🎉🎉🎉,gg,gg,gg,gg,gg
"Terima kasih bang windah, semenjak saat ini aku menjadi green flag ngelihat zayne",terima kasih bang windah semenjak saat ini aku menjadi green flag ngelihat zayne,terima kasih bang windah semenjak saat ini aku menjadi green flag ngelihat zayne,terima kasih bang windah semenjak green flag ngelihat zayne,terima kasih bang windah semenjak green flag ngelihat zayne,"Thank you bro, Windah, since Green Flag saw Zayne"
THANK YOU BANGGG❤🤩,thank you banggg,thank you banggg,thank you banggg,thank you banggg,thank you bro
bang main omori,bang main omori,bang main omori,bang main omori,bang main omori,"Bro, play Omori"
GG BANG WINDAH makasih udah comment2 positive dan neutralnya semoga dengna bang windah main ini. Shut up sudah oknum2 laki2 caper yg ngehina dlu 😊❤,gg bang windah makasih udah comment positive dan neutralnya semoga dengna bang windah main ini shut up sudah oknum laki caper yg ngehina dlu,gg bang windah makasih sudah comment positive dan neutralnya semoga dengna bang windah main ini shut up sudah oknum laki caper yang ngehina dlu,gg bang windah makasih comment positive neutralnya semoga dengna bang windah main shut up oknum laki caper ngehina dlu,gg bang windah makasih comment positive neutralnya moga dengna bang windah main shut up oknum laki caper ngehina dlu,"gg bro Windah, thank you for the positive neutral comment, I hope Bang Windah can shut up the caper men and insult them first"
"MAKASI BANYAK DAH MAIN BANGG, SELAMAT ISTIRAHATTTT ❤❤❤❤",makasi banyak dah main bangg selamat istirahatttt,makasi banyak dah main bangg selamat istirahatttt,makasi dah main bangg selamat istirahatttt,makas dah main bangg selamat istirahatttt,"Thanks for playing, have a good rest"
strimer panic buying,strimer panic buying,strimer panic buying,strimer panic buying,strimer panic buying,Strimer panic buying
Liat sylus reflek difoto bro,liat sylus reflek difoto bro,liat sylus reflek difoto bro,liat sylus reflek difoto bro,liat sylus reflek foto bro,"Look at the photo reflex sylus, bro"
Salusss 😭🙏🏻,salusss,salusss,salusss,salusss,salusss
Bang windah pen blajar dari zayne ktnya,bang windah pen blajar dari zayne ktnya,bang windah pen blajar dari zayne ktnya,bang windah pen blajar zayne ktnya,bang windah pen blajar zayne ktnya,"Bro, Windah pen learns Zayne's kt"
MAKASIII BANG WINDAAHH BUAT 3 JAMNYA SAMPE TOPUP SEJUTA LEBIHH BUAT NYENENGIN KITA PARA CIWI²🥰😻😻😻 JANLUP GIRLLSS~~NYAA🤭💅💅,makasiii bang windaahh buat jamnya sampe topup sejuta lebihh buat nyenengin kita para ciwi janlup girllssnyaa,makasiii bang windaahh buat jamnya sampe topup sejuta lebihh buat nyenengin kita para ciwi janlup girllssnyaa,makasiii bang windaahh jamnya sampe topup sejuta lebihh nyenengin ciwi janlup girllssnyaa,makasiii bang windaahh jam sampe topup juta lebihh nyenengin ciwi janlup girllssnyaa,"thanks bro, windaahh, until the million top up is over, it's fun for girls to janlup girllssnyaa"
MAKASIH BANYAK BANG WINDAH❤❤,makasih banyak bang windah,makasih banyak bang windah,makasih bang windah,makasih bang windah,Thank you bro Windah
aku suka,aku suka,aku suka,suka,suka,Like
Makasih bang windah ☆☆☆☆☆,makasih bang windah,makasih bang windah,makasih bang windah,makasih bang windah,Thank you bro Windah
3:02:04 makasih bang udh diabsen,makasih bang udh diabsen,makasih bang udh diabsen,makasih bang udh diabsen,makasih bang udh absen,"Thank you bro, I've been absent"
MAKASIH BANG WINDAHHH SEMOGA DAPET B5 CARD NYA ZAYNE YA 😂,makasih bang windahhh semoga dapet b card nya zayne ya,makasih bang windahhh semoga dapet b card nya zayne ya,makasih bang windahhh semoga dapet b card nya zayne ya,makasih bang windahhh moga dapet b card nya zayne ya,"Thank you bro, Windahhh, I hope I get Zayne's B card"
GG🎉🎉🎉🎉,gg,gg,gg,gg,gg
"gaada yg salah sama game ini, intinya semua tergantung mindset org yg mainn😊🙏🏻
respect bg windah🙏🏻",gaada yg salah sama game ini intinya semua tergantung mindset org yg mainn respect bg windah,gaada yang salah sama game ini intinya semua tergantung mindset org yang mainn respect bang windah,gaada salah game intinya tergantung mindset org mainn respect bang windah,gaada salah game inti gantung mindset org mainn respect bang windah,"There's nothing wrong with the core game depending on the mindset of the people playing, respect Bro Windah"
"will you play this again, kind sir? at least until Caleb's character reveal, pretty please 😗",will you play this again kind sir at least until calebs character reveal pretty please,will you play this again kind sir at least until calebs character reveal pretty please,will you play this again kind sir at least until calebs character reveal pretty please,will you play this again kind sir at least until calebs character reveal pretty please,will you play this again kind sir at least until calebs character reveal pretty please
there's absolutely nothing wrong!! sigma bgt bang windah,theres absolutely nothing wrong sigma bgt bang windah,theres absolutely nothing wrong sigma banget bang windah,theres absolutely nothing wrong sigma banget bang windah,theres absolutely nothing wrong sigma banget bang windah,there's absolutely nothing wrong sigma really bro windah
"THERE'S NOTHING WRONG WITH THIS GAME 😭🙏 terimakasih bang windah, semoga ada part 2 nya",theres nothing wrong with this game terimakasih bang windah semoga ada part nya,theres nothing wrong with this game terimakasih bang windah semoga ada part nya,theres nothing wrong with this game terimakasih bang windah semoga part nya,theres nothing wrong with this game terimakasih bang windah moga part nya,"There's nothing wrong with this game, thank you, bro, Windah, hopefully the part"
MAKASIII BANG WINDAH😍😍,makasiii bang windah,makasiii bang windah,makasiii bang windah,makasiii bang windah,thanks bro windah
"Makasih Banyak Bang Windah karena udah mainin game ini tanpa berkomentar aneh aneh, makasih juga udah meyakinkan bahwa 'There is nothing wrong in this game.' 🥹💞",makasih banyak bang windah karena udah mainin game ini tanpa berkomentar aneh aneh makasih juga udah meyakinkan bahwa there is nothing wrong in this game,makasih banyak bang windah karena sudah mainin game ini tanpa berkomentar aneh aneh makasih juga sudah meyakinkan bahwa there is nothing wrong in this game,makasih bang windah mainin game berkomentar aneh aneh makasih there is nothing wrong in this game,makasih bang windah mainin game komentar aneh aneh makasih there is nothing wrong in this game,"Thank you bro, Windah, playing the game, strange comments, strange, thank you. There is nothing wrong in this game"
TERIMAKASIH BANG WINDAH❤❤❤❤❤,terimakasih bang windah,terimakasih bang windah,terimakasih bang windah,terimakasih bang windah,thank you bro windah
Girls! Siapa Husbu Kalian Di LADS?,girls siapa husbu kalian di lads,girls siapa husbu kalian di lads,girls husbu lads,girls husbu lads,girls husbu lads
"Makasih bangg, salam aku pacarnya sylus",makasih bangg salam aku pacarnya sylus,makasih bangg salam aku pacarnya sylus,makasih bangg salam pacarnya sylus,makasih bangg salam pacar sylus,"Thank you very much, Greetings Sylus girlfriend"
"MAKASIHHHHHH BANGG, RESPECT 🔥💯💥💨",makasihhhhhh bangg respect,makasihhhhhh bangg respect,makasihhhhhh bangg respect,makasihhhhhh bangg respect,"thank you, proud respect"
Terima kasih bang Windah 🤗,terima kasih bang windah,terima kasih bang windah,terima kasih bang windah,terima kasih bang windah,thank you bro windah
"thank you bang windah dan girls girls player LADS🔥
y'all awesome",thank you bang windah dan girls girls player lads yall awesome,thank you bang windah dan girls girls player lads yall awesome,thank you bang windah girls girls player lads yall awesome,thank you bang windah girls girls player lads yall awesome,thank you bro windah girls girls player lads yall awesome
iyaa lagian apa salahnya sii seru seru aja,iyaa lagian apa salahnya sii seru seru aja,iyaa lagian apa salahnya sii seru seru saja,iyaa salahnya sii seru seru,iyaa salah sii seru seru,"yeah, that's wrong, it's exciting"
iya jir ni game grafik juga bagus,iya jir ni game grafik juga bagus,iya jir ni game grafik juga bagus,iya jir ni game grafik bagus,iya jir ni game grafik bagus,"Yes, this game has good graphics"
"ga ada yg salah sih, grafik fitur oke. tapi ini game dating buat cewe. bukan masalah mindset. gua sebagai cowo ya geli. karena ini game buat cewe. masing masing aja kata gua sih, buat playernya silahkan main, tapi jangan marah kalo ada cowo yg geli dan ga suka sama gamenya. bukan karena ga menghargai. karena game ini bukan buat cowo pasarnya. kalian kaum hawa juga geli kan liat five under roof? ya udah sama kalo gtu",ga ada yg salah sih grafik fitur oke tapi ini game dating buat cewe bukan masalah mindset gua sebagai cowo ya geli karena ini game buat cewe masing masing aja kata gua sih buat playernya silahkan main tapi jangan marah kalo ada cowo yg geli dan ga suka sama gamenya bukan karena ga menghargai karena game ini bukan buat cowo pasarnya kalian kaum hawa juga geli kan liat five under roof ya udah sama kalo gtu,ga ada yang salah sih grafik fitur oke tapi ini game dating buat cewe bukan masalah mindset gua sebagai cowo ya geli karena ini game buat cewe masing masing saja kata gua sih buat playernya silahkan main tapi jangan marah kalo ada cowo yang geli dan ga suka sama gamenya bukan karena ga menghargai karena game ini bukan buat cowo pasarnya kalian kaum hawa juga geli kan liat five under roof ya sudah sama kalo gtu,ga salah sih grafik fitur oke game dating cewe mindset gua cowo ya geli game cewe gua sih playernya silahkan main marah kalo cowo geli ga suka gamenya ga menghargai game cowo pasarnya kaum hawa geli liat five under roof ya kalo gtu,ga salah sih grafik fitur oke game dating cewe mindset gua cowo ya geli game cewe gua sih playernya silah main marah kalo cowo geli ga suka gamenya ga harga game cowo pasar kaum hawa geli liat five under roof ya kalo gtu,"It's not wrong, the feature graphics are okay, the dating game for girls, my mindset is a guy, yes, I'm amused by a girl's game, I'm the player who plays, I'm angry, if a guy is amused, he doesn't like the game, the price of the game is not for men, the market for women is amused by watching Five Under Roof, yes, if that's the case"
"tapi aku gak geli tuh ngeliat game five under proof,malah aku tonton ampe habis​ @HanX9300 ",tapi aku gak geli tuh ngeliat game five under proofmalah aku tonton ampe habis hanx,tapi aku gak geli tuh ngeliat game five under proofmalah aku tonton ampe habis hanx,gak geli tuh ngeliat game five under proofmalah tonton ampe habis hanx,gak geli tuh ngeliat game five under proofmalah tonton ampe habis hanx,"I wasn't amused watching the five under proof game, but watched it until the end, hanx"
Kalau geli yah ga usah nonton😂😂​ @HanX9300 ,kalau geli yah ga usah nonton hanx,kalau geli yah ga usah nonton hanx,geli yah ga nonton hanx,geli yah ga nonton hanx,I'm amused if I don't watch Hanx
"To say that this game isnt something that females "" Halu "" For is extrenely disingenious",to say that this game isnt something that females halu for is extrenely disingenious,to say that this game isnt something that females halu for is extrenely disingenious,to say that this game isnt something that females halu for is extrenely disingenious,to say that this game isnt something that females halu for is extrenely disingenious,to say that this game isn't something that females want to do is extremely disingenuous
Thank you bang windah,thank you bang windah,thank you bang windah,thank you bang windah,thank you bang windah,thank you bro windah
aduh gantengnya😹,aduh gantengnya,aduh gantengnya,aduh gantengnya,aduh ganteng,oh handsome
MAKASIHHH BANG WINDAHH UDAH MAU REVIEW GAME NYA❤️❤️❤️❤️,makasihhh bang windahh udah mau review game nya,makasihhh bang windahh sudah mau review game nya,makasihhh bang windahh review game nya,makasihhh bang windahh review game nya,"Thank you bro, Windah for reviewing the game"
BANG AKU MIRIP ZAYNE,bang aku mirip zayne,bang aku mirip zayne,bang zayne,bang zayne,Zayne bro
EVELYN CAKEP BANG AKU NAKSIR,evelyn cakep bang aku naksir,evelyn cakep bang aku naksir,evelyn cakep bang naksir,evelyn cakep bang naksir,"Evelyn is cute, bro, you have a crush"
THANK YOU BG UDH MAININ LADS😭💗💗🥺,thank you bg udh mainin lads,thank you bang udh mainin lads,thank you bang udh mainin lads,thank you bang udh mainin lads,"Thank you bro for playing, lads"
"Let's go, kita harus belajar menjadi laki-laki Sigma dari game ini 😎",lets go kita harus belajar menjadi lakilaki sigma dari game ini,lets go kita harus belajar menjadi lakilaki sigma dari game ini,lets go belajar lakilaki sigma game,lets go ajar lakilaki sigma game,lets go teach men sigma games
MAKASIH BANYAK BANG WINDAH UDAH MAININ GAME LOVE AND DEEPSPACE ❤❤,makasih banyak bang windah udah mainin game love and deepspace,makasih banyak bang windah sudah mainin game love and deepspace,makasih bang windah mainin game love and deepspace,makasih bang windah mainin game love and deepspace,"Thank you bro, Windah for playing the game Love and Deep Space"
Respect bg gg love you❤🎉,respect bg gg love you,respect bang gg love you,respect bang gg love you,respect bang gg love you,respect bro gg love you
"Bang bikin part 2 ya, yg battle tadi belom coba, baru battle main story yg kayak ngasih tutorial dasar wkwkwk😊",bang bikin part ya yg battle tadi belom coba baru battle main story yg kayak ngasih tutorial dasar wkwkwk,bang bikin part ya yang battle tadi belom coba baru battle main story yang kayak ngasih tutorial dasar tertawa,bang bikin part ya battle belom coba battle main story kayak ngasih tutorial dasar tertawa,bang bikin part ya battle bom coba battle main story kayak ngasih tutorial dasar tertawa,"bro, make a battle bomb part, try battle main story, like giving a basic tutorial for laughing"
"GG BANG WINDAH, aku suka game ini💖",gg bang windah aku suka game ini,gg bang windah aku suka game ini,gg bang windah suka game,gg bang windah suka game,"gg, bro, Windah likes games"
"Makasii yaa bang windah udh mainin game ini, ttp semangat bang ☺️💗",makasii yaa bang windah udh mainin game ini ttp semangat bang,makasii yaa bang windah udh mainin game ini ttp semangat bang,makasii yaa bang windah udh mainin game ttp semangat bang,makasii yaa bang windah udh mainin game ttp semangat bang,"Thank you bro, Windah for playing the game but still in good spirits, bro"
bang maaf telat,bang maaf telat,bang maaf telat,bang maaf telat,bang maaf telat,"bro, sorry I'm late"
bang windah aku pengen sylus 🥰,bang windah aku pengen sylus,bang windah aku pengen sylus,bang windah pengen sylus,bang windah ken sylus,Bang Windah Ken Sylus
aku mau pacar kyk zayne,aku mau pacar kyk zayne,aku mau pacar kyk zayne,pacar kyk zayne,pacar kyk zayne,boyfriend like Zayne
"thanksss bg windaahhhh, lovee u bgg 🥺🥺🥺🫶🏻🫶🏻🫶🏻",thanksss bg windaahhhh lovee u bgg,thanksss bang windaahhhh lovee u bgg,thanksss bang windaahhhh lovee u bgg,thanksss bang windaahhhh lovee u bgg,thanks bro windaahhhh love you bro
GG,gg,gg,gg,gg,gg
"Makasih bang Windah udah mau mainin, soalnya aku kepo banget sama game ini tapi gk bisa download soalnya penyimpanannya besar banget jadi blm bisa download, intinya makasih bang",makasih bang windah udah mau mainin soalnya aku kepo banget sama game ini tapi gk bisa download soalnya penyimpanannya besar banget jadi blm bisa download intinya makasih bang,makasih bang windah sudah mau mainin soalnya aku kepo banget sama game ini tapi gk bisa download soalnya penyimpanannya besar banget jadi blm bisa download intinya makasih bang,makasih bang windah mainin kepo banget game gk download penyimpanannya banget blm download intinya makasih bang,makasih bang windah mainin kepo banget game gk download simpan banget blm download inti makasih bang,"Thank you bro, Windah, I'm really confused about the game, it's not downloading, it's really not downloading, the main thing is, thank you bro"
"BANG MAKASI YA UDA MAU MAININ GAME INI, gue mewakili semua cewe bnr bnr salut krna km dah mau mainin game yg buat cewe, sehat selalu bang windah ditunggu next streaming lads ya!!!!",bang makasi ya uda mau mainin game ini gue mewakili semua cewe bnr bnr salut krna km dah mau mainin game yg buat cewe sehat selalu bang windah ditunggu next streaming lads ya,bang makasi ya uda mau mainin game ini gue mewakili semua cewe bnr bnr salut krna km dah mau mainin game yang buat cewe sehat selalu bang windah ditunggu next streaming lads ya,bang makasi ya uda mainin game gue mewakili cewe bnr bnr salut krna km dah mainin game cewe sehat bang windah ditunggu next streaming lads ya,bang makas ya uda mainin game gue wakil cewe bnr bnr salut krna km dah mainin game cewe sehat bang windah tunggu next streaming lads ya,"Bro, thanks for playing the game, I'm the girl's representative, really, salute you because you've played the game for healthy girls, Bro, wait for the next streaming, lads"
"gameenya bikin kangenn banggg ,ntarrr main lagii yakkkk",gameenya bikin kangenn banggg ntarrr main lagii yakkkk,gameenya bikin kangenn banggg ntarrr main lagii yakkkk,gameenya bikin kangenn banggg ntarrr main lagii yakkkk,gameenya bikin kangenn banggg ntarrr main lagi yakkkk,The game makes you really miss playing it again
terima kasih windah sudah bermain game nya dan enjoy dengan gameplay-nya❤,terima kasih windah sudah bermain game nya dan enjoy dengan gameplaynya,terima kasih windah sudah bermain game nya dan enjoy dengan gameplaynya,terima kasih windah bermain game nya enjoy gameplaynya,terima kasih windah main game nya enjoy gameplaynya,"Thank you, Windah, play the game, enjoy the gameplay"
MAKASIH BANYAK BANG WINDAH UDH MAININ GAME INI. AKU DARI KEMARIN NUNGGU IN. 3 JAM PANTENGIN KOMPUTER UNTUK LIAT BANG WINDAH MAININ LNDS! SUMPAH SERU BANGT. AKU KETAWA KETAWA AMPE PEGEL RAHANGG. LOVE YOU SEKEBON BANG! :finger-red-number-one::finger-red-number-one::finger-red-number-one::finger-red-number-one:,makasih banyak bang windah udh mainin game ini aku dari kemarin nunggu in jam pantengin komputer untuk liat bang windah mainin lnds sumpah seru bangt aku ketawa ketawa ampe pegel rahangg love you sekebon bang fingerrednumberonefingerrednumberonefingerrednumberonefingerrednumberone,makasih banyak bang windah udh mainin game ini aku dari kemarin nunggu in jam pantengin komputer untuk liat bang windah mainin lnds sumpah seru bangt aku ketawa ketawa ampe pegel rahangg love you sekebon bang fingerrednumberonefingerrednumberonefingerrednumberonefingerrednumberone,makasih bang windah udh mainin game kemarin nunggu in jam pantengin komputer liat bang windah mainin lnds sumpah seru bangt ketawa ketawa ampe pegel rahangg love you sekebon bang fingerrednumberonefingerrednumberonefingerrednumberonefingerrednumberone,makasih bang windah udh mainin game kemarin nunggu in jam pantengin komputer liat bang windah mainin lnds sumpah seru bangt ketawa ketawa ampe gel rahangg love you kebon bang fingerrednumberonefingerrednumberonefingerrednumberonefingerrednumberone,"Thank you, Bro, Windah, I played the game yesterday, I was waiting for the hour, watching the computer, watching, Bro, Windah, playing lnds, I swear, it's really fun, laugh, laugh, gel jawg, love you kebon bang fingerrednumberonefingerrednumberonefingerrednumberonefingerrednumberone"
"makasih yaa bang review baik nyaa, suka banget sama pemikiran terbuka bang windah, makasih yaa bang, makasih banget, semangat bang ☺",makasih yaa bang review baik nyaa suka banget sama pemikiran terbuka bang windah makasih yaa bang makasih banget semangat bang,makasih yaa bang review baik nyaa suka banget sama pemikiran terbuka bang windah makasih yaa bang makasih banget semangat bang,makasih yaa bang review nyaa suka banget pemikiran terbuka bang windah makasih yaa bang makasih banget semangat bang,makasih yaa bang review nyaa suka banget pikir buka bang windah makasih yaa bang makasih banget semangat bang,"Thank you, bro, for the review, I really like it, I think it's open, bro, Windah, thank you, bro, very enthusiastic, bro"
MAKASIH BANYAK BANG WINDAH❤,makasih banyak bang windah,makasih banyak bang windah,makasih bang windah,makasih bang windah,Thank you bro Windah
"seneng banget bang windah mainin game ini dengan respon positif, terimakasih banyakk bangg🤍 jangan lupa istirahattt",seneng banget bang windah mainin game ini dengan respon positif terimakasih banyakk bangg jangan lupa istirahattt,seneng banget bang windah mainin game ini dengan respon positif terimakasih banyakk bangg jangan lupa istirahattt,seneng banget bang windah mainin game respon positif terimakasih banyakk bangg lupa istirahattt,neng banget bang windah mainin game respon positif terimakasih banyakk bangg lupa istirahattt,"Very nice bro, Windah played the game, positive response, thank you very much, proud, forgot to take a break"
"MAKASIH BANYAKKK BANG WINDAH, SEMANGAT TERUSSS!! 🎉🎉❤❤",makasih banyakkk bang windah semangat terusss,makasih banyakkk bang windah semangat terusss,makasih banyakkk bang windah semangat terusss,makasih banyakkk bang windah semangat terusss,"Thank you very much, bro, keep up the good work"
"gila bang, trimakasih atas tiga jam nya😘😋😋😘😘😘😘",gila bang trimakasih atas tiga jam nya,gila bang trimakasih atas tiga jam nya,gila bang trimakasih jam nya,gila bang trimakasih jam nya,"That's crazy, thanks for the watch"
GG🎉🎉🎉🎉,gg,gg,gg,gg,gg
"halo bang makasih byk udah mainin game ini, aku sgt enjoy nontonnya walaupun aku ga main gamenya bang, rasa penasaranku sama game ini sudah terbayarkan, sekali lagi makasi ya bang. btw lu ganteng bang",halo bang makasih byk udah mainin game ini aku sgt enjoy nontonnya walaupun aku ga main gamenya bang rasa penasaranku sama game ini sudah terbayarkan sekali lagi makasi ya bang btw lu ganteng bang,halo bang makasih byk sudah mainin game ini aku sgt enjoy nontonnya walaupun aku ga main gamenya bang rasa penasaranku sama game ini sudah terbayarkan sekali lagi makasi ya bang by the way lu ganteng bang,halo bang makasih byk mainin game sgt enjoy nontonnya ga main gamenya bang penasaranku game terbayarkan makasi ya bang by the way lu ganteng bang,halo bang makasih byk mainin game sgt enjoy nontonnya ga main gamenya bang penasaran game bayar makas ya bang by the way lu ganteng bang,hello bro thanks a lot for playing the game really enjoyed watching it or not playing the game bro I'm curious about the game paying thanks bro by the way you are handsome bro
makasih banyak papa brando !! aku nangis bang pas nonton live <3,makasih banyak papa brando aku nangis bang pas nonton live,makasih banyak papa brando aku nangis bang pas nonton live,makasih papa brando nangis bang pas nonton live,makasih papa brando nang bang pas nonton live,"Thank you, Papa Brando, bro, when you watched live"
"p, adu no hunter tercantik : 81002205555 😗",p adu no hunter tercantik,p adu no hunter tercantik,p adu no hunter tercantik,p adu no hunter cantik,p adu no hunter beautiful
"THANK YOU SO MUCH BG WINDAH, I LOVE YOU SO MUCH, THANKS UDH REVIEW ❤",thank you so much bg windah i love you so much thanks udh review,thank you so much bang windah i love you so much thanks udh review,thank you so much bang windah i love you so much thanks udh review,thank you so much bang windah i love you so much thanks udh review,thank you so much bro windah i love you so much thanks for the review
THANK YOU SM BANG WINNNNNN,thank you sm bang winnnnnn,thank you sm bang winnnnnn,thank you sm bang winnnnnn,thank you sm bang winnnnnn,thank you sm bro winnnnnn
"SALUT SAMA BANG WINDAH SELALU SEMANGAT UNTUK MENGHIBUR KAMI SEMUA, SEMANGAT TERUS BANG BRANDO.🎉",salut sama bang windah selalu semangat untuk menghibur kami semua semangat terus bang brando,salut sama bang windah selalu semangat untuk menghibur kami semua semangat terus bang brando,salut bang windah semangat menghibur semangat bang brando,salut bang windah semangat hibur semangat bang brando,"Salute, bro, Windah, cheer up, bro Brando"
"Gila, sampe 3 jam, cewek cewek pada betah wkwk",gila sampe jam cewek cewek pada betah wkwk,gila sampe jam cewek cewek pada betah tertawa,gila sampe jam cewek cewek betah tertawa,gila sampe jam cewek cewek betah tertawa,crazy to the point where the girls can't stop laughing
"Rispek bang, thankyou uda dimainin 🎉",rispek bang thankyou uda dimainin,rispek bang thankyou uda dimainin,rispek bang thankyou uda dimainin,rispek bang thankyou uda dimainin,"Respect bro, thank you for playing"
"Thank you bang windah above all the characters yang semua bilang green flag, but u’re the one the green forest for this🙌🏻",thank you bang windah above all the characters yang semua bilang green flag but ure the one the green forest for this,thank you bang windah above all the characters yang semua bilang green flag but ure the one the green forest for this,thank you bang windah above all the characters bilang green flag but ure the one the green forest for this,thank you bang windah above all the characters bilang green flag but ure the one the green forest for this,thank you bro windah above all the characters say green flag but ure the one the green forest for this
Makasih bangg windah🙌🙌,makasih bangg windah,makasih bangg windah,makasih bangg windah,makasih bangg windah,"Thank you very much, Windah"
THANK YOU BANGGGGG❤❤❤❤,thank you banggggg,thank you banggggg,thank you banggggg,thank you banggggg,thank you bro
Kamu juga perlu istirahat yang cukup❤,kamu juga perlu istirahat yang cukup,kamu juga perlu istirahat yang cukup,istirahat,istirahat,Rest
Makasih bang Windah,makasih bang windah,makasih bang windah,makasih bang windah,makasih bang windah,Thank you bro Windah
"terimakasih bang windah udah mainin game ini, mataku jadi seger lagi liat cowok cowok tampan😍 ditunggu part 2 nya bang aku penasaran banget dengan caleb😍",terimakasih bang windah udah mainin game ini mataku jadi seger lagi liat cowok cowok tampan ditunggu part nya bang aku penasaran banget dengan caleb,terimakasih bang windah sudah mainin game ini mataku jadi seger lagi liat cowok cowok tampan ditunggu part nya bang aku penasaran banget dengan caleb,terimakasih bang windah mainin game mataku seger liat cowok cowok tampan ditunggu part nya bang penasaran banget caleb,terimakasih bang windah mainin game mata seger liat cowok cowok tampan tunggu part nya bang penasaran banget caleb,"Thank you bro, Windah, playing the game, my eyes are refreshing when I see a handsome boy, waiting for the part, bro, I'm really curious, Caleb"
"bnagg req main shining nikki, gamenya juga baguss sama kayak LADS, sama2 infold jugaaa, game dress up cantik2 cocokk buat cewek2 dan cowok2 karna ada karakter laki2 nya jugaaa🥰",bnagg req main shining nikki gamenya juga baguss sama kayak lads sama infold jugaaa game dress up cantik cocokk buat cewek dan cowok karna ada karakter laki nya jugaaa,bnagg req main shining nikki gamenya juga baguss sama kayak lads sama infold jugaaa game dress up cantik cocokk buat cewek dan cowok karna ada karakter laki nya jugaaa,bnagg req main shining nikki gamenya baguss kayak lads infold jugaaa game dress up cantik cocokk cewek cowok karna karakter laki nya jugaaa,bnagg req main shining nikki gamenya baguss kayak lads infold jugaaa game dress up cantik cocokk cewek cowok karna karakter laki nya jugaaa,bnagg req playing shining nikki the game is good like lads infold too beautiful dress up game suitable for boys and girls because of the male characters too
SOON LOVE AND DEEPSPACE PART 2 YA PAPAH BRANDOOO 🫵🏻🫶🏻,soon love and deepspace part ya papah brandooo,soon love and deepspace part ya papah brandooo,soon love and deepspace part ya papah brandooo,soon love and deepspace part ya papah brandooo,soon love and deepspace part ya papa brandoo
Bang katanya 2030 ada character baru namanya Windah Basudara,bang katanya ada character baru namanya windah basudara,bang katanya ada character baru namanya windah basudara,bang character namanya windah basudara,bang character nama windah basudara,bang character name windah basudara
Zayne suamiku bang,zayne suamiku bang,zayne suamiku bang,zayne suamiku bang,zayne suami bang,Zayne is your husband
Bang grinding aja dulu bang serius gw pengen liat lu main kartu kucing dan nonton kindled2 lain. Klo ribet grinding pinjem akun org aja bang trus review fitur2nya semuanya,bang grinding aja dulu bang serius gw pengen liat lu main kartu kucing dan nonton kindled lain klo ribet grinding pinjem akun org aja bang trus review fiturnya semuanya,bang grinding saja dulu bang serius gw pengen liat lu main kartu kucing dan nonton kindled lain klo ribet grinding pinjem akun org saja bang trus review fiturnya semuanya,bang grinding bang serius gw pengen liat lu main kartu kucing nonton kindled klo ribet grinding pinjem akun org bang trus review fiturnya,bang grinding bang serius gw ken liat lu main kartu kucing nonton kindled klo ribet grinding pinjem akun org bang trus review fiturnya,"bro, grinding, bro, seriously, I want to see you playing cards, cats, watching kindled, if grinding is complicated, borrow someone's account, bro, then review the features"
"gg topup  1jt, bang windah menyumbang pendapatan gim bang",gg topup jt bang windah menyumbang pendapatan gim bang,gg topup jt bang windah menyumbang pendapatan gim bang,gg topup jt bang windah menyumbang pendapatan gim bang,gg topup jt bang windah sumbang dapat gim bang,gg topup jt bro windah donating can get a game bro
MAKASI BANYAK UDAH MAIN DAN MEREVIEW GAME INI DENGAN POSITIF BANGGG RESPECT BUATMU,makasi banyak udah main dan mereview game ini dengan positif banggg respect buatmu,makasi banyak sudah main dan mereview game ini dengan positif banggg respect buatmu,makasi main mereview game positif banggg respect buatmu,makas main mereview game positif banggg respect buat,"So playing and reviewing positive games, great respect for you"
MAKASIIIII PAPAA BRANDOO 🫶🏻🫶🏻🫶🏻🫶🏻💞💞💞💞,makasiiiii papaa brandoo,makasiiiii papaa brandoo,makasiiiii papaa brandoo,makasiiiii papaa brandoo,thanks papa brandoo
Makasih bang udah review ❤,makasih bang udah review,makasih bang sudah review,makasih bang review,makasih bang review,Thank you for the review bro
Pin aku 😡😡,pin aku,pin aku,pin,pin,pin
"THANKYOU BANG, jadi bisa riview card caleb",thankyou bang jadi bisa riview card caleb,thankyou bang jadi bisa riview card caleb,thankyou bang riview card caleb,thankyou bang riview card caleb,"Thank you bro, review card Caleb"
"Saya sebagai player love and deepspace Seneng banget udh mainin game ini dan terimakasih bg udh menghibur kami,dan terimakasih buat bg windah 🔥🔥",saya sebagai player love and deepspace seneng banget udh mainin game ini dan terimakasih bg udh menghibur kamidan terimakasih buat bg windah,saya sebagai player love and deepspace seneng banget udh mainin game ini dan terimakasih bang udh menghibur kamidan terimakasih buat bang windah,player love and deepspace seneng banget udh mainin game terimakasih bang udh menghibur kamidan terimakasih bang windah,player love and deepspace neng banget udh mainin game terimakasih bang udh hibur kamidan terimakasih bang windah,player love and deepspace really neng for playing the game thank you bro for entertaining us and thank you bro windah
TERIMAKASIH BANG WINDAHH❤❤❤❤💐💐💐💐,terimakasih bang windahh,terimakasih bang windahh,terimakasih bang windahh,terimakasih bang windahh,thank you bro windahh
AAAA MAKASI BANYAK BANG WIND !!!! WALAUPUN KENA SCAM BERKALI-KALI YAK 😭😭😭💪💪💪💪,aaaa makasi banyak bang wind walaupun kena scam berkalikali yak,aaaa makasi banyak bang wind walaupun kena scam berkalikali yak,aaaa makasi bang wind kena scam berkalikali yak,aaaa makas bang wind kena scam berkalikali yak,"aaaa, thanks bro, Wind got scammed many times"
MAKASIH BANGET BANG WINDAH AKU TERHARU BANGET😢❤,makasih banget bang windah aku terharu banget,makasih banget bang windah aku terharu banget,makasih banget bang windah terharu banget,makasih banget bang windah haru banget,"Thank you so much bro, I'm really touched"
Thank you reviewnya,thank you reviewnya,thank you reviewnya,thank you reviewnya,thank you reviewnya,thank you for the review
MAKASIH YA BANG UDAH EFFORT MAU MAININ SELAMA 3 JAM AN,makasih ya bang udah effort mau mainin selama jam an,makasih ya bang sudah effort mau mainin selama jam an,makasih ya bang effort mainin jam an,makasih ya bang effort mainin jam an,Thank you bro for your effort in playing the clock
"3 jam wehh haha, thanks banyak2 bang ❤",jam wehh haha thanks banyak bang,jam wehh haha thanks banyak bang,jam wehh haha thanks bang,jam wehh haha thanks bang,wow haha ​​thanks bro
Sylus pacar aku bang,sylus pacar aku bang,sylus pacar aku bang,sylus pacar bang,sylus pacar bang,Sylus is your girlfriend
DITUNGGU PART 2!!!,ditunggu part,ditunggu part,ditunggu part,tunggu part,wait part
ubur ubur ikan lele makasih le. WKWKWKW LOPYU BANG TERIMAKASIIIIH,ubur ubur ikan lele makasih le wkwkwkw lopyu bang terimakasiiiih,ubur ubur ikan lele makasih le tertawa lopyu bang terimakasiiiih,ubur ubur ikan lele makasih le tertawa lopyu bang terimakasiiiih,ubur ubur ikan lele makasih le tertawa lopyu bang terimakasiiiih,jellyfish catfish thank you le laugh lopyu bro thank you
ak egk prnah diabsen ㅠㅠ,ak egk prnah diabsen,ak egk prnah diabsen,ak egk prnah diabsen,ak egk prnah absen,I've never been absent
Thank you bangg,thank you bangg,thank you bangg,thank you bangg,thank you bangg,thank you bro
RESPECT BANG 🤝🏻,respect bang,respect bang,respect bang,respect bang,respect bro
Terima kasih banyak bang Windah🎉❤,terima kasih banyak bang windah,terima kasih banyak bang windah,terima kasih bang windah,terima kasih bang windah,thank you bro windah
LOVEE YOUU BANG WINDAH,lovee youu bang windah,lovee youu bang windah,lovee youu bang windah,lovee youu bang windah,love you bro windah
"TERIMAKASIH BANG WINDAHHHH, I LOVE YOU SO MUCHHHH❤❤❤",terimakasih bang windahhhh i love you so muchhhh,terimakasih bang windahhhh i love you so muchhhh,terimakasih bang windahhhh i love you so muchhhh,terimakasih bang windahhhh i love you so muchhhh,thank you bro windahhhh i love you so muchhhh
GACORR BANGG,gacorr bangg,gacorr bangg,gacorr bangg,gacorr bangg,gacorr proud
OMGGG THANK YOU BANGG🌷🌷,omggg thank you bangg,omggg thank you bangg,omggg thank you bangg,omggg thank you bangg,omggg thank you bro
MAKASIH BANYAK BANG WINDAH😖😊,makasih banyak bang windah,makasih banyak bang windah,makasih bang windah,makasih bang windah,Thank you bro Windah
PLS LABGSUNG GOODMOOD NONTON INI 😭😭😭😭,pls labgsung goodmood nonton ini,tolong labgsung goodmood nonton ini,tolong labgsung goodmood nonton,tolong labgsung goodmood nonton,please be in a good mood to watch
TERIMAKASIH BANG WINDAHHH❤️❤️,terimakasih bang windahhh,terimakasih bang windahhh,terimakasih bang windahhh,terimakasih bang windahhh,thank you bro windahhh
aku nonton sampe habis bg,aku nonton sampe habis bg,aku nonton sampe habis bang,nonton sampe habis bang,nonton sampe habis bang,watch until the end bro
TERIMAKASIH BANG BRANDO 💗💗💗,terimakasih bang brando,terimakasih bang brando,terimakasih bang brando,terimakasih bang brando,"Thank you, Brando"
"makasiiii yaaa bangg windahhh, emg gada yg salah si di game ini cmn event kmren emg agak sensitif bang huaaa thankss",makasiiii yaaa bangg windahhh emg gada yg salah si di game ini cmn event kmren emg agak sensitif bang huaaa thankss,makasiiii yaaa bangg windahhh emg gada yang salah si di game ini cmn event kmren emg agak sensitif bang huaaa thankss,makasiiii yaaa bangg windahhh emg gada salah si game cmn event kmren emg sensitif bang huaaa thankss,makasiiii yaaa bangg windahhh emg gada salah si game cmn event kmren emg sensitif bang huaaa thankss,"Thank you, I'm proud of Windahhh, there's nothing wrong with the game and yesterday's event, it's really sensitive, bro, huaaa, thanks"
ikan hiu makan panda i love you bang windah,ikan hiu makan panda i love you bang windah,ikan hiu makan panda i love you bang windah,ikan hiu makan panda i love you bang windah,ikan hiu makan panda i love you bang windah,shark eats panda i love you bro windah
gila nonton ni game Ampe ketiduran wkwk,gila nonton ni game ampe ketiduran wkwk,gila nonton ni game ampe ketiduran tertawa,gila nonton ni game ampe ketiduran tertawa,gila nonton ni game ampe tidur tertawa,I'm crazy watching this game until I fall asleep laughing
smua sayang bg windah,smua sayang bg windah,smua sayang bang windah,smua sayang bang windah,smua sayang bang windah,"Everyone loves you, bro, Windah"
"Thankyouu bg, sangat memuaskan aku yg blm bisa topup wkwk",thankyouu bg sangat memuaskan aku yg blm bisa topup wkwk,thankyouu bang sangat memuaskan aku yang blm bisa topup tertawa,thankyouu bang memuaskan blm topup tertawa,thankyouu bang muas blm topup tertawa,"Thank you bro, I'm satisfied I haven't topped up laughing yet"
makasih bang windah sudah mau main game LADS. jangan lupa istirahat ya🥺💗,makasih bang windah sudah mau main game lads jangan lupa istirahat ya,makasih bang windah sudah mau main game lads jangan lupa istirahat ya,makasih bang windah main game lads lupa istirahat ya,makasih bang windah main game lads lupa istirahat ya,"Thank you, bro, playing games, lads, forgot to take a break"
Makasih bang🥺,makasih bang,makasih bang,makasih bang,makasih bang,thanks bro
MAKASIIII BANG WINDAHHH❤❤,makasiiii bang windahhh,makasiiii bang windahhh,makasiiii bang windahhh,makasiiii bang windahhh,Thank you bro Windahhh
TERIMA KASIH BANG WINDAHHHH MANTAPPP,terima kasih bang windahhhh mantappp,terima kasih bang windahhhh mantappp,terima kasih bang windahhhh mantappp,terima kasih bang windahhhh mantappp,"Thank you bro, Windahhh, great"
MAKASI BANYAK BANGG!!!! ❤❤❤❤,makasi banyak bangg,makasi banyak bangg,makasi bangg,makas bangg,thanks bro
MAKASI BANGGGG LOVE THE GAMEPLAY AND RESPECTFULL COMMENTS MWAHH,makasi bangggg love the gameplay and respectfull comments mwahh,makasi bangggg love the gameplay and respectfull comments mwahh,makasi bangggg love the gameplay and respectfull comments mwahh,makas bangggg love the gameplay and respectfull comments mwahh,Makas bro love the gameplay and respectfull comments mwahh
dimainin jg akhirnya😂😂,dimainin jg akhirnya,dimainin juga akhirnya,dimainin,dimainin,played
Bang ini game forno kata cowo² pengefong game five hearts under one roof,bang ini game forno kata cowo pengefong game five hearts under one roof,bang ini game forno kata cowo pengefong game five hearts under one roof,bang game forno cowo pengefong game five hearts under one roof,bang game forno cowo pengefong game five hearts under one roof,bang game forno cowo pengefong game five hearts under one roof
TERIMAKASIIH BANYAK BANG UDAH REVIEW❤,terimakasiih banyak bang udah review,terimakasiih banyak bang sudah review,terimakasiih bang review,terimakasiih bang review,Thank you bro for the review
gg bg,gg bg,gg bang,gg bang,gg bang,gg bro
"THANK YOU BANG, LOVE YOU SO MUCH ❤❤❤❤❤",thank you bang love you so much,thank you bang love you so much,thank you bang love you so much,thank you bang love you so much,thank you bro love you so much
Ges yg pnya id BG windah bagi dong,ges yg pnya id bg windah bagi dong,ges yang pnya id bang windah bagi dong,ges pnya id bang windah,ges pnya id bang windah,Ges pnya ID bang windah
THANK YOUUU BANG WINDAAHHH🫶🏻🫶🏻🫶🏻🫶🏻🩷🩷🩷🩷,thank youuu bang windaahhh,thank youuu bang windaahhh,thank youuu bang windaahhh,thank youuu bang windaahhh,thank youuu bro windaahhh
THANK YOU BANG WINDAHHHH❤❤❤🤗🤗🤗🤗🤗🤗,thank you bang windahhhh,thank you bang windahhhh,thank you bang windahhhh,thank you bang windahhhh,thank you bro windahhhh
kata2mu bagus banget bang makasih ya bang sudah memainkan game ini 🥹🥺🫰🏻,katamu bagus banget bang makasih ya bang sudah memainkan game ini,katamu bagus banget bang makasih ya bang sudah memainkan game ini,katamu bagus banget bang makasih ya bang memainkan game,kata bagus banget bang makasih ya bang main game,"Very good words, bro, thanks for playing the game"
makasiii banyakkk bang windahhhh,makasiii banyakkk bang windahhhh,makasiii banyakkk bang windahhhh,makasiii banyakkk bang windahhhh,makasiii banyakkk bang windahhhh,thanks a lot bro windahhhh
THANK YOU BANG ditunggu part 2 nya🙌,thank you bang ditunggu part nya,thank you bang ditunggu part nya,thank you bang ditunggu part nya,thank you bang tunggu part nya,"thank you bro, wait for the part"
Thank youuu banggggg,thank youuu banggggg,thank youuu banggggg,thank youuu banggggg,thank youuu banggggg,thank you bro
"makasii bang windahh udah adill, lopyuu bangg🤍",makasii bang windahh udah adill lopyuu bangg,makasii bang windahh sudah adill lopyuu bangg,makasii bang windahh adill lopyuu bangg,makasii bang windahh adill lopyuu bangg,"Thank you bro, Windahh, I'm so proud"
kerennn bangggg,kerennn bangggg,kerennn bangggg,kerennn bangggg,kerennn bangggg,cool bro
Makasih bangg,makasih bangg,makasih bangg,makasih bangg,makasih bangg,thank you bro
Akhirnya ngga 26 detik lagi wkwk,akhirnya ngga detik lagi wkwk,akhirnya ngga detik lagi tertawa,ngga detik tertawa,ngga detik tertawa,didn't laugh for a second
makasih ia bang windah love u always dari pacar zayne n sylus,makasih ia bang windah love u always dari pacar zayne n sylus,makasih ia bang windah love u always dari pacar zayne n sylus,makasih bang windah love u always pacar zayne n sylus,makasih bang windah love u always pacar zayne n sylus,"Thank you bro, Windah, love you, always Zayne and Sylus' girlfriend"
"jadi kasian sama youtuber yang kemaren digoreng tepung saos asam manis, padahal gaada yang salah sama gamenya",jadi kasian sama youtuber yang kemaren digoreng tepung saos asam manis padahal gaada yang salah sama gamenya,jadi kasian sama youtuber yang kemaren digoreng tepung saos asam manis padahal gaada yang salah sama gamenya,kasian youtuber kemaren digoreng tepung saos asam manis gaada salah gamenya,kasi youtuber kemaren goreng tepung saos asam manis gaada salah gamenya,"Thanks to yesterday's YouTuber frying flour in sweet and sour sauce, there's nothing wrong with the game"
MAKASIH BANG WINDAHHHH❤,makasih bang windahhhh,makasih bang windahhhh,makasih bang windahhhh,makasih bang windahhhh,Thank you bro Windahhh
Bang plis balas komentar gua 1× bang plis 🤏🙏,bang plis balas komentar gua bang plis,bang tolong balas komentar gua bang tolong,bang tolong balas komentar gua bang tolong,bang tolong balas komentar gua bang tolong,"Bro, please reply to my comment, bro, please"
Tq bang udah mainin game ini,tq bang udah mainin game ini,tq bang sudah mainin game ini,tq bang mainin game,tq bang mainin game,Thank you bro for playing the game
Xavier pacar aku bang,xavier pacar aku bang,xavier pacar aku bang,xavier pacar bang,xavier pacar bang,Xavier is your girlfriend
MAKASIHH BANGG WINDAHHH❤❤❤❤❤,makasihh bangg windahhh,makasihh bangg windahhh,makasihh bangg windahhh,makasihh bangg windahhh,"Thank you very much, Windahhh"
Masih gantengan bang windah 🤫🤫,masih gantengan bang windah,masih gantengan bang windah,gantengan bang windah,ganteng bang windah,beautiful bro
bang windah ketagihan kah wkwkkw,bang windah ketagihan kah wkwkkw,bang windah ketagihan kah wkwkkw,bang windah ketagihan kah wkwkkw,bang windah tagih kah wkwkkw,"Bro, Windah, do you want me hahaha"
MAKASI UDA MAU MAIN GAME NYA BANGGG,makasi uda mau main game nya banggg,makasi uda mau main game nya banggg,makasi uda main game nya banggg,makas uda main game nya banggg,Thanks for playing the game bro
WAH?,wah,wah,,,
Terima kasih bang windah❤,terima kasih bang windah,terima kasih bang windah,terima kasih bang windah,terima kasih bang windah,thank you bro windah
THANKYOU BANG WINDAHH💗,thankyou bang windahh,thankyou bang windahh,thankyou bang windahh,thankyou bang windahh,thank you bro windahh
Makasih bang udah mainin game ini yaaa! 🤍,makasih bang udah mainin game ini yaaa,makasih bang sudah mainin game ini yaaa,makasih bang mainin game yaaa,makasih bang mainin game yaaa,Thank you bro for playing the game
makasi bang uda mainin game ini😭🫶🏻,makasi bang uda mainin game ini,makasi bang uda mainin game ini,makasi bang uda mainin game,makas bang uda mainin game,Thanks bro for playing the game
THANKYOU BANG WINDAHH❤❤❤🎉,thankyou bang windahh,thankyou bang windahh,thankyou bang windahh,thankyou bang windahh,thank you bro windahh
"lanjutin story caleb bang, yang setuju ketik iya",lanjutin story caleb bang yang setuju ketik iya,lanjutin story caleb bang yang setuju ketik iya,lanjutin story caleb bang setuju ketik iya,lanjutin story caleb bang tuju ketik iya,"Continue with Caleb's story, bro, type yes"
"Banner sebelumnya emg bahaya bang, aku dikasih lihat ceweku. Bakalan liar sih kalo distream pas banner kemarin",banner sebelumnya emg bahaya bang aku dikasih lihat ceweku bakalan liar sih kalo distream pas banner kemarin,banner sebelumnya emg bahaya bang aku dikasih lihat ceweku bakalan liar sih kalo distream pas banner kemarin,banner emg bahaya bang dikasih lihat ceweku liar sih kalo distream pas banner kemarin,banner emg bahaya bang kasih lihat ceweku liar sih kalo distream pas banner kemarin,"The banner is really dangerous, bro, let me see my wild girl if it was streamed with yesterday's banner"
​ @MuhammadIlham-dl7il emang banner kaya gimana tuh bg sorry,muhammadilhamdlil emang banner kaya gimana tuh bg sorry,muhammadilhamdlil emang banner kaya gimana tuh bang sorry,muhammadilhamdlil emang banner kaya gimana tuh bang sorry,muhammadilhamdlil emang banner kaya gimana tuh bang sorry,"muhammadilhamdlil what kind of banner is that, sorry bro"
" @ouwisz  banner sebelumnya ""hot"" bang, kalo sekarang mah udah gpp😋🙏🏻🙏🏻",ouwisz banner sebelumnya hot bang kalo sekarang mah udah gpp,ouwisz banner sebelumnya hot bang kalo sekarang mah sudah gpp,ouwisz banner hot bang kalo mah gpp,ouwisz banner hot bang kalo mah gpp,"ouwisz hot banner, bro, it's okay"
"Bannernya lagi bahaya bang kemaren, kalau sekarang bannernya lagi fokus ke cyborg si caleb",bannernya lagi bahaya bang kemaren kalau sekarang bannernya lagi fokus ke cyborg si caleb,bannernya lagi bahaya bang kemaren kalau sekarang bannernya lagi fokus ke cyborg si caleb,bannernya bahaya bang kemaren bannernya fokus cyborg si caleb,bannernya bahaya bang kemaren bannernya fokus cyborg si caleb,"The banner is dangerous, bro. Yesterday the banner focused on Caleb's cyborg"
iya nih giliran gini aja pada komen positif 😢,iya nih giliran gini aja pada komen positif,iya nih giliran gini saja pada komen positif,iya nih giliran gini komen positif,iya nih gilir gin komen positif,"Yes, it's my turn to comment positively"
youtuber yang digoreng sampe ke komun inter bukan bang wlwkwk,youtuber yang digoreng sampe ke komun inter bukan bang wlwkwk,youtuber yang digoreng sampe ke komun inter bukan bang wlwkwk,youtuber digoreng sampe komun inter bang wlwkwk,youtuber goreng sampe komun inter bang wlwkwk,YouTubers fry until they're inter-commune bro wlwkwk
siapa si,siapa si,siapa si,si,si,si
Wah Lily kamu disini,wah lily kamu disini,wah lily kamu disini,lily,lily,Lily
@auliacahaya8264  waduuu kita ketemuu lagi aullll,auliacahaya waduuu kita ketemuu lagi aullll,auliacahaya waduuu kita ketemuu lagi aullll,auliacahaya waduuu ketemuu aullll,auliacahaya waduuu ketemuu aullll,auliacahaya waduuu meet you aullll
Iya,iya,iya,iya,iya,Yes
IYAAAAAA,iyaaaaaa,iyaaaaaa,iyaaaaaa,iyaaaaaa,yeah
IYA,iya,iya,iya,iya,Yes
Iya,iya,iya,iya,iya,Yes
GUA LANANG KETIK YAAA,gua lanang ketik yaaa,gua lanang ketik yaaa,gua lanang ketik yaaa,gua lanang ketik yaaa,I'll just type
ak si yes,ak si yes,ak si yes,ak si yes,ak si yes,ak si yes
iyaaa,iyaaa,iyaaa,iyaaa,iyaaa,Yes
iya,iya,iya,iya,iya,Yes
Iya setuju,iya setuju,iya setuju,iya setuju,iya tuju,"yes, aim"
iyaa,iyaa,iyaa,iyaa,iyaa,yeah
Iya,iya,iya,iya,iya,Yes
INGYAHH,ingyahh,ingyahh,ingyahh,ingyahh,ingyahh
IYA,iya,iya,iya,iya,Yes
IYAAA,iyaaa,iyaaa,iyaaa,iyaaa,Yes
Se7,se,se,,,
tak nak,tak nak,tak nak,nak,nak,son
Iya,iya,iya,iya,iya,Yes
iya,iya,iya,iya,iya,Yes
STUJUUU,stujuuu,stujuuu,stujuuu,stujuuu,stujuuu
ITA,ita,ita,ita,ita,ita
Iya,iya,iya,iya,iya,Yes
iyap,iyap,iyap,iyap,iyap,yeah
Iya,iya,iya,iya,iya,Yes
Iyaa,iyaa,iyaa,iyaa,iyaa,yeah
IYA PLIS AKU SUKA CALEBB,iya plis aku suka calebb,iya tolong aku suka calebb,iya tolong suka calebb,iya tolong suka calebb,yes please like calebb
IYA,iya,iya,iya,iya,Yes
IYA,iya,iya,iya,iya,Yes
IYAAA,iyaaa,iyaaa,iyaaa,iyaaa,Yes
iya,iya,iya,iya,iya,Yes
Iyaaa,iyaaa,iyaaa,iyaaa,iyaaa,Yes
iya,iya,iya,iya,iya,Yes
Iya,iya,iya,iya,iya,Yes
IYAA,iyaa,iyaa,iyaa,iyaa,yeah
iya,iya,iya,iya,iya,Yes
IYA,iya,iya,iya,iya,Yes
Iya,iya,iya,iya,iya,Yes
Iya,iya,iya,iya,iya,Yes
Iya,iya,iya,iya,iya,Yes
iyaaaaaaaa,iyaaaaaaaa,iyaaaaaaaa,iyaaaaaaaa,iyaaaaaaaa,yeaaaaaaa
Iy,iy,iy,iy,iy,yeah
YAA,yaa,yaa,yaa,yaa,yeah
Iyaaaaaa,iyaaaaaa,iyaaaaaa,iyaaaaaa,iyaaaaaa,yeah
iya,iya,iya,iya,iya,Yes
IYAAAA,iyaaaa,iyaaaa,iyaaaa,iyaaaa,yeah
iyaa letsgo,iyaa letsgo,iyaa letsgo,iyaa letsgo,iyaa letsgo,yeah letsgo
Iya,iya,iya,iya,iya,Yes
IYA,iya,iya,iya,iya,Yes
iya,iya,iya,iya,iya,Yes
iyaaa,iyaaa,iyaaa,iyaaa,iyaaa,Yes
IYAAA IHH,iyaaa ihh,iyaaa ihh,iyaaa ihh,iyaaa ihh,yeah ugh
Iyaa,iyaa,iyaa,iyaa,iyaa,yeah
IYAA,iyaa,iyaa,iyaa,iyaa,yeah
IYA,iya,iya,iya,iya,Yes
IYA,iya,iya,iya,iya,Yes
IYA,iya,iya,iya,iya,Yes
Iyaaaa,iyaaaa,iyaaaa,iyaaaa,iyaaaa,yeah
Iyah syg😂,iyah syg,iyah syg,iyah syg,iyah syg,yes darling
Iya,iya,iya,iya,iya,Yes
iya,iya,iya,iya,iya,Yes
Setuju 😅,setuju,setuju,setuju,tuju,aim
IYA IYA IYA,iya iya iya,iya iya iya,iya iya iya,iya iya iya,"Yes, yes, yes"
iya,iya,iya,iya,iya,Yes
ia,ia,ia,,,
IYA,iya,iya,iya,iya,Yes
Iya,iya,iya,iya,iya,Yes
Iya,iya,iya,iya,iya,Yes
iya,iya,iya,iya,iya,Yes
IYAAA,iyaaa,iyaaa,iyaaa,iyaaa,Yes
Iya,iya,iya,iya,iya,Yes
iyaa,iyaa,iyaa,iyaa,iyaa,yeah
IYA!!,iya,iya,iya,iya,Yes
iyaaa,iyaaa,iyaaa,iyaaa,iyaaa,Yes
IYA,iya,iya,iya,iya,Yes
Iya,iya,iya,iya,iya,Yes
iyaaAa,iyaaaa,iyaaaa,iyaaaa,iyaaaa,yeah
Iya,iya,iya,iya,iya,Yes
IYAAAAAA,iyaaaaaa,iyaaaaaa,iyaaaaaa,iyaaaaaa,yeah
Iyaaa,iyaaa,iyaaa,iyaaa,iyaaa,Yes
iya bang,iya bang,iya bang,iya bang,iya bang,yes bro
Iyaaa,iyaaa,iyaaa,iyaaa,iyaaa,Yes
NGAK,ngak,ngak,ngak,ngak,nope
Iya,iya,iya,iya,iya,Yes
IYAA,iyaa,iyaa,iyaa,iyaa,yeah
IYA,iya,iya,iya,iya,Yes
Iya,iya,iya,iya,iya,Yes
Iya cuyy riil,iya cuyy riil,iya cuyy riil,iya cuyy riil,iya cuyy riil,"yeah, it's real"
IYA,iya,iya,iya,iya,Yes
Iya,iya,iya,iya,iya,Yes
iya,iya,iya,iya,iya,Yes
Iya,iya,iya,iya,iya,Yes
IYA,iya,iya,iya,iya,Yes
IYAAA PLSSS,iyaaa plsss,iyaaa plsss,iyaaa plsss,iyaaa plsss,yeah plsss
iya,iya,iya,iya,iya,Yes
IYA,iya,iya,iya,iya,Yes
IYA,iya,iya,iya,iya,Yes
iya,iya,iya,iya,iya,Yes
Iya,iya,iya,iya,iya,Yes
"iyaaaaa, bg brando",iyaaaaa bg brando,iyaaaaa bang brando,iyaaaaa bang brando,iyaaaaa bang brando,"Yes, bro Brando"
IYAAA GASSS,iyaaa gasss,iyaaa gasss,iyaaa gasss,iyaaa gasss,yeah gasss
iya,iya,iya,iya,iya,Yes
iyyaq,iyyaq,iyyaq,iyyaq,iyyaq,yes
IYA,iya,iya,iya,iya,Yes
IYAAA,iyaaa,iyaaa,iyaaa,iyaaa,Yes
Ingyh,ingyh,ingyh,ingyh,ingyh,Ingyh
Iya,iya,iya,iya,iya,Yes
Iya,iya,iya,iya,iya,Yes
IYAA,iyaa,iyaa,iyaa,iyaa,yeah
IYAAA,iyaaa,iyaaa,iyaaa,iyaaa,Yes
IYA,iya,iya,iya,iya,Yes
IYA,iya,iya,iya,iya,Yes
Iya,iya,iya,iya,iya,Yes
IYAAA,iyaaa,iyaaa,iyaaa,iyaaa,Yes
iya,iya,iya,iya,iya,Yes
Iya,iya,iya,iya,iya,Yes
Y,y,y,y,y,y
iya,iya,iya,iya,iya,Yes
iyaaaa,iyaaaa,iyaaaa,iyaaaa,iyaaaa,yeah
iyhhh,iyhhh,iyhhh,iyhhh,iyhhh,yeh
IYAAA,iyaaa,iyaaa,iyaaa,iyaaa,Yes
Iya,iya,iya,iya,iya,Yes
IYA,iya,iya,iya,iya,Yes
IYA,iya,iya,iya,iya,Yes
IYAAAA,iyaaaa,iyaaaa,iyaaaa,iyaaaa,yeah
IYAAAAAA,iyaaaaaa,iyaaaaaa,iyaaaaaa,iyaaaaaa,yeah
IYAAAA,iyaaaa,iyaaaa,iyaaaa,iyaaaa,yeah
IYA,iya,iya,iya,iya,Yes
Setuju lexcier,setuju lexcier,setuju lexcier,setuju lexcier,tuju lexcier,go to lexcier
Iya,iya,iya,iya,iya,Yes
Iya,iya,iya,iya,iya,Yes
Iyaa,iyaa,iyaa,iyaa,iyaa,yeah
IYAA,iyaa,iyaa,iyaa,iyaa,yeah
iya,iya,iya,iya,iya,Yes
Crystal,crystal,crystal,crystal,crystal,Crystal
iyaaaa,iyaaaa,iyaaaa,iyaaaa,iyaaaa,yeah
YAAA,yaaa,yaaa,yaaa,yaaa,yeah
Iya😾,iya,iya,iya,iya,Yes
Iyaa,iyaa,iyaa,iyaa,iyaa,yeah
IYA,iya,iya,iya,iya,Yes
Iya,iya,iya,iya,iya,Yes
IYAAAA,iyaaaa,iyaaaa,iyaaaa,iyaaaa,yeah
Iyaa,iyaa,iyaa,iyaa,iyaa,yeah
iya,iya,iya,iya,iya,Yes
Uppp,uppp,uppp,uppp,uppp,uppp
Iyaaa,iyaaa,iyaaa,iyaaa,iyaaa,Yes
Iya,iya,iya,iya,iya,Yes
IYAAAA,iyaaaa,iyaaaa,iyaaaa,iyaaaa,yeah
IYYA,iyya,iyya,iyya,iyya,yeah
iya,iya,iya,iya,iya,Yes
IYAA,iyaa,iyaa,iyaa,iyaa,yeah
iya,iya,iya,iya,iya,Yes
IYA,iya,iya,iya,iya,Yes
Ia,ia,ia,,,
IYA,iya,iya,iya,iya,Yes
Iya,iya,iya,iya,iya,Yes
iyyyaaaa,iyyyaaaa,iyyyaaaa,iyyyaaaa,iyyyaaaa,yyyyaaaa
iyaw,iyaw,iyaw,iyaw,iyaw,yeah
ketik iya,ketik iya,ketik iya,ketik iya,ketik iya,type yes
iya,iya,iya,iya,iya,Yes
IYA,iya,iya,iya,iya,Yes
Iya,iya,iya,iya,iya,Yes
Iyaa,iyaa,iyaa,iyaa,iyaa,yeah
Iya,iya,iya,iya,iya,Yes
IYA!!,iya,iya,iya,iya,Yes
iya,iya,iya,iya,iya,Yes
Tf,tf,tf,tf,tf,tf
SETUJUUUUU,setujuuuuu,setujuuuuu,setujuuuuu,setujuuuuu,agreeeee
IYA,iya,iya,iya,iya,Yes
Iyyyaaaaa,iyyyaaaaa,iyyyaaaaa,iyyyaaaaa,iyyyaaaaa,yyyyaaaa
iya,iya,iya,iya,iya,Yes
iya,iya,iya,iya,iya,Yes
Iya,iya,iya,iya,iya,Yes
iya,iya,iya,iya,iya,Yes
iya,iya,iya,iya,iya,Yes
Iya,iya,iya,iya,iya,Yes
Iya,iya,iya,iya,iya,Yes
IYAAA,iyaaa,iyaaa,iyaaa,iyaaa,Yes
iYA,iya,iya,iya,iya,Yes
IYA,iya,iya,iya,iya,Yes
YOOOIIIIII,yoooiiiiii,yoooiiiiii,yoooiiiiii,yoooiiiiii,yoooiiiiii
IYA,iya,iya,iya,iya,Yes
IYAA,iyaa,iyaa,iyaa,iyaa,yeah
SETUJUUU,setujuuu,setujuuu,setujuuu,setujuuu,I agree
tiya,tiya,tiya,tiya,tiya,nope
IYAA,iyaa,iyaa,iyaa,iyaa,yeah
Iyaaa,iyaaa,iyaaa,iyaaa,iyaaa,Yes
Iya,iya,iya,iya,iya,Yes
IYAA,iyaa,iyaa,iyaa,iyaa,yeah
Iya,iya,iya,iya,iya,Yes
IYAAAA,iyaaaa,iyaaaa,iyaaaa,iyaaaa,yeah
IYA,iya,iya,iya,iya,Yes
Iya,iya,iya,iya,iya,Yes
iyaaaaaa,iyaaaaaa,iyaaaaaa,iyaaaaaa,iyaaaaaa,yeah
Ia,ia,ia,,,
IYAAA,iyaaa,iyaaa,iyaaa,iyaaa,Yes
SETUJUUU,setujuuu,setujuuu,setujuuu,setujuuu,I agree
IYA,iya,iya,iya,iya,Yes
YAAAA,yaaaa,yaaaa,yaaaa,yaaaa,yeah
iya,iya,iya,iya,iya,Yes
Iya,iya,iya,iya,iya,Yes
iyh,iyh,iyh,iyh,iyh,yep
IYAAAAAAAA,iyaaaaaaaa,iyaaaaaaaa,iyaaaaaaaa,iyaaaaaaaa,yeaaaaaaa
yessss,yessss,yessss,yessss,yessss,yessss
iyyaaaa,iyyaaaa,iyyaaaa,iyyaaaa,iyyaaaa,yeah
P,p,p,p,p,p
IYAAA!!,iyaaa,iyaaa,iyaaa,iyaaa,Yes
iya,iya,iya,iya,iya,Yes
IYAA,iyaa,iyaa,iyaa,iyaa,yeah
Iyaaaaaaaaa,iyaaaaaaaaa,iyaaaaaaaaa,iyaaaaaaaaa,iyaaaaaaaaa,yeaaaaaaaaaaaaa
BANG HARUS BANG,bang harus bang,bang harus bang,bang bang,bang bang,bang bang
iya,iya,iya,iya,iya,Yes
Iya,iya,iya,iya,iya,Yes
Iyaa ☝🏻,iyaa,iyaa,iyaa,iyaa,yeah
IYA,iya,iya,iya,iya,Yes
Iya,iya,iya,iya,iya,Yes
Iya,iya,iya,iya,iya,Yes
IYA,iya,iya,iya,iya,Yes
IYA,iya,iya,iya,iya,Yes
💯,,,,,
IYAAA,iyaaa,iyaaa,iyaaa,iyaaa,Yes
iyaaaa,iyaaaa,iyaaaa,iyaaaa,iyaaaa,yeah
Iya,iya,iya,iya,iya,Yes
Iya,iya,iya,iya,iya,Yes
Iyaa,iyaa,iyaa,iyaa,iyaa,yeah
iya,iya,iya,iya,iya,Yes
IYA,iya,iya,iya,iya,Yes
IYAAA,iyaaa,iyaaa,iyaaa,iyaaa,Yes
YOI,yoi,yoi,yoi,yoi,yo
IYAA,iyaa,iyaa,iyaa,iyaa,yeah
IYAAAAAAAA,iyaaaaaaaa,iyaaaaaaaa,iyaaaaaaaa,iyaaaaaaaa,yeaaaaaaa
G setujuu dek,g setujuu dek,g setujuu dek,g setujuu dek,g setujuu dek,I don't agree
IYA,iya,iya,iya,iya,Yes
Iya,iya,iya,iya,iya,Yes
Iya,iya,iya,iya,iya,Yes
IYA,iya,iya,iya,iya,Yes
Iya,iya,iya,iya,iya,Yes
SETUJU IA,setuju ia,setuju ia,setuju,tuju,aim
iya,iya,iya,iya,iya,Yes
iya,iya,iya,iya,iya,Yes
Iya let's go up!!,iya lets go up,iya lets go up,iya lets go up,iya lets go up,yeah lets go up
IYA,iya,iya,iya,iya,Yes
ya,ya,ya,ya,ya,yes
Iya iya suka suka,iya iya suka suka,iya iya suka suka,iya iya suka suka,iya iya suka suka,yes yes like like it
iya,iya,iya,iya,iya,Yes
Tidak,tidak,tidak,,,
IYAAA,iyaaa,iyaaa,iyaaa,iyaaa,Yes
IYA,iya,iya,iya,iya,Yes
"IYAAA, MAU BANGETTTT",iyaaa mau bangetttt,iyaaa mau bangetttt,iyaaa bangetttt,iyaaa bangetttt,"yeah, really"
IYAAAA,iyaaaa,iyaaaa,iyaaaa,iyaaaa,yeah
IYA,iya,iya,iya,iya,Yes
iya,iya,iya,iya,iya,Yes
iyaaa,iyaaa,iyaaa,iyaaa,iyaaa,Yes
iya,iya,iya,iya,iya,Yes
Iya,iya,iya,iya,iya,Yes
Iya,iya,iya,iya,iya,Yes
IYA,iya,iya,iya,iya,Yes
iya iya iya iya iya,iya iya iya iya iya,iya iya iya iya iya,iya iya iya iya iya,iya iya iya iya iya,yes yes yes yes yes
YA YA YA SAYA SETUJU,ya ya ya saya setuju,ya ya ya saya setuju,ya ya ya setuju,ya ya ya tuju,yes yes yes go
IYA,iya,iya,iya,iya,Yes
IYA,iya,iya,iya,iya,Yes
IYAAAA,iyaaaa,iyaaaa,iyaaaa,iyaaaa,yeah
Iya,iya,iya,iya,iya,Yes
IYAAA,iyaaa,iyaaa,iyaaa,iyaaa,Yes
Iyaa,iyaa,iyaa,iyaa,iyaa,yeah
Aku cowok dan aku setuju,aku cowok dan aku setuju,aku cowok dan aku setuju,cowok setuju,cowok tuju,go guy
IYA,iya,iya,iya,iya,Yes
Iya,iya,iya,iya,iya,Yes
Iya,iya,iya,iya,iya,Yes
IYAAAA,iyaaaa,iyaaaa,iyaaaa,iyaaaa,yeah
iya,iya,iya,iya,iya,Yes
iya,iya,iya,iya,iya,Yes
iyaa,iyaa,iyaa,iyaa,iyaa,yeah
IYA besar,iya besar,iya besar,iya,iya,Yes
Iya,iya,iya,iya,iya,Yes
iyaa,iyaa,iyaa,iyaa,iyaa,yeah
B aj gaasik,b aj gaasik,b aj gaasik,b aj gaasik,b aj gaasik,b aj it's cool
IYAAAAAA🎉,iyaaaaaa,iyaaaaaa,iyaaaaaa,iyaaaaaa,yeah
IYAAA,iyaaa,iyaaa,iyaaa,iyaaa,Yes
iya,iya,iya,iya,iya,Yes
IYAA,iyaa,iyaa,iyaa,iyaa,yeah
YESS,yess,yess,yess,yess,yesss
iya,iya,iya,iya,iya,Yes
Iya,iya,iya,iya,iya,Yes
iya,iya,iya,iya,iya,Yes
IYAA,iyaa,iyaa,iyaa,iyaa,yeah
IYAAA,iyaaa,iyaaa,iyaaa,iyaaa,Yes
Iyes,iyes,iyes,iyes,iyes,yes
Iya,iya,iya,iya,iya,Yes
Iya,iya,iya,iya,iya,Yes
iya,iya,iya,iya,iya,Yes
iya,iya,iya,iya,iya,Yes
iyaaaaaa!!,iyaaaaaa,iyaaaaaa,iyaaaaaa,iyaaaaaa,yeah
IYAAAA,iyaaaa,iyaaaa,iyaaaa,iyaaaa,yeah
Iya,iya,iya,iya,iya,Yes
Iya,iya,iya,iya,iya,Yes
Iyaaaaaaaa😊,iyaaaaaaaa,iyaaaaaaaa,iyaaaaaaaa,iyaaaaaaaa,yeaaaaaaa
IYA,iya,iya,iya,iya,Yes
Iya,iya,iya,iya,iya,Yes
iyaaaa,iyaaaa,iyaaaa,iyaaaa,iyaaaa,yeah
iyaa,iyaa,iyaa,iyaa,iyaa,yeah
iya,iya,iya,iya,iya,Yes
Iya,iya,iya,iya,iya,Yes
Iya,iya,iya,iya,iya,Yes
iya,iya,iya,iya,iya,Yes
iya,iya,iya,iya,iya,Yes
Iya,iya,iya,iya,iya,Yes
Iya,iya,iya,iya,iya,Yes
IYAAAAA,iyaaaaa,iyaaaaa,iyaaaaa,iyaaaaa,yeah
iya,iya,iya,iya,iya,Yes
iya,iya,iya,iya,iya,Yes
IYA,iya,iya,iya,iya,Yes
iya,iya,iya,iya,iya,Yes
IYAA,iyaa,iyaa,iyaa,iyaa,yeah
Ia betull,ia betull,ia betull,betull,betull,that's right
Iyaa,iyaa,iyaa,iyaa,iyaa,yeah
IYAA,iyaa,iyaa,iyaa,iyaa,yeah
IYA,iya,iya,iya,iya,Yes
Iya,iya,iya,iya,iya,Yes
IYAAAA,iyaaaa,iyaaaa,iyaaaa,iyaaaa,yeah
iya,iya,iya,iya,iya,Yes
IYAKKK,iyakkk,iyakkk,iyakkk,iyakkk,yeah
iya,iya,iya,iya,iya,Yes
iyaaa,iyaaa,iyaaa,iyaaa,iyaaa,Yes
Iyaaa,iyaaa,iyaaa,iyaaa,iyaaa,Yes
iya,iya,iya,iya,iya,Yes
IYAAAA,iyaaaa,iyaaaa,iyaaaa,iyaaaa,yeah
iya,iya,iya,iya,iya,Yes
iya,iya,iya,iya,iya,Yes
Iyaa,iyaa,iyaa,iyaa,iyaa,yeah
IYAAA,iyaaa,iyaaa,iyaaa,iyaaa,Yes
IYAAAA,iyaaaa,iyaaaa,iyaaaa,iyaaaa,yeah
Iya,iya,iya,iya,iya,Yes
ia,ia,ia,,,
PLEASE SETUJUU BANGEEEETTTTT,please setujuu bangeeeettttt,please setujuu bangeeeettttt,please setujuu bangeeeettttt,please setujuu bangeeeettttt,please really agree
IYAAA,iyaaa,iyaaa,iyaaa,iyaaa,Yes
Iyaa,iyaa,iyaa,iyaa,iyaa,yeah
iya,iya,iya,iya,iya,Yes
IYAAAAAAAAAAA,iyaaaaaaaaaaa,iyaaaaaaaaaaa,iyaaaaaaaaaaa,iyaaaaaaaaaaa,yeaaaaaaaaa
iyaaaa,iyaaaa,iyaaaa,iyaaaa,iyaaaa,yeah
IYA BGTT,iya bgtt,iya bgtt,iya bgtt,iya bgtt,"yes, really"
IYAAAAA,iyaaaaa,iyaaaaa,iyaaaaa,iyaaaaa,yeah
iya,iya,iya,iya,iya,Yes
setuju,setuju,setuju,setuju,tuju,aim
IYAa IYA IYA IYA,iyaa iya iya iya,iyaa iya iya iya,iyaa iya iya iya,iyaa iya iya iya,yeah yeah yeah yeah
setujuuyy,setujuuyy,setujuuyy,setujuuyy,setujuuyy,I agree
YEEAAA,yeeaaa,yeeaaa,yeeaaa,yeeaaa,yeeaaa
iYaA,iyaa,iyaa,iyaa,iyaa,yeah
iyaaaa,iyaaaa,iyaaaa,iyaaaa,iyaaaa,yeah
IYAAAAAAPPP,iyaaaaaappp,iyaaaaaappp,iyaaaaaappp,iyaaaaaappp,yeaaaaappp
IYA,iya,iya,iya,iya,Yes
IYAAAA,iyaaaa,iyaaaa,iyaaaa,iyaaaa,yeah
IYA IYA IYAAA,iya iya iyaaa,iya iya iyaaa,iya iya iyaaa,iya iya iyaaa,yeah yeah yeah
Iyaaaaa,iyaaaaa,iyaaaaa,iyaaaaa,iyaaaaa,yeah
Iya,iya,iya,iya,iya,Yes
IYA,iya,iya,iya,iya,Yes
IYA,iya,iya,iya,iya,Yes
IYA,iya,iya,iya,iya,Yes
IYAA,iyaa,iyaa,iyaa,iyaa,yeah
IYAA,iyaa,iyaa,iyaa,iyaa,yeah
IYAAAA,iyaaaa,iyaaaa,iyaaaa,iyaaaa,yeah
Iyaa,iyaa,iyaa,iyaa,iyaa,yeah
Iya,iya,iya,iya,iya,Yes
IYAA,iyaa,iyaa,iyaa,iyaa,yeah
 @littlebodystupidbrain  yaaa,littlebodystupidbrain yaaa,littlebodystupidbrain yaaa,littlebodystupidbrain yaaa,littlebodystupidbrain yaaa,littlebodystupidbrain yeah
"IYA, btw choi crystal mentioned",iya btw choi crystal mentioned,iya by the way choi crystal mentioned,iya by the way choi crystal mentioned,iya by the way choi crystal mentioned,yes by the way choi crystal mentioned
IYAAA,iyaaa,iyaaa,iyaaa,iyaaa,Yes
Iya,iya,iya,iya,iya,Yes
IYA,iya,iya,iya,iya,Yes
IYAA,iyaa,iyaa,iyaa,iyaa,yeah
IYA,iya,iya,iya,iya,Yes
iya,iya,iya,iya,iya,Yes
IYAAAA PLSSSSSSS,iyaaaa plsssssss,iyaaaa plsssssss,iyaaaa plsssssss,iyaaaa plsssssss,yes plsssssss
Iy,iy,iy,iy,iy,yeah
Iya,iya,iya,iya,iya,Yes
Iya,iya,iya,iya,iya,Yes
Yes,yes,yes,yes,yes,yes
Iya,iya,iya,iya,iya,Yes
iya,iya,iya,iya,iya,Yes
IYA,iya,iya,iya,iya,Yes
iya,iya,iya,iya,iya,Yes
IYAA,iyaa,iyaa,iyaa,iyaa,yeah
iya,iya,iya,iya,iya,Yes
Iya,iya,iya,iya,iya,Yes
IyA,iya,iya,iya,iya,Yes
Iya,iya,iya,iya,iya,Yes
"IYAA SETUJU, BANG WINDAHH CALEBB BANG WINDAHH",iyaa setuju bang windahh calebb bang windahh,iyaa setuju bang windahh calebb bang windahh,iyaa setuju bang windahh calebb bang windahh,iyaa tuju bang windahh calebb bang windahh,"Yes, go to Windahh, Caleb, Bang Windahh"
Iyaaa,iyaaa,iyaaa,iyaaa,iyaaa,Yes
IYAAA,iyaaa,iyaaa,iyaaa,iyaaa,Yes
Iyaaaaaaa,iyaaaaaaa,iyaaaaaaa,iyaaaaaaa,iyaaaaaaa,yeaaaaaaaaaa
IYAA,iyaa,iyaa,iyaa,iyaa,yeah
IYA,iya,iya,iya,iya,Yes
iya,iya,iya,iya,iya,Yes
iya,iya,iya,iya,iya,Yes
IYA.,iya,iya,iya,iya,Yes
iya iyaaaaa,iya iyaaaaa,iya iyaaaaa,iya iyaaaaa,iya iyaaaaa,yeah yeah
iya,iya,iya,iya,iya,Yes
IYAAAAAAA!!,iyaaaaaaa,iyaaaaaaa,iyaaaaaaa,iyaaaaaaa,yeaaaaaaaaaa
IYA,iya,iya,iya,iya,Yes
Iya,iya,iya,iya,iya,Yes
iya,iya,iya,iya,iya,Yes
IYA,iya,iya,iya,iya,Yes
IYA LAGI,iya lagi,iya lagi,iya,iya,Yes
Iya,iya,iya,iya,iya,Yes
Iya,iya,iya,iya,iya,Yes
Iya,iya,iya,iya,iya,Yes
Ja,ja,ja,ja,ja,ja
Iya,iya,iya,iya,iya,Yes
IYA,iya,iya,iya,iya,Yes
IYA HARUS BANGETTT INIMAH,iya harus bangettt inimah,iya harus bangettt inimah,iya bangettt inimah,iya bangettt inimah,"yes, that's really it"
Iya,iya,iya,iya,iya,Yes
IYAAA,iyaaa,iyaaa,iyaaa,iyaaa,Yes
iyaa,iyaa,iyaa,iyaa,iyaa,yeah
Iya,iya,iya,iya,iya,Yes
Iya,iya,iya,iya,iya,Yes
IYAAAAAA,iyaaaaaa,iyaaaaaa,iyaaaaaa,iyaaaaaa,yeah
IYAAA,iyaaa,iyaaa,iyaaa,iyaaa,Yes
IYAAAAA LANJUTTT,iyaaaaa lanjuttt,iyaaaaa lanjuttt,iyaaaaa lanjuttt,iyaaaaa lanjuttt,"yeah, continue"
Iya,iya,iya,iya,iya,Yes
setuju,setuju,setuju,setuju,tuju,aim
IYA,iya,iya,iya,iya,Yes
iya,iya,iya,iya,iya,Yes
IYA,iya,iya,iya,iya,Yes
Iyaa,iyaa,iyaa,iyaa,iyaa,yeah
Iya😊,iya,iya,iya,iya,Yes
Iya,iya,iya,iya,iya,Yes
Up,up,up,up,up,up
Iya,iya,iya,iya,iya,Yes
IYA,iya,iya,iya,iya,Yes
"Bener. Story dia seru banget, ada Zaynenya muncul pula. Kayanya next chapter bakal ada Sylus deh sama Caleb",bener story dia seru banget ada zaynenya muncul pula kayanya next chapter bakal ada sylus deh sama caleb,bener story dia seru banget ada zaynenya muncul pula kayanya next chapter bakal ada sylus deh sama caleb,bener story seru banget zaynenya muncul kayanya next chapter sylus deh caleb,bener story seru banget zaynenya muncul kaya next chapter sylus deh caleb,"Really, the story is really exciting, Zayne appears like in the next chapter, Sylus, Caleb"
iya,iya,iya,iya,iya,Yes
seeeeeeee7,seeeeeeee,seeeeeeee,seeeeeeee,seeeeeeee,seeeeeeee
Iya,iya,iya,iya,iya,Yes
Iyaaa,iyaaa,iyaaa,iyaaa,iyaaa,Yes
IYAA,iyaa,iyaa,iyaa,iyaa,yeah
iyaaaa,iyaaaa,iyaaaa,iyaaaa,iyaaaa,yeah
IYAAAAA,iyaaaaa,iyaaaaa,iyaaaaa,iyaaaaa,yeah
SETUJUUUU,setujuuuu,setujuuuu,setujuuuu,setujuuuu,I agree
IYAA,iyaa,iyaa,iyaa,iyaa,yeah
iya,iya,iya,iya,iya,Yes
IYAAAAA,iyaaaaa,iyaaaaa,iyaaaaa,iyaaaaa,yeah
iya,iya,iya,iya,iya,Yes
IYAAAA,iyaaaa,iyaaaa,iyaaaa,iyaaaa,yeah
Iyaa,iyaa,iyaa,iyaa,iyaa,yeah
iya,iya,iya,iya,iya,Yes
IYA,iya,iya,iya,iya,Yes
IYAAA,iyaaa,iyaaa,iyaaa,iyaaa,Yes
Iyaa,iyaa,iyaa,iyaa,iyaa,yeah
iya,iya,iya,iya,iya,Yes
yaa,yaa,yaa,yaa,yaa,yeah
iya,iya,iya,iya,iya,Yes
IYAYAYA,iyayaya,iyayaya,iyayaya,iyayaya,yes
IYA,iya,iya,iya,iya,Yes
Iya,iya,iya,iya,iya,Yes
iyaa,iyaa,iyaa,iyaa,iyaa,yeah
no,no,no,no,no,no
Iyaaa,iyaaa,iyaaa,iyaaa,iyaaa,Yes
Iya,iya,iya,iya,iya,Yes
Iya,iya,iya,iya,iya,Yes
IYAAAA,iyaaaa,iyaaaa,iyaaaa,iyaaaa,yeah
IYAAAAAA,iyaaaaaa,iyaaaaaa,iyaaaaaa,iyaaaaaa,yeah
IYA,iya,iya,iya,iya,Yes
iyaaa,iyaaa,iyaaa,iyaaa,iyaaa,Yes
IYAAA,iyaaa,iyaaa,iyaaa,iyaaa,Yes
iya,iya,iya,iya,iya,Yes
iya,iya,iya,iya,iya,Yes
"Iya ga yaa




IYAAAAAAAAAA",iya ga yaa iyaaaaaaaaaa,iya ga yaa iyaaaaaaaaaa,iya ga yaa iyaaaaaaaaaa,iya ga yaa iyaaaaaaaaaa,yes or no yes yeaaaaaaaa
Iya,iya,iya,iya,iya,Yes
IYA,iya,iya,iya,iya,Yes
IYA,iya,iya,iya,iya,Yes
Iya,iya,iya,iya,iya,Yes
Iyaaaa,iyaaaa,iyaaaa,iyaaaa,iyaaaa,yeah
IYAAA,iyaaa,iyaaa,iyaaa,iyaaa,Yes
IYAAA,iyaaa,iyaaa,iyaaa,iyaaa,Yes
iiya aku setuju soojunggg,iiya aku setuju soojunggg,iiya aku setuju soojunggg,iiya setuju soojunggg,iiya tuju soojunggg,"Yes, go to Soojunggg"
Iya,iya,iya,iya,iya,Yes
IYA,iya,iya,iya,iya,Yes
iya,iya,iya,iya,iya,Yes
IYA,iya,iya,iya,iya,Yes
IYA,iya,iya,iya,iya,Yes
G,g,g,g,g,g
IYA,iya,iya,iya,iya,Yes
iya,iya,iya,iya,iya,Yes
iya,iya,iya,iya,iya,Yes
IYAAAAA,iyaaaaa,iyaaaaa,iyaaaaa,iyaaaaa,yeah
IYA,iya,iya,iya,iya,Yes
s7,s,s,s,s,s
IYAA DONG,iyaa dong,iyaa dong,iyaa,iyaa,yeah
IYA,iya,iya,iya,iya,Yes
"Iya, tolong kasih tau ke bang windah buka homecoming wings biar si Caleb kebuka",iya tolong kasih tau ke bang windah buka homecoming wings biar si caleb kebuka,iya tolong kasih tau ke bang windah buka homecoming wings biar si caleb kebuka,iya tolong kasih tau bang windah buka homecoming wings biar si caleb kebuka,iya tolong kasih tau bang windah buka homecoming wings biar si caleb buka,"Yes, please tell me, Bro, Windah will open the homecoming wings so that Caleb can open them"
IYW,iyw,iyw,iyw,iyw,yyw
IYAAAA,iyaaaa,iyaaaa,iyaaaa,iyaaaa,yeah
Iyaa,iyaa,iyaa,iyaa,iyaa,yeah
Iya,iya,iya,iya,iya,Yes
IYA,iya,iya,iya,iya,Yes
Iya,iya,iya,iya,iya,Yes
bawel,bawel,bawel,bawel,bawel,annoying
Iyain,iyain,iyain,iyain,iyain,yes
iya,iya,iya,iya,iya,Yes
iya,iya,iya,iya,iya,Yes
Iya,iya,iya,iya,iya,Yes
Iyaaaa,iyaaaa,iyaaaa,iyaaaa,iyaaaa,yeah
SETUJUUUUU,setujuuuuu,setujuuuuu,setujuuuuu,setujuuuuu,agreeeee
iya,iya,iya,iya,iya,Yes
IYAA,iyaa,iyaa,iyaa,iyaa,yeah
dan yap,dan yap,dan yap,yap,yap,yep
Iya,iya,iya,iya,iya,Yes
IYAa,iyaa,iyaa,iyaa,iyaa,yeah
Setujuuu,setujuuu,setujuuu,setujuuu,setujuuu,I agree
IYA,iya,iya,iya,iya,Yes
IYAA,iyaa,iyaa,iyaa,iyaa,yeah
IYAA,iyaa,iyaa,iyaa,iyaa,yeah
IYAAAAA,iyaaaaa,iyaaaaa,iyaaaaa,iyaaaaa,yeah
IYA IAY IYA IA IYA,iya iay iya ia iya,iya iay iya ia iya,iya iay iya iya,iya iay iya iya,yeah yeah yeah yeah
IYA,iya,iya,iya,iya,Yes
Iya,iya,iya,iya,iya,Yes
iyaaaaaa,iyaaaaaa,iyaaaaaa,iyaaaaaa,iyaaaaaa,yeah
Iya,iya,iya,iya,iya,Yes
iya,iya,iya,iya,iya,Yes
IYA,iya,iya,iya,iya,Yes
iyaa,iyaa,iyaa,iyaa,iyaa,yeah
Iyaa,iyaa,iyaa,iyaa,iyaa,yeah
iya,iya,iya,iya,iya,Yes
IYA,iya,iya,iya,iya,Yes
iya,iya,iya,iya,iya,Yes
iya,iya,iya,iya,iya,Yes
iyaaaa,iyaaaa,iyaaaa,iyaaaa,iyaaaa,yeah
IYA,iya,iya,iya,iya,Yes
IYA,iya,iya,iya,iya,Yes
IYA,iya,iya,iya,iya,Yes
IYA,iya,iya,iya,iya,Yes
IYAA,iyaa,iyaa,iyaa,iyaa,yeah
iya,iya,iya,iya,iya,Yes
IYA,iya,iya,iya,iya,Yes
IYAAA !!!,iyaaa,iyaaa,iyaaa,iyaaa,Yes
iya plss,iya plss,iya plss,iya plss,iya plss,yes pls
SETUJUUUUUUU😭😭😭😭,setujuuuuuuu,setujuuuuuuu,setujuuuuuuu,setujuuuuuuu,I agree
IYA,iya,iya,iya,iya,Yes
IYAA,iyaa,iyaa,iyaa,iyaa,yeah
Iya,iya,iya,iya,iya,Yes
 @littlebodystupidbrain  SETUJUUUU AYO BANG,littlebodystupidbrain setujuuuu ayo bang,littlebodystupidbrain setujuuuu ayo bang,littlebodystupidbrain setujuuuu ayo bang,littlebodystupidbrain setujuuuu ayo bang,"littlebodystupidbrain agree, come on bro"
Iyaaa,iyaaa,iyaaa,iyaaa,iyaaa,Yes
IYA,iya,iya,iya,iya,Yes
IYYAAAAAA,iyyaaaaaa,iyyaaaaaa,iyyaaaaaa,iyyaaaaaa,"yeah, yeah"
ia,ia,ia,,,
Iyaa,iyaa,iyaa,iyaa,iyaa,yeah
Iya,iya,iya,iya,iya,Yes
Iya,iya,iya,iya,iya,Yes
Iya,iya,iya,iya,iya,Yes
IYAAAAAAAAAAA,iyaaaaaaaaaaa,iyaaaaaaaaaaa,iyaaaaaaaaaaa,iyaaaaaaaaaaa,yeaaaaaaaaa
Iyaa,iyaa,iyaa,iyaa,iyaa,yeah
iya,iya,iya,iya,iya,Yes
No,no,no,no,no,no
G,g,g,g,g,g
ga,ga,ga,ga,ga,no
ga,ga,ga,ga,ga,no
KATAKAN TIDAK KATAKAN TIDAK,katakan tidak katakan tidak,katakan tidak katakan tidak,,,
Tidak 😊,tidak,tidak,,,
ngga,ngga,ngga,ngga,ngga,no
ga 😹,ga,ga,ga,ga,no
No,no,no,no,no,no
There's nothing wrong👍,theres nothing wrong,theres nothing wrong,theres nothing wrong,theres nothing wrong,there's nothing wrong
terimakaaasihh bang Windaaahhh =]],terimakaaasihh bang windaaahhh,terimakaaasihh bang windaaahhh,terimakaaasihh bang windaaahhh,terimakaaasihh bang windaaahhh,Thank you bro Windaaaaaaaaaaaaaaaaaaaaaaaaaaaaaaaa
"Gg bang windahhh, terimakasih banyakk udah speak up untuk cewe² love and deep space ini🎉❤",gg bang windahhh terimakasih banyakk udah speak up untuk cewe love and deep space ini,gg bang windahhh terimakasih banyakk sudah speak up untuk cewe love and deep space ini,gg bang windahhh terimakasih banyakk speak up cewe love and deep space,gg bang windahhh terimakasih banyakk speak up cewe love and deep space,gg bro windahhh thank you very much speak up girl love and deep space
MAKASIHH BANYAK BANGGG❤❤❤,makasihh banyak banggg,makasihh banyak banggg,makasihh banggg,makasihh banggg,thank you bro
BANG WINDAH LEBIH GANTENG❤❤❤❤,bang windah lebih ganteng,bang windah lebih ganteng,bang windah ganteng,bang windah ganteng,"Bro, handsome windah"
Mmmm,mmmm,mmmm,mmmm,mmmm,mmmm
Makasih bang windaaah,makasih bang windaaah,makasih bang windaaah,makasih bang windaaah,makasih bang windaaah,Thank you bro Windaah
"KEREN BANG GAMENYA AKU MENIKMATI SEKALI, AKHIRNYA AKU SUDAH TIDAK PENASARAN LAGI",keren bang gamenya aku menikmati sekali akhirnya aku sudah tidak penasaran lagi,keren bang gamenya aku menikmati sekali akhirnya aku sudah tidak penasaran lagi,keren bang gamenya menikmati penasaran,keren bang gamenya nikmat penasaran,"The game is cool, it's fun to be curious"
"thank uuu bang windah, udah mainin game inii ❤❤",thank uuu bang windah udah mainin game inii,thank uuu bang windah sudah mainin game inii,thank uuu bang windah mainin game inii,thank uuu bang windah mainin game ini,"thank uuu bro, windah for playing this game"
Makasihh bang telah menerima kami semua❤❤,makasihh bang telah menerima kami semua,makasihh bang telah menerima kami semua,makasihh bang menerima,makasihh bang terima,"thank you bro, thank you"
THANK YOUU BANG WINDAH,thank youu bang windah,thank youu bang windah,thank youu bang windah,thank youu bang windah,thank you bro windah
MAKASIH YA BANG WINDAAHHH😊😊,makasih ya bang windaahhh,makasih ya bang windaahhh,makasih ya bang windaahhh,makasih ya bang windaahhh,"Thank you, bro Windaahhh"
THANKS BANG🎉,thanks bang,thanks bang,thanks bang,thanks bang,thanks bro
terimakasih bang Brando buat gamenya!!!!,terimakasih bang brando buat gamenya,terimakasih bang brando buat gamenya,terimakasih bang brando gamenya,terimakasih bang brando gamenya,Thank you bro Brando for the game
kamu sigma banget bang,kamu sigma banget bang,kamu sigma banget bang,sigma banget bang,sigma banget bang,Very sigma bro
thank you bang❤,thank you bang,thank you bang,thank you bang,thank you bang,thank you bro
Bang kamu cocok jadi karakter deepspace,bang kamu cocok jadi karakter deepspace,bang kamu cocok jadi karakter deepspace,bang cocok karakter deepspace,bang cocok karakter deepspace,bang fits the deepspace character
lucu banget tadi 😭,lucu banget tadi,lucu banget tadi,lucu banget,lucu banget,very funny
🎉,,,,,
"nanti lanjutin caleb banggg, aku suka banget sama caleb😢😢❤❤❤",nanti lanjutin caleb banggg aku suka banget sama caleb,nanti lanjutin caleb banggg aku suka banget sama caleb,lanjutin caleb banggg suka banget caleb,lanjutin caleb banggg suka banget caleb,keep it up caleb bro really like caleb
Telat bngtt,telat bngtt,telat bngtt,telat bngtt,telat bngtt,really late
YEYYYYYY,yeyyyyyy,yeyyyyyy,yeyyyyyy,yeyyyyyy,yeyyyyyy
Mntap,mntap,mntap,mntap,mntap,steady
Thankss gurll💅🏼,thankss gurll,thankss gurll,thankss gurll,thankss gurll,thanks gurl
ASIKK BGTT,asikk bgtt,asikk bgtt,asikk bgtt,asikk bgtt,it's really fun
Mantap 3 jam wkwkw,mantap jam wkwkw,mantap jam tertawa,mantap jam tertawa,mantap jam tertawa,great time laughing
"JUJUR AJA BANG
GA USAH DI TAHAN 😹",jujur aja bang ga usah di tahan,jujur saja bang ga usah di tahan,jujur bang ga tahan,jujur bang ga tahan,"Honestly, I can't stand it"
bahkan seorang bg windah pun kagum dengan zayne,bahkan seorang bg windah pun kagum dengan zayne,bahkan seorang bang windah pun kagum dengan zayne,bang windah kagum zayne,bang windah kagum zayne,Bang Windah is amazed by Zayne
"thankyou bang windah😻😻
yasssh gurlll💅💅💅💅",thankyou bang windah yasssh gurlll,thankyou bang windah yasssh gurlll,thankyou bang windah yasssh gurlll,thankyou bang windah yasssh gurlll,thank you bro windah yasssh gurlll
aku suka liat kamu salting bang,aku suka liat kamu salting bang,aku suka liat kamu salting bang,suka liat salting bang,suka liat salting bang,"I like salting, bro"
Ganteng Zayneee❤❤,ganteng zayneee,ganteng zayneee,ganteng zayneee,ganteng zayneee,Handsome Zayneee
"Sangat menikmati melihat bang windah main game ini,
There is nothing wrong! Enjoy 🎉",sangat menikmati melihat bang windah main game ini there is nothing wrong enjoy,sangat menikmati melihat bang windah main game ini there is nothing wrong enjoy,menikmati bang windah main game there is nothing wrong enjoy,nikmat bang windah main game there is nothing wrong enjoy,"Enjoy playing the game, bro, there is nothing wrong, enjoy"
GG bang nanti unlock Caleb yuk,gg bang nanti unlock caleb yuk,gg bang nanti unlock caleb yuk,gg bang unlock caleb yuk,gg bang unlock caleb yuk,"gg bro, let's unlock Caleb"
sylus ganteng banget,sylus ganteng banget,sylus ganteng banget,sylus ganteng banget,sylus ganteng banget,Sylus is really handsome
bang makasih bang 😊,bang makasih bang,bang makasih bang,bang makasih bang,bang makasih bang,"bro, thanks bro"
"makasihh revienwnyaa bang, theres nothing wrong in it 💗",makasihh revienwnyaa bang theres nothing wrong in it,makasihh revienwnyaa bang theres nothing wrong in it,makasihh revienwnyaa bang theres nothing wrong in it,makasihh revienwnyaa bang theres nothing wrong in it,"thanks for the review bro, there's nothing wrong in it"
PANUTANNN EMANGG,panutannn emangg,panutannn emangg,panutannn emangg,panutannn emangg,role model indeed
"MAKASIH BANYAK BANG UDAH MAININ GAME INI, WE LOVE YOU AND ALWAYS SUPPORT YOU❤️❤️❤️",makasih banyak bang udah mainin game ini we love you and always support you,makasih banyak bang sudah mainin game ini we love you and always support you,makasih bang mainin game we love you and always support you,makasih bang mainin game we love you and always support you,"Thank you bro for playing the game, we love you and always support you"
"Terimakasih sudahh maininn game ini bangg, sehat selaluu 💗💗",terimakasih sudahh maininn game ini bangg sehat selaluu,terimakasih sudahh maininn game ini bangg sehat selaluu,terimakasih sudahh maininn game bangg sehat selaluu,terimakasih sudahh maininn game bangg sehat selaluu,"Thank you for playing the game, stay healthy and happy"
WHAT A GAME,what a game,what a game,what a game,what a game,what a game
hai cantik,hai cantik,hai cantik,hai cantik,hai cantik,"Hey, beautiful"
Muka mu imut fika,muka mu imut fika,muka mu imut fika,muka mu imut fika,muka mu imut fika,your face is cute fika
"yang benar kamu, Fika?",yang benar kamu fika,yang benar kamu fika,fika,fika,fika
dihh,dihh,dihh,dihh,dihh,ugh
​ @tanyavondegurechaff5738  apasih anjirr dih² mau lu game b*k*p huh?,tanyavondegurechaff apasih anjirr dih mau lu game bkp huh,tanyavondegurechaff apasih anjirr dih mau lu game bkp huh,tanyavondegurechaff apasih anjirr dih lu game bkp huh,tanyavondegurechaff apasih anjirr dih lu game bkp huh,askedvondegurechaff what's so strange about your bkp game huh
dih kenapa?​ @tanyavondegurechaff5738 ,dih kenapa tanyavondegurechaff,dih kenapa tanyavondegurechaff,dih tanyavondegurechaff,dih tanyavondegurechaff,I asked vondegurechaff
first,first,first,first,first,first
Makasii bang sudah mainin game inii,makasii bang sudah mainin game inii,makasii bang sudah mainin game inii,makasii bang mainin game inii,makasii bang mainin game ini,thanks bro for playing this game
"Gg bang, aku bangga",gg bang aku bangga,gg bang aku bangga,gg bang bangga,gg bang bangga,I'm proud bro
GG,gg,gg,gg,gg,gg
sigma signa boy,sigma signa boy,sigma signa boy,sigma signa boy,sigma signa boy,sigma signa boy
"TERIMAKASIH BANGGG, JANGAN LUPA ISTIRAHAT. IKAN HIU MELAYANG LAYANG, I LOVE YOU BANG WINDAH❤❤❤",terimakasih banggg jangan lupa istirahat ikan hiu melayang layang i love you bang windah,terimakasih banggg jangan lupa istirahat ikan hiu melayang layang i love you bang windah,terimakasih banggg lupa istirahat ikan hiu melayang layang i love you bang windah,terimakasih banggg lupa istirahat ikan hiu layang layang i love you bang windah,"thank you bro, forgot to rest, kite shark, i love you, bro, windah"
semangat terus bangggggg,semangat terus bangggggg,semangat terus bangggggg,semangat bangggggg,semangat bangggggg,great spirit
"THANK YOU BANG UDAH MAININ GAMENYAAA, SERU BANGETT ❤",thank you bang udah mainin gamenyaaa seru bangett,thank you bang sudah mainin gamenyaaa seru bangett,thank you bang mainin gamenyaaa seru bangett,thank you bang mainin gamenyaaa seru bangett,"Thank you bro, playing the game is really fun"
GG,gg,gg,gg,gg,gg
BG WINDAH KEREENN,bg windah kereenn,bang windah kereenn,bang windah kereenn,bang windah kereenn,Bro Windah is cool
"Waaaaahhh thank you bang udah mainin game ini, tysm😍😍",waaaaahhh thank you bang udah mainin game ini tysm,waaaaahhh thank you bang sudah mainin game ini tysm,waaaaahhh thank you bang mainin game tysm,waaaaahhh thank you bang mainin game tysm,waaaaahhh thank you bro for playing the tysm game
"gg bg windah

btw cowok cowoknya sangat gwej banget",gg bg windah btw cowok cowoknya sangat gwej banget,gg bang windah by the way cowok cowoknya sangat gwej banget,gg bang windah by the way cowok cowoknya gwej banget,gg bang windah by the way cowok cowok gwej banget,"gg, bro, Windah, by the way, a really cool guy"
kode reedem DEEPSPACE3 20250122,kode reedem deepspace,kode reedem deepspace,kode reedem deepspace,kode reedem deepspace,deepspace reedem code
Mantap bang tak sia sia nonton sampe 3 jam heheheh❤,mantap bang tak sia sia nonton sampe jam heheheh,mantap bang tak sia sia nonton sampe jam heheheh,mantap bang sia sia nonton sampe jam heheheh,mantap bang sia sia nonton sampe jam heheheh,"That's great bro, wasted watching until hours heheheh"
BG MAKASIH YAAAA,bg makasih yaaaa,bang makasih yaaaa,bang makasih yaaaa,bang makasih yaaaa,"bro, thanks"
"Makasiiih baang, ditunggu part 2 nyaaa",makasiiih baang ditunggu part nyaaa,makasiiih baang ditunggu part nyaaa,makasiiih baang ditunggu part nyaaa,makasiiih baang tunggu part nyaaa,"thanks bro, wait for the part"
AKU BG ISTRI SYLUS & ZAYNE 🧍🏼‍♀️💖,aku bg istri sylus zayne,aku bang istri sylus zayne,bang istri sylus zayne,bang istri sylus zayne,Sylus Zayne's wife
Thank you bang udh mau mainin game nya🥰,thank you bang udh mau mainin game nya,thank you bang udh mau mainin game nya,thank you bang udh mainin game nya,thank you bang udh mainin game nya,Thank you bro for playing the game
Bagus game nya bang,bagus game nya bang,bagus game nya bang,bagus game nya bang,bagus game nya bang,it's a good game bro
KEREN KAMU BANG DAN KAMU SIGMA 👏🏻👏🏻💞,keren kamu bang dan kamu sigma,keren kamu bang dan kamu sigma,keren bang sigma,keren bang sigma,cool bro sigma
GG BANG WINDAH !!!!!,gg bang windah,gg bang windah,gg bang windah,gg bang windah,gg bro windah
Makasih bangg udah mainin gamenya 🥹🥹,makasih bangg udah mainin gamenya,makasih bangg sudah mainin gamenya,makasih bangg mainin gamenya,makasih bangg mainin gamenya,Thank you for playing the game
HALO BG WINDAH!!,halo bg windah,halo bang windah,halo bang windah,halo bang windah,hello bro windah
Bang nanti bisa main chapter caleb yang kuning tuh untuk unlock dia,bang nanti bisa main chapter caleb yang kuning tuh untuk unlock dia,bang nanti bisa main chapter caleb yang kuning tuh untuk unlock dia,bang main chapter caleb kuning tuh unlock,bang main chapter caleb kuning tuh unlock,"Bro, playing the yellow Caleb chapter is unlocked"
keren bang,keren bang,keren bang,keren bang,keren bang,cool bro
bg aku nonton dari awal banget sampe akhir banget🥰,bg aku nonton dari awal banget sampe akhir banget,bang aku nonton dari awal banget sampe akhir banget,bang nonton banget sampe banget,bang nonton banget sampe banget,"Bro, I've watched it a lot"
LANJUT2 YA BANG😊😊😊 SERU BANGEETTT STORYNYA JUGA LENGKAPIN SEMUA YAAA😮😮😮,lanjut ya bang seru bangeettt storynya juga lengkapin semua yaaa,lanjut ya bang seru bangeettt storynya juga lengkapin semua yaaa,ya bang seru bangeettt storynya lengkapin yaaa,ya bang seru bangeettt storynya lengkapin yaaa,"Yes bro, it's really exciting, the story is complete"
rispek bang. love you,rispek bang love you,rispek bang love you,rispek bang love you,rispek bang love you,"respect bro, love you"
"Makasih udah main gem ini ya bang, what a game",makasih udah main gem ini ya bang what a game,makasih sudah main gem ini ya bang what a game,makasih main gem ya bang what a game,makasih main gem ya bang what a game,"Thank you for playing gems, bro, what's a game?"
Gila bang gg❤,gila bang gg,gila bang gg,gila bang gg,gila bang gg,crazy bro gg
DITUNGGU PART 2 NYA BANG,ditunggu part nya bang,ditunggu part nya bang,ditunggu part nya bang,tunggu part nya bang,wait for the part bro
makasih udah usahain cuba game ini bang😌🤍🤍,makasih udah usahain cuba game ini bang,makasih sudah usahain cuba game ini bang,makasih usahain cuba game bang,makasih usahain cuba game bang,Thank you for trying the game bro
P,p,p,p,p,p
Pin aku bangg😠😡,pin aku bangg,pin aku bangg,pin bangg,pin bangg,proud pin
Pu,pu,pu,pu,pu,pu
Bangg aku telat 3 jam,bangg aku telat jam,bangg aku telat jam,bangg telat jam,bangg telat jam,proud to be late
"abaikan aja yang caper bang, btw makasi udah mainin gamenya bang, udah menghibur kami para cewe2! ❤🥰",abaikan aja yang caper bang btw makasi udah mainin gamenya bang udah menghibur kami para cewe,abaikan saja yang caper bang by the way makasi sudah mainin gamenya bang sudah menghibur kami para cewe,abaikan caper bang by the way makasi mainin gamenya bang menghibur cewe,abai caper bang by the way makas mainin gamenya bang hibur cewe,"Ignore the capers, bro, by the way, let's play the game bro, entertain the girls"
makasii bgg udh nemeninnn dn mamainkan game ini 🎉🎉🎉,makasii bgg udh nemeninnn dn mamainkan game ini,makasii bgg udh nemeninnn dn mamainkan game ini,makasii bgg udh nemeninnn dn mamainkan game,makasii bgg udh nemeninnn dn mamainkan game,Thank you very much for accompanying me and playing the game
Cita2ku dicekik sylus😖,citaku dicekik sylus,citaku dicekik sylus,citaku dicekik sylus,cita cekik sylus,Sylus choked
Bang semangat buat konten nya,bang semangat buat konten nya,bang semangat buat konten nya,bang semangat konten nya,bang semangat konten nya,really enthusiastic about the content
Iya bang Windah betah main gamenya,iya bang windah betah main gamenya,iya bang windah betah main gamenya,iya bang windah betah main gamenya,iya bang windah betah main gamenya,"Yes, Bro, Windah feels at home playing the game"
Kamu suka sama game otome?,kamu suka sama game otome,kamu suka sama game otome,suka game otome,suka game otome,likes otome games
Setuju,setuju,setuju,setuju,tuju,aim
Upp,upp,upp,upp,upp,upp
AASIIIKKKKK BANGET UDH NUNGGU 2 MINGGU,aasiiikkkkk banget udh nunggu minggu,aasiiikkkkk banget udh nunggu minggu,aasiiikkkkk banget udh nunggu minggu,aasiiikkkkk banget udh nunggu minggu,"Thank you so much, I've been waiting for the week"
Makasih bang udah maen game ini wkwk terhibur gue,makasih bang udah maen game ini wkwk terhibur gue,makasih bang sudah maen game ini tertawa terhibur gue,makasih bang maen game tertawa terhibur gue,makasih bang maen game tertawa hibur gue,"Thank you, bro, playing the game, laughing and entertaining me"
"makasih bang udah main udah senangin cewe"" sehat selalu bang windah murah rejekinya yaa 🥺🥺",makasih bang udah main udah senangin cewe sehat selalu bang windah murah rejekinya yaa,makasih bang sudah main sudah senangin cewe sehat selalu bang windah murah rejekinya yaa,makasih bang main senangin cewe sehat bang windah murah rejekinya yaa,makasih bang main senangin cewe sehat bang windah murah rejekinya yaa,"Thank you bro, playing makes your girl happy, healthy, bro, good luck, bro"
Ditunggu part 2 nya :),ditunggu part nya,ditunggu part nya,ditunggu part nya,tunggu part nya,wait for the part
THERE'S NOTHING WRONGGGGG 😤,theres nothing wronggggg,theres nothing wronggggg,theres nothing wronggggg,theres nothing wronggggg,there's nothing wronggggg
Jangan banyak omong,jangan banyak omong,jangan banyak omong,omong,omong,by the way
baanggg windaaaa wopppyuuuuu,baanggg windaaaa wopppyuuuuu,baanggg windaaaa wopppyuuuuu,baanggg windaaaa wopppyuuuuu,baanggg windaaaa wopppyuuuuu,baanggg windaaaa wopppyuuuuu
THANK U BANG UDAH REVIEW GAME INI BIG RESPECT FOR U❤❤❤,thank u bang udah review game ini big respect for u,thank u bang sudah review game ini big respect for u,thank u bang review game big respect for u,thank u bang review game big respect for u,thank you bro game review big respect for u
SUKA BANGET BANG MAENNYA THANK UOU YAA 🥰🥰🥰🥰💓💓💓,suka banget bang maennya thank uou yaa,suka banget bang maennya thank uou yaa,suka banget bang maennya thank uou yaa,suka banget bang maennya thank uou yaa,"I really like playing it, thank you"
Waw❤❤pake emottt🎉🎉🎉,wawpake emottt,wawpake emottt,wawpake emottt,wawpake emottt,wow use emottt
sylus punya aku yap,sylus punya aku yap,sylus punya aku yap,sylus yap,sylus yap,sylus yep
Wow,wow,wow,wow,wow,wow
sedihnya story caleb engga kesampaian,sedihnya story caleb engga kesampaian,sedihnya story caleb engga kesampaian,sedihnya story caleb engga,sedih story caleb engga,"Sad story, Caleb isn't"
THANK YOU BANG,thank you bang,thank you bang,thank you bang,thank you bang,thank you bro
pertama bg,pertama bg,pertama bang,bang,bang,bro
kamu ganteng banget bang mirip sylus🥰,kamu ganteng banget bang mirip sylus,kamu ganteng banget bang mirip sylus,ganteng banget bang sylus,ganteng banget bang sylus,Sylus is very handsome
RESPECT BG WINDAH💯,respect bg windah,respect bang windah,respect bang windah,respect bang windah,respect bro windah
OmGooooot,omgooooot,omgooooot,omgooooot,omgooooot,omgoooot
𝐌𝐀𝐊𝐀𝐒𝐈𝐇𝐇𝐇 𝐑𝐄𝐕𝐈𝐄𝐖𝐖 𝐉𝐀𝐍𝐆𝐀𝐍 𝐋𝐔𝐏𝐀 𝐒𝐀𝐌𝐁𝐔𝐍𝐆 𝐂𝐄𝐑𝐈𝐓𝐀 𝐂𝐀𝐋𝐄𝐁 𝐘𝐀𝐀𝐀!!,,,,,
thank u bangg udah mainin LAD😫,thank u bangg udah mainin lad,thank u bangg sudah mainin lad,thank u bangg mainin lad,thank u bangg mainin lad,"thank you, proud to play, lad"
"story caleb ada di homecoming, tiga ep aja boleh deh jumpa ama caleb",story caleb ada di homecoming tiga ep aja boleh deh jumpa ama caleb,story caleb ada di homecoming tiga ep saja boleh deh jumpa ama caleb,story caleb homecoming ep deh jumpa ama caleb,story caleb homecoming ep deh jumpa ama caleb,story caleb homecoming ep deh meet caleb
"sebenarnya ini game sedih, cuman ketutupan romance aja 🗿",sebenarnya ini game sedih cuman ketutupan romance aja,sebenarnya ini game sedih cuman ketutupan romance saja,game sedih cuman ketutupan romance,game sedih cuman tutup romance,sad game just closes romance
Bangke baru datang udh ninja,bangke baru datang udh ninja,bangke baru datang udh ninja,bangke udh ninja,bangke udh ninja,damn you're a ninja
MAKASIII BANYAK BANGG❤,makasiii banyak bangg,makasiii banyak bangg,makasiii bangg,makasiii bangg,thanks bro
"p, adu no hunter tercantik : 81002205555 😗",p adu no hunter tercantik,p adu no hunter tercantik,p adu no hunter tercantik,p adu no hunter cantik,p adu no hunter beautiful
Dan yap,dan yap,dan yap,yap,yap,yep
akhirnya tidak skem lagiii,akhirnya tidak skem lagiii,akhirnya tidak skem lagiii,skem lagiii,skem lagiii,schema again
"Terimakasih banyak bang, udah mau mainin game ini, sayangg bang windah dehh",terimakasih banyak bang udah mau mainin game ini sayangg bang windah dehh,terimakasih banyak bang sudah mau mainin game ini sayangg bang windah dehh,terimakasih bang mainin game sayangg bang windah dehh,terimakasih bang mainin game sayangg bang windah dehh,"Thank you, bro, play the game, dear bro, Windah"
Serius ga ada komen?,serius ga ada komen,serius ga ada komen,serius ga komen,serius ga komen,"Seriously, don't comment"
terimakasih bang review nya❤,terimakasih bang review nya,terimakasih bang review nya,terimakasih bang review nya,terimakasih bang review nya,Thank you bro for the review
Kereennn,kereennn,kereennn,kereennn,kereennn,cool
Terima kasih banyak bang❤,terima kasih banyak bang,terima kasih banyak bang,terima kasih bang,terima kasih bang,thank you bro
"Keren bangg, ily ❤",keren bangg ily,keren bangg ily,keren bangg ily,keren bangg ily,Ily is cool
MAKASIH BANG❤❤,makasih bang,makasih bang,makasih bang,makasih bang,thanks bro
Baru mau join padahal,baru mau join padahal,baru mau join padahal,join,join,join
Bang kamu mirip Zayne ❤🥰🫶,bang kamu mirip zayne,bang kamu mirip zayne,bang zayne,bang zayne,Zayne bro
P,p,p,p,p,p
Bang,bang,bang,bang,bang,bro
Pertama,pertama,pertama,,,
Gg bg,gg bg,gg bang,gg bang,gg bang,gg bro
BANG AKU KOMEN PERTAMAAA,bang aku komen pertamaaa,bang aku komen pertamaaa,bang komen pertamaaa,bang komen pertamaaa,"bro, first comment"
cara menyetubuhi sylus,cara menyetubuhi sylus,cara menyetubuhi sylus,menyetubuhi sylus,tubuh sylus,sylus body
❤,,,,,
Zayne future husband ku ❤️,zayne future husband ku,zayne future husband ku,zayne future husband ku,zayne future husband ku,Zayne my future husband
Bang id nya apa mau temenan ❤,bang id nya apa mau temenan,bang id nya apa mau temenan,bang id nya temenan,bang id nya temenan,"Bro, his ID is a friend"
aku setuju bang,aku setuju bang,aku setuju bang,setuju bang,tuju bang,"go, bro"
Halo bwanggg🎉🎉🎉,halo bwanggg,halo bwanggg,halo bwanggg,halo bwanggg,hello bwanggg
Pertama,pertama,pertama,,,
❤❤,,,,,
oi,oi,oi,oi,oi,oi
THANK YOU BANG WINDAH!!!,thank you bang windah,thank you bang windah,thank you bang windah,thank you bang windah,thank you bro windah
Bang aku cinta kamu,bang aku cinta kamu,bang aku cinta kamu,bang cinta,bang cinta,bro love
pertama,pertama,pertama,,,
fisrt,fisrt,fisrt,fisrt,fisrt,first
Sama-sama dreinaaaa,samasama dreinaaaa,samasama dreinaaaa,samasama dreinaaaa,samasama dreinaaaa,You're welcome Dreinaaa
hallow dreina,hallow dreina,hallow dreina,hallow dreina,hallow dreina,hallow dreina
,,,,,
