teks_terjemah,Label_Asli,Prediksi_NB,Prediksi_SVM
thank you girls by the way play romantic horror game handsome ghost game title homicipher link video gurls next try caleb's story guys let's join discord rame indonesia looking for friends festival motionime fest coming soon,Negative,Negative,Negative
watch it again,Neutral,Neutral,Neutral
"Bro, Windah loves playing this game. I'm really happy to watch this again",Positive,Positive,Positive
peak comedy eh gin anjir it doesn't work handsome anying,Positive,Positive,Positive
bro,Neutral,Neutral,Neutral
Xavier my story bro,Neutral,Neutral,Neutral
"finally bro, thanks for playing the game",Negative,Positive,Negative
full screenshot,Positive,Positive,Positive
"Keep your spirits up, Windahhh",Neutral,Neutral,Neutral
I came here because I knew my husband was playing games,Neutral,Neutral,Neutral
i love sylus,Positive,Positive,Positive
a little amused to watch,Negative,Negative,Negative
,Neutral,Neutral,Neutral
"bro, unlock the caleb story, homecoming wings, lahhhhhhh, caleb's story is complicated, bro, exciting, tragic, dramatic, handsome",Negative,Positive,Positive
,Neutral,Neutral,Neutral
It's really hard to tell Zayne apart,Negative,Positive,Negative
"Bro, Winda is ugly",Negative,Neutral,Negative
"Bro, actually, you're reviewing the star of BattleTraining, laughing or not, don't you try it?",Neutral,Neutral,Neutral
"Honestly, the girl's game is cool, but the boy character designs are really crazy, really expensive designs",Negative,Positive,Negative
said so cool screenshot,Positive,Positive,Positive
love you bro windah main,Positive,Positive,Positive
Proud to continue Fear and Hunger bro,Positive,Positive,Positive
febrianputratriatama handsome febri,Positive,Positive,Positive
gg bro bocil sylus sorry spam sylus hehe thank you bro brando,Negative,Neutral,Neutral
lopyuuu bro windahh,Neutral,Neutral,Neutral
"thanks bro, for the review of the game I like, stay healthy, bro",Positive,Positive,Positive
no papa windah,Neutral,Neutral,Neutral
"Respect, thanks bro, Windah for playing",Positive,Positive,Positive
"really lopee, bro, beautiful",Positive,Positive,Positive
"bro, isn't it dragging?",Neutral,Neutral,Neutral
cool bro little boy rafayel,Positive,Positive,Positive
bro homichiper,Neutral,Neutral,Neutral
Gas playing games again bro,Neutral,Neutral,Neutral
proud to play the game homichiperrr plssss check it out banh sereettt,Positive,Positive,Positive
"Wow, just keep talking homichiper",Positive,Positive,Positive
gg bang bang rafayel caleb,Neutral,Neutral,Neutral
gg by the way bocil sylus bro,Neutral,Neutral,Neutral
gg bro little boy caleb,Negative,Neutral,Negative
"new account omg what a kid, Caleb you are such a cutie person",Positive,Positive,Positive
witch cry when bro,Neutral,Neutral,Neutral
windahbasudara thank you bro,Neutral,Neutral,Neutral
"Febrianputratriatama, yes, bro, he's really cute",Positive,Positive,Positive
"Bro, if you're looking for a cozy open world game like Genshin, try playing Infinity Nikki, don't force it",Negative,Neutral,Negative
gg bro little boy rafayel,Negative,Neutral,Negative
nice,Positive,Positive,Positive
Bang Windah main Moonlight Crush Indonesian language game story boyfriend,Negative,Negative,Negative
"Tengkiyu has given the spoiler bro, thinking about playing the game",Negative,Negative,Negative
"bro, please play the fear and hunger game, bro, kid, fear and hunger",Negative,Positive,Negative
"bro, wait for the caleb atory",Neutral,Neutral,Neutral
Sylus's wife is cool,Positive,Positive,Positive
continue playing games bro d,Neutral,Neutral,Neutral
"bro, continue the game bro, drag it bro, please make it as creative as possible and comment",Neutral,Neutral,Neutral
you're welcome actually xavier rafael team not your type caleb's goal is really cool huhu,Positive,Positive,Positive
"I'm playing, waiting for the part to arrive",Neutral,Neutral,Neutral
"Bro, promise I'll try Caleb's story",Neutral,Neutral,Neutral
ohmayygot,Neutral,Neutral,Neutral
"bro, continue pls",Neutral,Neutral,Neutral
I'm so stupid,Negative,Negative,Negative
"Very cool game, I like it bro",Positive,Positive,Negative
typo edit,Neutral,Neutral,Neutral
how do you play gem homichiper bro?,Neutral,Neutral,Neutral
"gg bro, thank you, continue laughing from Bocil Caleb",Neutral,Neutral,Neutral
thanks boy,Positive,Positive,Positive
keep going with your gameeee nyaaa,Neutral,Neutral,Neutral
"bro, I love you",Positive,Positive,Positive
Uchiha Windah was born,Neutral,Neutral,Neutral
watch gelo bro jt,Neutral,Neutral,Neutral
febrianputratriatama tastes in handsome people are different you say handsome people don't go for it,Positive,Positive,Positive
"Caleb, please bro",Neutral,Neutral,Neutral
marsellazuela legislative candidate running for office,Neutral,Neutral,Neutral
February,Neutral,Neutral,Neutral
windahbasudara stop spam handsome game game febri game halu acute pain enjoy serang bocil halu,Positive,Positive,Negative
windahbasudara gg bang bocil zayne,Neutral,Neutral,Neutral
thanks bro,Positive,Positive,Positive
"Caleb's story is really exciting, bro",Positive,Positive,Positive
gg excitedly waiting for Caleb's version,Positive,Neutral,Neutral
"Bro, Windah, download lad because of Cyborg Caleb, please continue, bro, the story is up to level so the story goes first",Positive,Neutral,Positive
"Wait for the live, don't be late for work",Negative,Negative,Negative
February,Neutral,Neutral,Neutral
gg bro little boy rafayel,Negative,Neutral,Negative
"bro, caleb's story bro",Neutral,Neutral,Neutral
keep going bro homicipher,Neutral,Neutral,Neutral
Ty bro,Neutral,Neutral,Neutral
"Bro, let's play while the special banner is Zayneee",Positive,Positive,Neutral
"windahbasudara bro windahh keep going calebb bro caleb's new skin is really cool, the effect is really cool",Positive,Positive,Positive
"Quick bro, try the story calebbb",Positive,Positive,Positive
"Bro, play please",Neutral,Neutral,Neutral
"bro, come on, call me bro",Neutral,Neutral,Neutral
,Neutral,Neutral,Neutral
"Baaanggg, come on, try the story, Caleebb, last March, Myth was released",Neutral,Neutral,Neutral
"Bro, if I'm not mistaken, it's Eve Sylus, bro",Neutral,Neutral,Neutral
,Neutral,Neutral,Neutral
girls,Neutral,Neutral,Neutral
thanks bro,Positive,Positive,Positive
cool bro,Positive,Positive,Positive
"bro, the homiciper game",Negative,Negative,Negative
remember the annoying minutes,Negative,Negative,Negative
Big collection of games for girls bro,Neutral,Neutral,Neutral
"thank you, bro, greetings from Bocil Rafayel",Neutral,Neutral,Neutral
"Bro, open the bond, Sylus MC sneaks into Sylus' room",Neutral,Neutral,Neutral
"Justhan eh yes, it's really funny bro",Positive,Positive,Positive
windahbasudara better play bro dripda continue the game,Positive,Positive,Positive
"It's a game that girls like to play, bro, it's a game that guys like to play",Negative,Negative,Negative
hilarious viannkaramoyy,Positive,Positive,Positive
viannkaramoyy anjir game for girls played this time homichiper,Negative,Positive,Negative
ahayy,Neutral,Neutral,Neutral
you're native,Neutral,Neutral,Neutral
,Neutral,Neutral,Neutral
Continue the story if you meet Caleb,Neutral,Neutral,Neutral
"Boy Winda, you don't play Roblox",Neutral,Neutral,Neutral
don't bro,Neutral,Neutral,Neutral
Zayne,Neutral,Neutral,Neutral
girl watching,Neutral,Neutral,Neutral
"This year I'm rewatching and laughing, hopefully Bang Windah's part will play along with Caleb's story",Neutral,Neutral,Neutral
"Oh my gosh, look at this video and read the comments column Ciwi Indo Main",Positive,Positive,Positive
"bro, when to play love and deepspace",Positive,Positive,Positive
bro story caleb,Neutral,Neutral,Neutral
Bro Winduy Caleb's story,Neutral,Neutral,Neutral
It was really fun when I didn't feel like laughing but it was sad that Caleb wasn't unlocked,Negative,Positive,Positive
"bro, calm down",Positive,Positive,Positive
look late,Negative,Negative,Negative
calm down,Positive,Positive,Positive
"Bro, Caleb's story",Neutral,Neutral,Neutral
I swear I can't download RAM,Neutral,Neutral,Neutral
The charm of Sylus is that girls really like it,Positive,Positive,Positive
if you change to boy boy love bro,Positive,Positive,Positive
"saylus is good, my favorite is saylus",Positive,Positive,Positive
Kaa select the story under the yellow sylus,Neutral,Neutral,Neutral
Sis,Neutral,Neutral,Neutral
I'm leaving the size GB,Neutral,Neutral,Neutral
"Oh, being too late doesn't matter",Negative,Negative,Negative
"This game is really that fun, I really like it",Positive,Positive,Positive
o,Neutral,Neutral,Neutral
"I have no intention of continuing, bro",Neutral,Neutral,Neutral
"Call Caleb, bro, I'm ready",Positive,Neutral,Positive
"macho body, handsome face, aka my favorite caleb, bro",Positive,Positive,Positive
"Thank you, bro, Windah for playing this game, all of us",Negative,Positive,Negative
Bang Windah Islam said astagfirullah,Neutral,Neutral,Neutral
"Guys, I'm going to fill it in",Neutral,Neutral,Neutral
"bro, thanks for playing the game, I like the character Zayne, core, thank you bro",Negative,Positive,Negative
"Thanks for playing the game, thanks for not having double standards",Neutral,Positive,Positive
bro,Neutral,Neutral,Neutral
"I like the game, lads, I didn't install it because of the cellphone storage limit, really thank you, bro, Windah, thank you very much for playing the game",Negative,Negative,Negative
"Honestly, I know bro, Windah plays lads",Positive,Positive,Positive
I'm really nervous looking at it when I top it up,Positive,Positive,Positive
"Thank you bro for playing this game. Respect bro, Windahh, you made this part, bro",Negative,Neutral,Negative
I'm disgusted by games when I see you're so horrified that people can't read,Negative,Negative,Negative
I'm a guy who wants to play because of the graphic gameplay,Positive,Neutral,Neutral
,Neutral,Neutral,Neutral
,Neutral,Neutral,Neutral
I'm going to vomit when I look at you bro,Neutral,Neutral,Neutral
carry on please bro,Neutral,Neutral,Neutral
The live opening made me laugh,Positive,Positive,Positive
"Play at the level of feeling, if the game is difficult, if you play for hours, you will find it difficult, difficult, easy, depending on each player",Negative,Negative,Negative
"Bro, I'm asking for Android, eat GB, yes, download it, eat GB, login GB minutes",Neutral,Neutral,Neutral
offline or not bro,Neutral,Neutral,Neutral
Are you really excited about continuing or not?,Positive,Positive,Positive
"In fact, Sylus is a serious green flag, just covering his face laughing",Negative,Neutral,Negative
that's a different genre,Neutral,Neutral,Neutral
"Bro, what's the story pls?",Neutral,Neutral,Neutral
If you unlock Caleb main story Homecoming Wings,Positive,Neutral,Positive
"I swear, I really laughed when Winda said that if Evol is the word water, fire is God Sea",Positive,Positive,Positive
"bro, play the game dungg mw chapter homecoming wings story cyborg bro",Negative,Neutral,Negative
I didn't expect Windah to play Lads,Neutral,Neutral,Neutral
bangh ken bangh windah continue this,Neutral,Neutral,Neutral
I don't have a sound,Positive,Positive,Positive
the game is handsome and beautiful,Positive,Positive,Positive
squirt watching bro,Neutral,Neutral,Neutral
"I can't play English, wow, by the way, changing to Indonesian doesn't work",Positive,Negative,Negative
a syluss,Neutral,Neutral,Neutral
"yes, bro, bro",Neutral,Neutral,Neutral
Reizqqa I'm sad I can't play,Negative,Neutral,Neutral
"MJB Yes, bro, I've updated GB",Neutral,Neutral,Neutral
caeelume sis I really like it gb,Positive,Positive,Positive
Yes,Neutral,Neutral,Neutral
please plsss,Neutral,Neutral,Neutral
Bang Windah's expression makes you laugh,Positive,Positive,Positive
wait part,Neutral,Neutral,Neutral
I have a sylus,Neutral,Neutral,Neutral
i love it when straight men get flustered over fictional hot men,Positive,Positive,Positive
love and deepspace you too,Positive,Positive,Positive
love and deepspace good morning how was go ahead and get u and deepspace bts world like love you too we can go for it on your own and deepspace bts reaction on your porch or good for a quick walk and white rice and beans for it works for me infinity xpad,Positive,Positive,Positive
"People hate this game, people hate this game because the characters are less competitive",Negative,Negative,Negative
"bro, keep going, bro",Neutral,Neutral,Neutral
"Guys can even teach PDKT games so they don't get cringy, thanks bro",Positive,Positive,Positive
play bro,Neutral,Neutral,Neutral
"Thank you bro, for playing the game, you understand a little bit of the game, bro",Negative,Negative,Negative
"the title of the song is love and deepspace, sung by Sarah Brightman, the song is really good",Positive,Positive,Positive
male gwee njirrr,Neutral,Neutral,Neutral
continue playing bro,Neutral,Neutral,Neutral
"Join me and see Bro Windah's expression in the romance battle scene, the romance battle scene is crazy, I've never played this so exciting",Negative,Positive,Negative
"Thank you, Bang Windah. There's nothing wrong with this game",Negative,Negative,Negative
playing my girlfriend's game,Negative,Positive,Negative
Rafayel left read Rafayel UI student Zayne thought Zayne was playing around with Xavier being a recall worker,Neutral,Neutral,Neutral
Eve,Neutral,Neutral,Neutral
lockert,Neutral,Neutral,Neutral
evelym,Neutral,Neutral,Neutral
brutal nosebleeds,Negative,Neutral,Neutral
,Neutral,Neutral,Neutral
I really laughed watching Bang Windah play the game thank you thank you laughing at the scene so sweet I really laughed with Bang Windah's expression until Nang,Positive,Positive,Positive
"Great laugh, bro, try downloading it, really",Positive,Positive,Positive
"I'm laughing out loud, the game is laughing smoothly",Positive,Positive,Positive
"You know, you press it bro",Neutral,Neutral,Neutral
"Let me use Caleb to play the story, bro, it's crazy, I really enjoyed watching it, thank you bro, accompany me to work at the office until lunch at the office",Negative,Neutral,Negative
please play,Neutral,Neutral,Neutral
"Yes, it's gay when the MC is Cwoo",Positive,Neutral,Positive
"Wow, that's a shame, Caleb opened the homecoming chapter, got it",Positive,Positive,Positive
,Neutral,Neutral,Neutral
ken play,Neutral,Neutral,Neutral
Sis Windah is playing embarrassed,Neutral,Neutral,Neutral
,Neutral,Neutral,Neutral
insecure indonesian guy i feel bad for you,Negative,Negative,Negative
oh my gosh,Neutral,Neutral,Neutral
"laugh bro, I'm really stressed",Positive,Positive,Positive
"Bro, Windah is dizzy and the gatcha is laughing, bro, I'm really dizzy hahahaha",Positive,Positive,Positive
I laughed so much yeah,Positive,Neutral,Positive
"bro, let's continue love and deep space",Positive,Positive,Positive
"bro, try looking at the date",Neutral,Neutral,Neutral
"Bro, Windah, let's play Calebb's story again",Neutral,Neutral,Neutral
Men hate the old-fashioned world of traditional men's culture,Negative,Negative,Negative
the game adds the right anomaly to make it handsome,Positive,Positive,Positive
rafayel,Neutral,Neutral,Neutral
"Bro, if Caleb shows up at the cafe, open the story, Homecoming Wings will appear",Neutral,Neutral,Neutral
good at slippery money,Positive,Positive,Positive
sulis,Neutral,Neutral,Neutral
,Neutral,Neutral,Neutral
Bang Windah is playing with a smile,Positive,Neutral,Neutral
aware of Sylus Aamon,Positive,Positive,Neutral
carry on bro,Neutral,Neutral,Neutral
funny content,Positive,Positive,Positive
guy bro,Neutral,Neutral,Neutral
My husband took Bang Windah,Neutral,Neutral,Neutral
Sylus bro,Neutral,Neutral,Neutral
sayluss i love you,Positive,Positive,Positive
"White hair is really scary, gess, you really laugh out loud",Negative,Positive,Positive
Xavier is my favorite character because he is so handsome,Positive,Positive,Positive
"he's all a guy, right?",Positive,Positive,Positive
"my friend got mad because he was thinking about this guy, gameliterally, I got infected thinking about Sylus",Negative,Neutral,Neutral
yo girls thanks girlssss,Positive,Positive,Positive
"bro, bro",Neutral,Neutral,Neutral
really funny pls,Positive,Positive,Positive
It's a good romantic game,Positive,Positive,Positive
"Bro, Sylus is really handsome",Positive,Positive,Positive
bggg hold it,Neutral,Neutral,Neutral
"rewatch it again, it's still funny, grepe sylus by the way, bro, windah, don't want to play, do you miss it?",Positive,Positive,Positive
Don't continue bro,Neutral,Neutral,Neutral
"Bro, Windah, continue Caleb's story, pls",Neutral,Neutral,Neutral
wanjir really played,Positive,Positive,Positive
"bro, continue with Caleb's story",Neutral,Neutral,Neutral
"Banggggg Caleb, bang the myth",Neutral,Neutral,Neutral
act of forced laughter,Negative,Negative,Negative
"Thank you for playing the game, I'm proud to watch the fun of playing games, Indonesian YouTuber lads",Positive,Positive,Negative
playing games makes you tantrum,Neutral,Neutral,Neutral
story calebb proud,Positive,Positive,Positive
play infinity nikki bang windah,Neutral,Neutral,Neutral
"I couldn't help but laugh when I saw Bro, Windah was so quiet that he dropped his jaw when Sylus appeared and laughed straight into auto ss",Positive,Positive,Positive
Syluss omggg so handsome coyyyyyy,Positive,Positive,Positive
I immediately got into the mood because I saw Bang Windah playing,Neutral,Neutral,Neutral
play bangstory caleb,Neutral,Neutral,Neutral
bro skin caleb mc antem carry let's play again,Neutral,Neutral,Neutral
you're commenting,Neutral,Neutral,Neutral
I love Zayne bro,Positive,Positive,Positive
dizayne no,Neutral,Neutral,Neutral
I want to stroke Xavier's chest,Neutral,Neutral,Neutral
"Bro, come on, let's continue",Neutral,Neutral,Neutral
Many bad girls comment on my husband,Negative,Neutral,Negative
"bro, thanks for playing the game",Negative,Positive,Negative
proud calebbbbplissss that's really sweet,Positive,Positive,Positive
windah famboy,Neutral,Neutral,Neutral
bro game,Negative,Negative,Negative
"bro, watch it",Neutral,Neutral,Neutral
"Guys, the spill ID is Windows, bro",Neutral,Neutral,Neutral
game write b english change ga to b indo so if the voice is good english please write to b indo or not like that,Positive,Positive,Positive
I really love Bro Windah's reaction to playing this game. He's trying so hard to entertain the female fans.,Negative,Positive,Negative
Alamak Rafayel has it,Neutral,Neutral,Neutral
"the name of the YouTuber hate game, look at the shape of the anomaly",Negative,Negative,Negative
Caleb is proud,Positive,Positive,Positive
ugh,Neutral,Neutral,Neutral
you're handsome,Positive,Positive,Positive
Anjay is ugly,Negative,Negative,Negative
bro,Neutral,Neutral,Neutral
"No, it's like Bang Windah said that guys should copy the behavior of game characters so that you will be a loser in treating girls with",Negative,Negative,Negative
"but there's nothing wrong with this game, playing while fasting, how do you focus, battle, play claw machine, play cards, upgrade memory cards, etc. stereotypes circulating around LBA games, blah, blah, it's true, thank you bro, windah, proof",Negative,Negative,Negative
"Caleb's story is really good, homecoming wings story",Positive,Positive,Positive
"bro, thanks, I can't play games, I can just look at Windah bro, ehehe",Positive,Positive,Positive
,Neutral,Neutral,Neutral
come on bro,Neutral,Neutral,Neutral
pls bro comuk you,Neutral,Neutral,Neutral
"Bro, you're surprised that Windah is playing",Positive,Positive,Positive
"I teach feelings, I teach games about boys, boys approaching girls, bro, you're really really, thank you, bro, Windah, playing the game because my device stopped watching, really respect it, bro, Windah, it's genuine",Positive,Positive,Positive
"Battle Lads is indeed a difficult level, I don't finish fighting seniors and always lose",Negative,Negative,Negative
"keep going bro, the story and characters are really cool, wow waw",Positive,Positive,Positive
windahh uciha,Neutral,Neutral,Neutral
bro next stream cylus cosplay,Neutral,Neutral,Neutral
,Neutral,Neutral,Neutral
Rafayel's dream arrived,Neutral,Neutral,Neutral
let's play again bro,Neutral,Neutral,Neutral
meters kilometers anying,Neutral,Neutral,Neutral
,Neutral,Neutral,Neutral
,Neutral,Neutral,Neutral
free fire india,Positive,Neutral,Neutral
I bought a cellphone to try out the game,Negative,Negative,Negative
rewatch see Rafayel left read xavier umbrella man,Neutral,Neutral,Neutral
beautiful tara arts,Positive,Positive,Positive
uciha windah,Neutral,Neutral,Neutral
"Come on, let's continue Caleb's story, bro",Neutral,Neutral,Neutral
Sis Winda is funny,Positive,Positive,Positive
"Bro, I hope your fortune goes smoothly, you are healthy and healthy",Positive,Positive,Positive
Fuji context,Neutral,Neutral,Neutral
"Unexpectedly, Bmkg Yaolo, Bang Windah, played the game",Negative,Negative,Negative
Downloading takes hours to load,Neutral,Neutral,Neutral
Evelyn Imroatus is confused,Negative,Neutral,Neutral
don't cut your nails,Neutral,Neutral,Neutral
Rafayel's dream of arriving,Neutral,Neutral,Neutral
really zayne sunghoon enhypen is cute pol mennn,Positive,Positive,Positive
you know kiyowo,Neutral,Neutral,Neutral
"Cheer up bro, pay attention to the little ticks",Negative,Neutral,Negative
"Come on bro, windah up and continue Caleb",Neutral,Neutral,Neutral
It's quite a story bro,Neutral,Neutral,Neutral
"Bro, try playing Soul Land",Neutral,Neutral,Neutral
the elitist bastards are lying down,Negative,Neutral,Neutral
good zayne rafayel good saylus anjir bro sylus was so green flag that he was told to shoot willingly only evelyn,Positive,Positive,Positive
contents of the sultan's girls playing,Neutral,Neutral,Neutral
laugh hilariously,Positive,Positive,Positive
like games,Neutral,Neutral,Neutral
story caleb bangpleasee,Neutral,Neutral,Neutral
,Neutral,Neutral,Neutral
"Bro, Windah Max, I swear, I'm really bored when I see Sylus not playing Aksjjj",Negative,Positive,Negative
"bro, continue playing the game love and deepspace",Positive,Positive,Positive
"Ken saw the reaction when MC's house was destroyed, part of Bang Windah",Neutral,Neutral,Neutral
zayne girlie here,Neutral,Neutral,Neutral
"Also, love and deepspace male characters, Final Fantasy guys, bro, I miss Brando playing Final Fantasy Rebirth",Positive,Positive,Positive
zayne hidden story hidden interact compare othernn,Negative,Neutral,Neutral
"Bro Zayne, I'm so proud, I like Batt and Zaynee Sylus, really badboy, Jirr",Positive,Positive,Positive
The cut scene is made into JJ Maater Racing which is hilarious,Positive,Positive,Positive
thank God,Neutral,Neutral,Neutral
hahahahaha,Positive,Positive,Positive
"bro, it can't download on the laptop...",Neutral,Neutral,Neutral
You know the game play is great bro,Positive,Positive,Negative
I brought up UI student Rafayel,Neutral,Neutral,Neutral
use an emulator bro,Neutral,Neutral,Neutral
bro story caleb bro greetings boy rafayel,Neutral,Neutral,Neutral
i don't really watch windah but i really respect and adore his ability to adapt and his fast thinking of choosing words carefully he knows he has a big influence as a public person and he knows the responsibility he has as an influential person in the youtubecontent creator community,Positive,Positive,Positive
"It's sad, bro, Windah is trying to date and laugh",Negative,Positive,Negative
I'm curious,Negative,Negative,Negative
"bro, keep going",Neutral,Neutral,Neutral
"bro, play",Neutral,Neutral,Neutral
I hit the jackpot reward,Neutral,Neutral,Neutral
take a pinch of cash,Neutral,Neutral,Neutral
continue please,Neutral,Neutral,Neutral
respect bro windah,Neutral,Neutral,Neutral
that girl friends girls perioddd windahh ate left no crumbs,Neutral,Neutral,Neutral
thanks bro,Positive,Positive,Positive
"Wow, what a clock to play with",Positive,Positive,Positive
"Look like Mama Agnes Brando, please",Neutral,Neutral,Neutral
continued Mr Ucihawin,Neutral,Neutral,Neutral
"I didn't expect it bro, Windah to play the game, lads, it's really fun, especially with the sylus, Omg, thank you bro, sis, it's really cool",Positive,Positive,Positive
I'm late for the week,Negative,Negative,Negative
cool bro,Positive,Positive,Positive
"aaa respect bro, bro",Neutral,Neutral,Neutral
gworll,Neutral,Neutral,Neutral
"but I like it, big thanks bro Windah",Positive,Positive,Positive
just delete it,Neutral,Neutral,Neutral
"Thank you, bro, Windah, main we love you, bro, stay healthy, bro",Positive,Positive,Positive
"Do you know the ID, Bro Windah?",Neutral,Neutral,Neutral
amon mlbb the sylus bro,Neutral,Neutral,Neutral
"Bro, how much is the full GB, the empty GB, what's wrong with the GB?",Negative,Neutral,Neutral
"It's good to explore, I like it",Positive,Positive,Positive
"Watch until the end of the live bus, thank you bro, Windah, the response is positive",Positive,Positive,Positive
The money draining game makes you laugh but it's better to play and meet Mokondo and it's better to hurt you,Positive,Positive,Positive
Nang really finished jt caleb cyborg neng bang nguli moon bring caleb home,Positive,Neutral,Positive
"bro, continue",Neutral,Neutral,Neutral
"boy's reaction, my game is a boy, yep, it's good, the boy is really handsome, brings a romance story, the feeling of missing the battle element, nice game",Positive,Positive,Positive
moved,Neutral,Neutral,Neutral
bro part,Neutral,Neutral,Neutral
"Bro, keep going, bro",Neutral,Neutral,Neutral
"Bro, I'm playing again. I miss playing, bro",Neutral,Neutral,Neutral
xavier cloud,Neutral,Neutral,Neutral
"It's really complicated, my battle card is a bit complicated",Negative,Negative,Negative
the sulis husband,Neutral,Neutral,Neutral
Playing Crazy One Bang Windows is really fun,Negative,Positive,Negative
bro game homichiper,Negative,Neutral,Negative
bcot,Neutral,Neutral,Neutral
stfu touch some grass duh,Negative,Neutral,Neutral
ugh,Neutral,Neutral,Neutral
Wilattae joked darling,Neutral,Neutral,Neutral
wilattae joking darling,Neutral,Neutral,Neutral
ytim,Neutral,Neutral,Neutral
ashiprisilia darling joking,Neutral,Neutral,Neutral
he gb gb just downloaded,Neutral,Neutral,Neutral
"After all, it's just a Caleb card, Colonel's clothes, laughing, a couple of clothes, so I bought laughing",Neutral,Neutral,Neutral
sephiroth sylus,Neutral,Neutral,Neutral
Happy love and depression game bro,Positive,Positive,Positive
Continue the story bro,Neutral,Neutral,Neutral
"bro, continue the game pls",Negative,Neutral,Negative
I swear I'm thinking about Evelynn anjaayyy,Neutral,Neutral,Neutral
bang part banggggg,Neutral,Neutral,Neutral
Brando's ego suits his name,Neutral,Neutral,Neutral
play bro,Neutral,Neutral,Neutral
let's continue,Neutral,Neutral,Neutral
"Thanks bro for playing gems, hope you're healthy and entertained, listen to the little fools, pay attention, bro",Positive,Positive,Positive
name,Neutral,Neutral,Neutral
xavier's old game is up to 1 year old,Negative,Positive,Negative
You're salting bro aowkwoakowk,Neutral,Neutral,Neutral
"Sis, you think it's a piroth",Neutral,Neutral,Neutral
"the comments are really cool, the difference between apk and lower IQ",Positive,Positive,Positive
upload,Neutral,Neutral,Neutral
ID bro add friends,Neutral,Neutral,Neutral
I don't regret it,Neutral,Neutral,Neutral
everything is really pretty,Positive,Positive,Positive
"bro, I'm salting and laughing",Neutral,Neutral,Neutral
evelyn imroatus,Neutral,Neutral,Neutral
"bro, try crazy onee",Negative,Negative,Negative
"Aaaaaaaaaaaaaaaaaaaaaaaaaaaaaaaaaaaaaaaaaaaaaaaaaaaaaaaaaaaaaaaaaaaaaaaaaaaaaaaaaaaaa""_1 (launch) in her part...",Neutral,Neutral,Neutral
The game is really good but it's bad at being a dirty player,Negative,Positive,Negative
"Thanks bro, Windah forgot the point of Caleb's story, bro, it's really exciting",Positive,Positive,Positive
"cool game, straight away you can see a gentleman, an insecure incel guy with an ego like that",Negative,Negative,Negative
"Bro, continue with Caleb's story, let's meet Colonel Apple",Neutral,Neutral,Neutral
continue plssss,Neutral,Neutral,Neutral
It's funny how hard pity it is,Negative,Positive,Negative
"bro, continue the story bro",Neutral,Neutral,Neutral
"bro, thanks for making me install lads at morning, my game is open world but the combat doesn't work, thanks bro for the game review",Negative,Positive,Negative
"Bro, try the battle, Caleb chooses Abyssal Chaos Battle, try using Caleb's myth companion, the battle really doesn't work",Positive,Positive,Positive
"Bro, Windah, come on, Caleb points, come on, come on tomorrow, come on, come on, come on",Neutral,Neutral,Neutral
there's nothing wrong,Negative,Negative,Negative
chris gddhc what rhymes,Neutral,Neutral,Neutral
Gagara saw Bro Windah play the game and know that the game updates will auto download,Negative,Negative,Negative
"Lots of Rafayel parts, proud of Windahhh, I think he's acting cute",Positive,Positive,Positive
"It's great bro, Windah can only play for minutes",Positive,Positive,Positive
caleb cyborg bang windah,Neutral,Neutral,Neutral
bro Caleb,Neutral,Neutral,Neutral
I love Caleb,Positive,Positive,Positive
"The cyborg hands, the body, the necklace make your face sexy, you can't really describe it, it's pretty, gasii kaa",Positive,Positive,Positive
My sylus is handsome,Positive,Positive,Positive
really protects ges windah,Positive,Positive,Positive
"bro, play, bro, let's see the rest of the story, Zayne likes grandma, grandma",Neutral,Neutral,Neutral
"thanks bro, I hope you stop being toxic, you blaspheme, it's weird, the game is really good, it's not just about thirstycrap, the backstory is really cool, the game is really touching, lads, I respect you bro",Positive,Positive,Positive
Anjir Bill laughed,Positive,Positive,Positive
where did I see bro Windah kindle card spicy aowkaowkwowkwoakw expression anjjjj,Neutral,Neutral,Neutral
"Bro, I can request not to play the Tokyo Debunker game, please, but Android only, I know",Negative,Negative,Negative
rispeekkk bro windahhh,Neutral,Neutral,Neutral
"You know, I'm not tone deaf",Neutral,Positive,Neutral
"Thank you bro, price for my favorite game",Positive,Positive,Positive
"as lads player really respect bro, win when playing the game, then the story of Caleb is a man, bro",Positive,Positive,Positive
ID bro windah huh?,Neutral,Neutral,Neutral
winda uciha respect,Neutral,Neutral,Neutral
luvyu boy aq lads bro windah too,Neutral,Neutral,Neutral
"Bro, playing Infinity Nikki Benner is really good",Positive,Positive,Positive
Yes,Neutral,Neutral,Neutral
,Neutral,Neutral,Neutral
Is it safe to play with laptop RAM?,Positive,Positive,Neutral
"The first time I watched it, I was surprised at how long it was",Positive,Positive,Positive
"Bro, you should play with Mama Agness, look at her expressions and get two if you play, choose wakakakaka",Neutral,Neutral,Neutral
"Bro, Windah is really sensitive, Sylus really is a hot bad boy, but if teenagers like forced stories, handsome guys are really good for laughing, but if I'm older than Zayn, that's really greenflag, bro, please choose according to your character, bro.",Positive,Positive,Positive
I watched Bang Windah for years and didn't comment on the live chat,Positive,Positive,Positive
It really smells like my gacha x got a painful signal x got me laughing again,Negative,Positive,Negative
"It's really exciting, bro",Positive,Positive,Positive
yayyyyy,Neutral,Neutral,Neutral
"bro, Caleb isn't up to it, come on",Neutral,Neutral,Neutral
Anjay immediately bought the sylus outfit,Neutral,Neutral,Neutral
come on caleb caleb,Neutral,Neutral,Neutral
njayyyy cool,Positive,Positive,Positive
Those who really pull the five star card will pay out millions,Positive,Neutral,Neutral
"good game, gin streamer, split it fried, give me a bet",Positive,Positive,Positive
"Bro, my advice, journalism kids, take data like gin, it's better to use official sources like news websites, don't use social media accounts, you're afraid of not trusting random sources.",Negative,Positive,Neutral
"awkwkwwkw how awkward Bro Windah is, bro",Negative,Neutral,Neutral
play infinity nikki proud,Positive,Positive,Positive
"I really love you, Windahhhh",Positive,Positive,Positive
It's really fun to rewatch it several times,Positive,Positive,Positive
It's true that the live chat is full of girls,Positive,Positive,Positive
oh really played it,Positive,Positive,Positive
"Even though this game doesn't help single people, it's not quiet, there are lots of versions for girls, boys, yesterday there were lots of anomalous tantrums, bro, playing games is even more hilarious, it's still a man to keep girls from playing lust games, etc. It's funny, if you cover it up less, you can change your insecurity because your character is sick.",Negative,Negative,Negative
big respect c,Neutral,Positive,Neutral
sotoy inspiration,Neutral,Neutral,Neutral
"Continue with Caleb's story, please",Neutral,Neutral,Neutral
"bro, play ff bro, kakashi m naruto",Neutral,Neutral,Neutral
"The YouTuber won't be playing live for a second, bro",Positive,Neutral,Positive
,Neutral,Neutral,Neutral
cloud utopia bro,Neutral,Neutral,Neutral
Uchiha Windah,Neutral,Neutral,Neutral
UI student Rafayel,Neutral,Neutral,Neutral
"Bro, you can play on a PC, but you can't",Neutral,Neutral,Neutral
proud huaaa,Positive,Positive,Positive
"If you care about your PC, they won't give you food, bro",Neutral,Neutral,Neutral
cool bro,Positive,Positive,Positive
"Bro, I'm lucky after watching your video",Positive,Neutral,Neutral
Boys version of the game or not?,Negative,Negative,Negative
"Wow, I'm playing, yeah",Positive,Neutral,Positive
"Amen bro, I hope your house is near the beach, Mama Agness",Positive,Neutral,Neutral
"Positive effort, bro",Positive,Positive,Positive
affinity caleb minimal interaction bro,Negative,Neutral,Neutral
It's a shame the game doesn't speak Indonesian,Negative,Negative,Negative
,Neutral,Neutral,Neutral
game for girls protesting against boys,Negative,Negative,Negative
Kakashi is a mystery shop bro,Neutral,Neutral,Neutral
use an emulator,Neutral,Neutral,Neutral
nekopara vr kanojo blue archive nikke etc,Neutral,Neutral,Neutral
"Omg, continue with Caleb's story, it's really exciting",Positive,Positive,Positive
thank you for not listening to those people who clearly don't know the game and never played it but hope to know that ordinary Indonesian people are bad thank you,Negative,Negative,Negative
"Sylus Naga Myth makes crazy numbers, I'm really free of topping up but I'm satisfied",Positive,Positive,Positive
"Please don't like Windah playing the game, don't talk, just don't watch it, please don't like it when Windah plays this game, even if you don't like playing it, tell me you don't watch the game, let's play five hearts under one roof, dead or alive, be good, just bring joy, brokalem, elah",Positive,Negative,Negative
good game,Positive,Positive,Positive
"Thanks bro, playing this my favorite game",Positive,Positive,Positive
"Thank you, bro, for playing the game",Negative,Negative,Negative
"Is the game funny guy really a girl, don't you insult me?",Positive,Positive,Positive
advertising video,Neutral,Neutral,Neutral
"Gabole is really laughing, please take a look bro, play this game, but it makes you happy, thanks",Positive,Positive,Positive
"Thanks, Bro, I'm curious, I'm satisfied with the game, I didn't expect it to fail",Negative,Negative,Negative
"Bro, Windah's back is like a gym, let's laugh",Positive,Positive,Positive
Proud to play Caleb's story,Positive,Positive,Positive
"Don't have a PC to play, bro, Windah, play, you know how to feel playing the game, thank you, Bro, Windah",Negative,Neutral,Negative
"keep going, bro, I like it",Neutral,Neutral,Neutral
"Respect bro, Windah, thanks for entertaining",Positive,Positive,Positive
"Bro, Evelyn, Mama Agnes",Neutral,Neutral,Neutral
UI student Rafayel,Neutral,Neutral,Neutral
I'm proud to be enthusiastic,Positive,Positive,Positive
spill the hunter ID bro,Neutral,Neutral,Neutral
I'm proud you got it,Positive,Positive,Positive
the girl's game really likes it right away,Positive,Positive,Positive
What's wrong with seeing it come to that?,Negative,Negative,Negative
"Thank you bro, Brandoo for reviewing the game, lads",Negative,Negative,Negative
I'm not playing bro,Neutral,Neutral,Neutral
remember you guys are beautiful,Positive,Positive,Positive
"Omoooo thank you, bro, Winda played this really exciting game, I swear I laughed out loud when I saw it",Positive,Positive,Positive
Uchiha Windah,Neutral,Neutral,Neutral
anjay,Neutral,Neutral,Neutral
Thank you for playing the game late,Negative,Negative,Negative
"Bro, you're grinning when the game is hilarious",Positive,Positive,Positive
"It's really funny, your female viewers are really annoying, to be honest, personally, men like to see girls happy, big respect, bro, Windah understands",Positive,Positive,Positive
"I'm just starstruck when I see Sylus, Bro Windah",Neutral,Neutral,Neutral
thanks uciha windah,Positive,Positive,Positive
,Neutral,Neutral,Neutral
"I didn't go, then said no, continue",Neutral,Neutral,Neutral
the age is beautiful,Positive,Positive,Positive
I respect Bro Windah for choosing the game you want to play,Negative,Positive,Negative
"subscribed because I played the game, bro, I laughed",Positive,Positive,Positive
Rafayel Gas,Neutral,Neutral,Neutral
the girl's tobrut game yesterday made you excited,Negative,Negative,Negative
normal tobrut game basic not normal girls game,Negative,Negative,Negative
"What a stupid comment, gin, what a dicka chomel",Negative,Negative,Negative
"so that you feel cool, you don't appreciate it, it's better to keep quiet, don't waste your energy blaspheming the adults for a bit, eh, yes, you're a kid, no brains telling the adults",Positive,Positive,Positive
Dika is cute and unclean and lies to you,Positive,Positive,Positive
ahmadfauzipz is a human girl bro,Neutral,Neutral,Neutral
"It's a human name, the game has a big chance of coming out",Negative,Positive,Negative
average nolep obscene boy,Negative,Neutral,Neutral
"touch some grass, if you don't like it, don't watch it, that's so fking simple",Neutral,Neutral,Neutral
runaraaa watching,Neutral,Neutral,Neutral
continued hideung,Neutral,Neutral,Neutral
Rydenil Bang Messi,Neutral,Neutral,Neutral
"Keep going bro, let it burn your ass",Neutral,Neutral,Neutral
continue playing hot arkan games,Positive,Positive,Positive
Gyutaro is hot,Positive,Positive,Positive
Guess Arkan's age,Neutral,Neutral,Neutral
"I don't like to stay close, bro, play, bro, Windah, are you so insecure, no wonder",Negative,Neutral,Negative
"Please don't comment if you don't like it, try Windah playing the girl game Tobrutada protest, is it Windah's turn to play this game and just protest?",Negative,Negative,Negative
"If you comment in the chat column, it's a sign that you're watching something funny",Positive,Positive,Positive
"Thank you, bro, Windah",Neutral,Neutral,Neutral
"Wow, thanks for playing the frying game, what a brainless netizen",Negative,Positive,Positive
funny,Positive,Positive,Positive
"Zayne girlies are here, thank you bro Windahhh",Neutral,Neutral,Neutral
"Thank you, I'm proud to play this game, but I'm sorry, bro. It's healthy to listen to negative comments, bro",Positive,Positive,Positive
"people with minimal literacy don't check first, even though you're twin girls, you're happy to watch a guy who's talking, don't play, it's hatrest, you can just talk",Positive,Positive,Positive
"Android bro, sorry bro, I can't watch the live video, I'm a replayer, download the video, bro",Negative,Neutral,Negative
winda uciha,Neutral,Neutral,Neutral
Vernon snorted soang Bejier,Neutral,Neutral,Neutral
okay bro,Positive,Positive,Positive
"bro, sorry I'm late",Negative,Negative,Negative
"Bro, bro, I can't hear the sound, it's so salty, it's so bad",Negative,Positive,Neutral
"I was late watching it and said thanks bro, try the game",Negative,Negative,Negative
thank you bro for being kind and understanding,Positive,Neutral,Neutral
"Thank you bro, respect female viewers",Neutral,Positive,Neutral
Sylus just looks cool like a bad boy but Green Flag is already cool,Negative,Positive,Negative
I swear Zayne is embarrassed,Neutral,Neutral,Neutral
the power of windah uchiha,Neutral,Neutral,Neutral
"Uchiha Windah was born Uchiha Windah was willing to be ridiculed and insulted, reputation level of love and deepspace new uchiha game Uchiha Windah",Positive,Neutral,Positive
"Bro, actually, Xavier is really innocent, Sylus is really evil, bro, Caleb Abracadabra, bro",Negative,Positive,Negative
I don't understand the character's nature,Neutral,Neutral,Neutral
"Handsome guy's game is here, boy fans don't support it, I support it, support it, even though I don't watch it, how come, I'm an enthusiastic guy, bro, Windah",Positive,Positive,Positive
I'll req the game,Negative,Negative,Negative
Thanks bro for playing games girls love you,Positive,Positive,Positive
"thanks for playing the game bro, I love it",Positive,Positive,Positive
Uchiha Windah,Neutral,Neutral,Neutral
Please really laugh and buy the right towel sylus,Positive,Positive,Positive
"The game spender girl is strong, hahaha",Positive,Positive,Positive
"Human girls need to be entertained, it's wrong to be entertained, game boys are really perfect, the type of boy, girl, but it's hard to find in the real world",Positive,Positive,Positive
"love playing the game love and deepspace, it's fun, wow",Positive,Positive,Positive
"My teeth are dry, I'm grinning, hehehe",Negative,Neutral,Neutral
"Wow, thank you bro, Windah for playing the game",Negative,Positive,Negative
"Bro, don't you continue playing this?",Neutral,Neutral,Neutral
"Percent said that people are blaspheming comments, what's really blasphemous, guys",Positive,Positive,Positive
cool,Positive,Positive,Positive
I can't help but see Windah grinning,Neutral,Neutral,Neutral
finally,Neutral,Neutral,Neutral
uciha windah,Neutral,Neutral,Neutral
"Neng, the player review from the lads can't help but laugh at Windah's reaction, laugh cool, bro, hold on to the fomo leak",Positive,Positive,Positive
"Respect bro, thanks for playing the waiting game. Really waiting for Nex to play the character. Zayne really likes it. Zayne",Positive,Positive,Positive
"bro, caleb's story bro",Neutral,Neutral,Neutral
jomox games,Neutral,Neutral,Neutral
"Lord, if you don't understand the simple targets of marketing, don't comment anything, you look stupid",Negative,Neutral,Negative
"Lord, can you please watch the video, which video is dirty, hope it's just a romantic scene, it's normal, it's just a hug, what's more, it's cool to play the game, the girl in Tobrut is shaking, there's nothing, the girl is protesting.",Neutral,Negative,Neutral
"Looking at the comment section, it's cool, it's not dirty, it's poor, it's rude, it doesn't respect people's preferences",Negative,Negative,Negative
carry on bro,Neutral,Neutral,Neutral
I installed the game immediately addicted to laugh,Negative,Positive,Negative
,Neutral,Neutral,Neutral
anjayyy windah,Neutral,Neutral,Neutral
,Neutral,Neutral,Neutral
plsss until the story is finished,Neutral,Neutral,Neutral
"eh, it's a joke on a potato PC, look at the game, GB",Negative,Neutral,Negative
hahahaha Evelyn is originally from Java,Positive,Positive,Positive
"I'm really surprised that people are blaspheming about playing the released game until the game is correct, it's not wrong, it doesn't go there, the main story until the cards are normal, people are blaspheming this game, try playing it so you know",Negative,Negative,Negative
"When you decide on the date for Bday, choose to give a character gift, but hang up if it's Zayne's character, give Zayne a gift",Neutral,Neutral,Neutral
continuedrtr,Neutral,Neutral,Neutral
"Bro, pls, it's finished",Neutral,Neutral,Neutral
"Bro, please continue playing the game until the end, it's really exciting, bro",Negative,Positive,Negative
"Bang Windah, next game, Mama Agnes",Negative,Neutral,Negative
"Thank you bro, Windah, playing the game, really like the game",Negative,Positive,Negative
watch beautiful girls unite,Positive,Positive,Positive
"Very funny comment, Bro, Windah laughs, bro, Zayne Caleb laughs",Positive,Positive,Positive
"Cool, thanks bro, Windah for playing",Positive,Positive,Positive
I'm staying,Neutral,Neutral,Neutral
"bring finances, the nature of money, the nature of people hating different genders, girls say that a guy says that a girl's friend is a bitch, a guy says that a girl has a weak character.",Negative,Negative,Neutral
darlenatobing positive thinking means poor smart,Positive,Positive,Positive
gg bro didn't ask,Neutral,Neutral,Neutral
Uchiha Windah,Neutral,Neutral,Neutral
,Neutral,Neutral,Neutral
"Bro, it's not simple bro",Neutral,Neutral,Neutral
"bro, it's broken up",Negative,Neutral,Neutral
windah uciha,Neutral,Neutral,Neutral
"because you play games, lads, when you watch the Windah Basudara channel",Neutral,Neutral,Neutral
hit by Uciha Windah's genjutsu,Neutral,Neutral,Neutral
yeah,Neutral,Neutral,Neutral
drill uchiha windah,Neutral,Neutral,Neutral
uchiha,Neutral,Neutral,Neutral
Uchiha Windah,Neutral,Neutral,Neutral
Uchiha Windah is up to playing games twice as much as Uchiha respects Windah,Positive,Neutral,Neutral
proud to play the game infinity nikki dongg game open world dress up girl company working on the game like lads,Negative,Positive,Negative
Uchiha Windah,Neutral,Neutral,Neutral
Uchiha Windah,Neutral,Neutral,Neutral
uciha windah,Neutral,Neutral,Neutral
"I wish you good health, bro, good luck",Positive,Positive,Positive
"Wow, playing bro Winda",Positive,Positive,Positive
I can't play IP bro,Neutral,Neutral,Neutral
sylus sylus,Neutral,Neutral,Neutral
if you don't understand the senior group,Neutral,Neutral,Neutral
Uchiha was born,Neutral,Neutral,Neutral
"It's insulting, bro, the game is so busy",Negative,Negative,Negative
buy an android bro,Neutral,Neutral,Neutral
"Oh my, this live bro, Windah, is so funny",Positive,Positive,Positive
"Cool game, bro, Windah is proud of mom",Positive,Positive,Positive
"I don't get any money for frying, hehe, keep going bro, fun",Positive,Positive,Positive
againeeeeeeeeeeeeeeeeeeeeeeeeeeeeee,Neutral,Neutral,Neutral
the evolxlove version feels like it brings the wind of gavin's character,Neutral,Neutral,Neutral
"thanks bro, play the game love and deepspace big respect bro",Positive,Positive,Positive
Uchiha windah,Neutral,Neutral,Neutral
"I give you bro, people are telling you that you intend to entertain Tangsel greetings",Neutral,Neutral,Neutral
"It's fun, bro, please continue",Positive,Positive,Positive
"can a guy play like this, he's really tired of laughing",Negative,Neutral,Positive
cool bro,Positive,Positive,Positive
uchiha wow beautiful baksobara,Positive,Positive,Positive
"I know Windah Uchiha, Isseinugroho, you're cool, Uchiha, I'm willing to insult a lot of games",Positive,Neutral,Positive
Zayne's grandfather,Neutral,Neutral,Neutral
,Neutral,Neutral,Neutral
Blaspheme Windah Mah Karbitfans fanatical lads what Ladenin is doing,Neutral,Neutral,Neutral
weee the next time I watched Windah's stream until I kicked the pillowllllll wjdjjeidjjdjehhwjx,Neutral,Neutral,Neutral
"Thank you bro, Windah for playing the game",Negative,Positive,Negative
"yeah, thanks bro",Positive,Neutral,Positive
"bro, gihun squid game player",Negative,Negative,Negative
"Yes, it's really fun to watch",Positive,Positive,Positive
for what's sake sii bggg laughed,Positive,Positive,Positive
anomalies appear,Neutral,Neutral,Neutral
"It's crazy how cool the game is, bro, why blaspheme it?",Negative,Negative,Negative
"Thank you, bro, for playing the game, lads, you really respect it, bro",Negative,Positive,Negative
Uciha Winda Basudara salute you,Neutral,Neutral,Neutral
"I want to play games but I don't have enough space, bro, Windah plays games",Neutral,Neutral,Neutral
"Bro, thank you very much for playing the game",Negative,Negative,Negative
keep going bro,Neutral,Neutral,Neutral
blaspheme the news,Neutral,Neutral,Neutral
next game infinity nikki bro,Negative,Neutral,Negative
game nikke genshin hsr hi,Negative,Negative,Negative
"I enjoy being a neutral orphan but the game has a lot of stories, I have cool HD visuals, it's really cool, the war effects are cool, in the beginning there are lots of stories",Positive,Positive,Positive
,Neutral,Neutral,Neutral
"It's great, bro, Windah balances out the male and female viewers, bro, Windahs prefers playing games, likes guys, still plays games, girls, female viewers, the coolest streamers in Indonesia",Positive,Positive,Positive
nice bro win,Positive,Positive,Positive
Uchiha Winda,Neutral,Neutral,Neutral
Rafayel is my boyfriend,Neutral,Neutral,Neutral
gj games,Neutral,Neutral,Neutral
"Thank you bro, playing this game is really fun, by the way, Sylus' husband, bro",Negative,Positive,Negative
Zayne dear boy,Neutral,Neutral,Neutral
yes darling,Neutral,Neutral,Neutral
"Yes, the story really highlights the otome",Positive,Neutral,Positive
"otome visual novel form, complete package of mini rpg games etc",Positive,Positive,Neutral
aim,Neutral,Neutral,Neutral
lots of nibbling,Neutral,Neutral,Neutral
touch some grass,Neutral,Neutral,Neutral
lost in the fiction competition?,Neutral,Neutral,Neutral
"I'm afraid I don't get people's attention and affection, kasi",Negative,Negative,Negative
you're crazy,Negative,Negative,Negative
gj,Neutral,Neutral,Neutral
your face is gone,Neutral,Neutral,Neutral
"What are you doing, cool bro, what a pathetic attention seeker",Negative,Neutral,Neutral
plssss really like it,Positive,Positive,Positive
It's a bit blasphemous,Neutral,Positive,Neutral
"Bro, I fell asleep during Zayne's story",Neutral,Neutral,Neutral
"Sylus really looks like a real badboy, bro, Greenflag",Positive,Positive,Positive
aaaakkk thx bro Windows has silenced the double standard oot but bro Windows uses an emulator yeh,Neutral,Neutral,Neutral
parts pls,Neutral,Neutral,Neutral
Caleb's homecoming story bro,Neutral,Neutral,Neutral
"I was a little careless watching YouTube, Bro, Windah, playing games",Negative,Negative,Negative
omagaa,Neutral,Neutral,Neutral
love sylus bro love,Positive,Positive,Positive
"Thank you, bro, playing with this is enthusiastic, bro, Windah",Positive,Positive,Positive
"proud to play, okay?",Positive,Positive,Positive
"Lagibatuq's community effect really has an impact. Seeing the game that was criticized yesterday because of romance and a guy playing Windah, even though it's a normal game, the community effect makes me think strangely about this game.",Negative,Negative,Negative
Xavier my love,Positive,Positive,Positive
boy bro,Neutral,Neutral,Neutral
my sylus omg thank you so much bro windah,Positive,Positive,Positive
"proud, come on, bro",Positive,Positive,Positive
"Bro, Windah plays the game I like",Negative,Neutral,Negative
"Thank you, bro, stay healthy and play the games I like",Positive,Positive,Positive
capers,Neutral,Neutral,Neutral
Huh,Neutral,Neutral,Neutral
ragebait,Neutral,Neutral,Neutral
ugh,Neutral,Neutral,Neutral
When you hear the opening you really laugh,Positive,Positive,Positive
"Crazy One's rating was released last January, bro",Negative,Negative,Negative
"Proud of the game, the theme is such a crazy story, the Play Store is here",Negative,Negative,Negative
It's just that Indonesian people don't like this,Neutral,Neutral,Neutral
"I'm laughing, I don't know if the lads community is good at drawing but it's not profane",Positive,Positive,Positive
Caleb's story bro,Neutral,Neutral,Neutral
still handsome bro,Positive,Positive,Positive
greenflag blackcat wow finally,Positive,Positive,Positive
Rafayel's girlfriend hello,Neutral,Neutral,Neutral
I'm a girl who really likes playing games,Positive,Positive,Positive
sylus on top,Positive,Neutral,Neutral
"I'm proud to play the local version of the game, bro, the name is cisini story, I'll wait, thank you",Positive,Positive,Positive
I miss little kids who die where viewers are dominated by girls,Negative,Negative,Negative
The right character is handsome bro,Positive,Positive,Positive
baangggg like it zayneee,Neutral,Neutral,Neutral
Bang Windah Sylus,Neutral,Neutral,Neutral
"Cboel guys are really unique, the game is not brutal, it's easy to rotate, the girl's fan service game is not cool, the blasphemous samsek is really broken, Lananglanang often watches strange things to the point where watching it is considered inappropriate",Negative,Negative,Negative
Zayne's wife,Neutral,Neutral,Neutral
Why are you opening an event bro?,Neutral,Neutral,Neutral
"I'm a guy who plays lads, I'm not interested in looking for romance, I prefer combat, so far the dash is really good, there's no limit, the character build is quite difficult, I really need a bottle of exp, the up story materials are good, the graphics are okay, the game rating really pays attention to the players.",Positive,Positive,Positive
"If the community is free, like the gaming community, I like pictures of G Snonoh and entertain game fans. Sell no.",Neutral,Neutral,Neutral
It's too bad that the game has female viewers,Negative,Positive,Negative
Why is it that girls are the target of watching it?,Neutral,Neutral,Neutral
Girls watching Windah aren't as chaotic as RSJ patients,Neutral,Neutral,Neutral
niraayug laughed,Positive,Positive,Positive
"See, I really hate girls",Negative,Negative,Negative
"I'm a guy who's looking at you, you're a grown-up guy who's a kid who watches weird, weird, lots of direct reprimands",Negative,Neutral,Neutral
Guys play victim final boss Anjir,Negative,Positive,Negative
allorynjasmine guys have average play victim traits sis,Negative,Neutral,Negative
really laughed,Positive,Positive,Positive
fanservice version for boys guys moaning lewdly guys it's not normal guys moaning like that yeah bottom line I'm a guy sighing when I'm embarrassed I,Negative,Neutral,Negative
"Guys are free, if they stray a little, they will immediately blaspheme the world",Positive,Positive,Positive
you're good bro,Positive,Positive,Positive
I love you bro,Positive,Positive,Positive
we love you bro windah we all say in unison,Positive,Positive,Positive
"It's great playing the game, I downloaded it",Positive,Positive,Positive
"Respect bro, greetings from Bocil Sylus",Neutral,Neutral,Neutral
"Continue the story, bro, open Caleb",Neutral,Neutral,Neutral
"Good choice, bro, I'm semsem or Zayne",Positive,Positive,Positive
"Bro, Windah already loves Zayne",Neutral,Neutral,Neutral
ken play anjoyyy,Neutral,Neutral,Neutral
"Thank you bro, Windah, I've been playing the girl's game, but I can't play it, but looking at it, Bro, I'm curious about the game, it's gone",Negative,Negative,Negative
"Bro, handsome, handsome, Caleb",Positive,Positive,Positive
"bro, when are you playing homichiper, bro, I miss you, bro, Serett",Neutral,Neutral,Neutral
I like this game,Negative,Positive,Negative
real world slang,Positive,Positive,Positive
"bro, thanks for playing the game hosted by Cwo, honestly, the video is really entertaining, thanks bro, stay healthy",Positive,Positive,Positive
yep,Neutral,Neutral,Neutral
"bro, patiently waiting for the part",Neutral,Neutral,Neutral
"bro, please play monthly idol",Neutral,Neutral,Neutral
gokillll bro next story caleb,Neutral,Neutral,Neutral
The content is filthy bro,Negative,Positive,Neutral
like bro,Neutral,Neutral,Neutral
Si Sylus SS Mulu or Bang Windah,Neutral,Neutral,Neutral
we love you bro windah,Positive,Positive,Positive
sell lutouch some grass duh,Negative,Neutral,Neutral
You should just sleep at home,Neutral,Neutral,Neutral
dreaming a lot,Neutral,Neutral,Neutral
look at yourself look at the mirror touch some grass nerd,Neutral,Neutral,Neutral
hot man,Positive,Positive,Positive
playing it bro windah,Neutral,Neutral,Neutral
"Thank you bro, Windahhhh for playing the game",Negative,Positive,Negative
you're really handsome,Positive,Positive,Positive
thankkyouu proud windahh miss u,Positive,Positive,Positive
Evelyn Imroatus laughed,Positive,Positive,Positive
"Lol, the duration of the waking hours doesn't matter, bro, I haven't downloaded the game because it's a potato cellphone",Positive,Neutral,Positive
"Bro, playing HSR, updates the story with beautiful characters",Positive,Positive,Positive
"I'm really laughing, my face is salting, but I'm holding back awaowkakakwo",Positive,Positive,Positive
zayne eight pack windah one pack,Neutral,Neutral,Neutral
"Thank you, bro, coal windows",Neutral,Neutral,Neutral
my dragon is gone,Neutral,Neutral,Neutral
"Sylus's story is really great, bro",Positive,Positive,Positive
"thank youuuuuu so much, proud to review this game",Positive,Positive,Positive
clock buffet,Neutral,Neutral,Neutral
carry on bro,Neutral,Neutral,Neutral
really late watching by the way thanks for playing the game bro,Negative,Negative,Negative
love you bro windah,Positive,Positive,Positive
"Bro, what games are you playing? Support, Bro. Windah, cheer up",Neutral,Neutral,Neutral
bro,Neutral,Neutral,Neutral
"Sylus is crazy, that's an act of money, bro",Negative,Negative,Negative
king mole king of world games,Neutral,Neutral,Neutral
threatening aura,Neutral,Neutral,Neutral
continue calebs story please bro,Neutral,Neutral,Neutral
i love sylussss,Positive,Positive,Positive
"bgg, I'm a satisfied girl, bro",Positive,Positive,Neutral
finally playing this game,Negative,Neutral,Negative
"proud to continue, thanks",Positive,Positive,Positive
"When you watch it, Bang Winda smiles to yourself",Neutral,Neutral,Neutral
"Bro, I like Zayne",Neutral,Neutral,Neutral
"Thank you very much, bro, if you don't play games, your cellphone is not capable of playing with your female fans, thank you",Positive,Neutral,Neutral
"Bro, Windah doesn't act like he's interested in buying a costume",Positive,Neutral,Neutral
"Yeyy finally haven't played the game yet, I saw my fav streamer playing the game then I can watch it",Negative,Negative,Negative
Cool,Positive,Positive,Positive
"I'm surprised a YouTuber can know how to play a good game, but there's nothing wrong with double standards",Negative,Positive,Negative
thank you bro winnn,Neutral,Neutral,Neutral
Thank you bro for playing the event,Neutral,Neutral,Neutral
"thank you bro, windah, you have the right to play the games you like",Positive,Positive,Positive
Rafayel's girlfriend,Neutral,Neutral,Neutral
"Your user ID, bro",Neutral,Neutral,Neutral
bro,Neutral,Neutral,Neutral
,Neutral,Neutral,Neutral
Boty wibu flow game bro,Negative,Negative,Negative
bro proud of double standards,Positive,Positive,Positive
I'm afraid of Caleb bro,Negative,Neutral,Neutral
Chinese Donghua,Neutral,Neutral,Neutral
You're Zayne bro,Neutral,Neutral,Neutral
"When you watch it, Bang Windah, come here, Bang Windah, call Zayne Zaineqqq",Neutral,Neutral,Neutral
"Thank you bro, it's really fun to download too",Positive,Positive,Positive
thanks daddy,Positive,Positive,Positive
"Thank you for playing, bro, Windah",Neutral,Neutral,Neutral
"bro, play crazy one",Negative,Negative,Negative
"Bro, because of you, my wallpaper is a picture of Sylus",Neutral,Neutral,Neutral
better game echo prn,Positive,Positive,Positive
"Bro, let's part",Neutral,Neutral,Neutral
played,Neutral,Positive,Neutral
Keyen bro,Neutral,Neutral,Neutral
"Don't continue, bro, it's not good",Negative,Positive,Positive
"bro, play bro par piliss, be enthusiastic bro",Positive,Positive,Positive
great time,Positive,Positive,Positive
"yuhuuuu thanks bro for playing the game, it's great",Positive,Positive,Positive
"I'd like to try playing it bro so you know because you don't subscribe. You're mature and smart. You know bro. Don't ruin it, thanks bro.",Positive,Positive,Positive
yep,Neutral,Neutral,Neutral
"bro, girl games, Bang Windah, play games, watch girls take turns playing Korean girl games yesterday, it was cool, cool",Positive,Positive,Positive
"I'm sorry, bro, I'm asking to blaspheme the viewer's comments, if yes, if yes, say yes, it's easy, I understand what you mean, bro, it's wrong to ask, blaspheme.",Negative,Neutral,Negative
Tacky double standards,Neutral,Neutral,Neutral
Why are you paying attention?,Neutral,Neutral,Neutral
"If the cellphone doesn't work, force it",Neutral,Neutral,Neutral
"If you don't like it, don't watch it, it's hilarious",Positive,Positive,Positive
what's so funny?,Positive,Positive,Positive
"Hadeh, I'm really monitoring the insect guy",Positive,Neutral,Positive
why are you watching?,Neutral,Neutral,Neutral
"I like it, bro, your management is hilarious",Positive,Positive,Positive
newbies without windah viwers,Neutral,Neutral,Neutral
"I don't like close, why watch it and don't get attention?",Neutral,Neutral,Neutral
Yes,Neutral,Neutral,Neutral
respect bro by the way bro rijad until you play the doll machine try it bro windah play until you open the kitty cards claw machine,Neutral,Neutral,Neutral
Thank you bro Windahhh we love you so much,Positive,Positive,Positive
"bro, play it again",Neutral,Neutral,Neutral
"Most of the kids hang out freely, the boys talk about brutality when the girls' version is advertised, there's no blasphemy aowkowwk",Positive,Positive,Positive
damn it's a fish leak,Neutral,Neutral,Neutral
thanks a lot bro windah love kebon,Positive,Positive,Positive
"thanks bro, I've been playing with my pen and my cellphone and I can't get it to translate in truuuss, let's see the story",Positive,Positive,Positive
"The banner was the same as yesterday, bro, it's not safe, bro",Negative,Positive,Negative
"What's up, you kid pretends to forget to play before it's hilarious, Babget's caper is taken care of by his parents, his gas doesn't matter",Positive,Positive,Positive
"guys, please pray that March passes snbp ui amen",Neutral,Neutral,Neutral
"Bro, Windah, selection of MC's son-in-law candidates",Neutral,Neutral,Neutral
"bro, it's muddy",Neutral,Neutral,Neutral
"Banh Windah Same when playing the game, Zayne immediately melted",Negative,Positive,Negative
"great, thank you, appreciate playing the game bro",Positive,Positive,Positive
"It's really exciting to see Bro Windah playing this, great respect",Positive,Positive,Positive
"Bro, Windah met Sylus, bro",Neutral,Neutral,Neutral
Zayne is really flirtatious,Positive,Positive,Positive
"Thank you bro, Windah for playing this game",Negative,Positive,Negative
bro next play crazy ones,Negative,Negative,Negative
jomoclodon,Neutral,Neutral,Neutral
"Grandma's MC, bro, father, boys, grandma's harem",Neutral,Neutral,Neutral
anjayy releases iugaa,Neutral,Neutral,Neutral
"I'm really surprised, yes, I played it",Positive,Positive,Positive
I'm looking forward to laughing forever ancrittt,Neutral,Neutral,Neutral
Ken plays the game fluently in English,Negative,Negative,Negative
really play,Positive,Positive,Positive
part bro,Neutral,Neutral,Neutral
"Thank you very much, bro, Windahhh, playing lads respect",Positive,Neutral,Neutral
seeeeerruuuuuu,Neutral,Neutral,Neutral
don't bother,Neutral,Neutral,Neutral
"Don't care about people's comments, bro, play the game",Negative,Positive,Negative
"Jir, what games are you playing?",Neutral,Neutral,Neutral
"aowkwkke I'm really laughing, you're laughing, bro, you said Sylus pretends to be handsome but he's stupid",Negative,Positive,Positive
"really fun to watch it again for a full hour, watching it, it's really funny, it's fun to see Bro Windah's reaction when playing, thank you bro for the review",Positive,Positive,Positive
,Neutral,Neutral,Neutral
"Thank you bro, mainnnnn",Neutral,Neutral,Neutral
handsome,Positive,Positive,Positive
ih sylus cm sylusss aaa,Neutral,Neutral,Neutral
"thank you, you're proud of Windahhh, you're really cool, Gookkill, continue the story, Calebb, proud of you, plijsss",Positive,Positive,Positive
unclean double standards,Neutral,Neutral,Neutral
let's just let it be like that,Neutral,Neutral,Neutral
I know right,Positive,Positive,Positive
what are you doing?,Neutral,Neutral,Neutral
so you don't look cool,Positive,Positive,Positive
,Neutral,Neutral,Neutral
,Neutral,Neutral,Neutral
I don't understand the gameplay,Neutral,Neutral,Neutral
"Let go, bro, don't hold back his disgusted face, he's laughing, he's actually watching, but he likes gaming",Negative,Neutral,Negative
tara murip ashley,Neutral,Neutral,Neutral
bad game mesm,Negative,Negative,Negative
nikki infinity review bro,Neutral,Neutral,Neutral
"Bro, Windah plays games",Neutral,Neutral,Neutral
"Bro, Windah, prepare photos for pre-wedding so that your poses are cool",Positive,Positive,Positive
"bro, it's hard to make a living on the sylus, but the sylus is worried, bro, lvl up in sylus if",Negative,Neutral,Negative
"lots of noisy yapping, bro",Neutral,Neutral,Neutral
"This game is really cool, that funny kid made a really funny comment yesterday",Positive,Positive,Positive
love you bro,Positive,Positive,Positive
yeahyyyy,Neutral,Neutral,Neutral
UI student Rafayel,Neutral,Neutral,Neutral
yayyyyy,Neutral,Neutral,Neutral
no green flag bjir,Positive,Neutral,Negative
Sylus is a proud girlfriend,Positive,Positive,Positive
"Viewers, Bro, Windah, the girl",Neutral,Neutral,Neutral
Hello,Neutral,Neutral,Neutral
laughing sylus screaming old money really bahhhh,Positive,Positive,Positive
carry on bro,Neutral,Neutral,Neutral
You're ugly at times,Negative,Negative,Negative
"You know, your brain is messed up",Neutral,Neutral,Neutral
I'm sick of being homophobic and I'm forced to watch it,Negative,Negative,Negative
You think it's easy to make a game like an RPG,Positive,Positive,Negative
bro story caleb lesgoooo,Neutral,Neutral,Neutral
Thank you bro Windahh,Neutral,Neutral,Neutral
ily bro wjndah,Neutral,Neutral,Neutral
disgusted disgusted really disgusted,Negative,Negative,Negative
seconds seconds crashes,Neutral,Neutral,Neutral
"okay, the game isn't animated ppt",Positive,Positive,Positive
"choose Zayne comeback, still choose Zayne laugh",Positive,Neutral,Positive
pls really laugh when you play day one buy a towel,Positive,Positive,Positive
"Sylus Aura is really a red flag, bro, actually a green flag, my wife already knows that",Negative,Neutral,Negative
I really laughed when I took a screenshot of Jir,Positive,Positive,Positive
bro rafayel pisces km,Neutral,Neutral,Neutral
"OK, boss, you played Nikke then got angry, Windah played a hilarious laughing game",Positive,Positive,Positive
bro playing castlevania lord of shadow,Neutral,Neutral,Neutral
"I like Zayne, bro, Windah is cold but still laughs",Negative,Neutral,Neutral
ahh,Neutral,Neutral,Neutral
"No hunter, bro, Windah got a minute too",Neutral,Neutral,Neutral
"Respect, thank you bro",Neutral,Neutral,Neutral
"I've been playing until now, can't choose who's bias, different stories, different bias, awoakakka, all the characters are charming",Positive,Positive,Neutral
"Honestly, I play the game in good spirits",Positive,Positive,Positive
"I miss you bro, let's continue the game",Negative,Neutral,Negative
"Girls' games, guys' games are brutally sexualizing, guys are scared to see girls' games",Negative,Neutral,Neutral
I'm disgusted,Negative,Negative,Negative
"that's enough, yep",Neutral,Neutral,Neutral
"don't like to close, bro, why are you commenting so thirsty for attention?",Neutral,Neutral,Neutral
Windah is crazy,Negative,Negative,Negative
choose oshi huhu,Neutral,Neutral,Neutral
"proud, thank you for playing the game",Positive,Positive,Positive
"Anjir is in a really good mood, letsss goo girllsssss",Positive,Positive,Positive
crew tip until diamond money just upgraded cards dah play battle characters play claw machine kitty cards read stories use accessories free upgrade people infinity,Positive,Positive,Positive
"Bro Windah really plays love and deepapace, salute Bro Windah, don't listen to the bad talk of his fans",Positive,Positive,Positive
Lots of girls play the game lol,Positive,Positive,Negative
rafarel marmen,Neutral,Neutral,Neutral
i want him toooo,Neutral,Neutral,Neutral
"Bro, Windah plays the game he likes",Negative,Neutral,Negative
big respect bro windah,Neutral,Neutral,Neutral
gg bro windah,Neutral,Neutral,Neutral
sylus presidential candidate's comments by the way I didn't react bro windah pas ulti sylus football supporter anyway good work on this bang bener woman likes good boy sylus is a whole green forest,Positive,Positive,Positive
"I miss Rafayel, downloaded when it was released, it was deleted because it was so big, the potato cell phone wasn't strong enough",Positive,Positive,Neutral
"Cheer up, bro. Pay attention to people who don't like you",Neutral,Neutral,Neutral
"Proud to continue the game, Bro, Seretttt",Positive,Positive,Positive
"help support it, bro",Neutral,Neutral,Neutral
,Neutral,Neutral,Neutral
there's nothing wrong,Negative,Negative,Negative
"big respect, thanks, proud to have been hit by flood damage",Positive,Positive,Positive
character bro,Neutral,Neutral,Neutral
"bro, thank you so much for playing with the best game, bro",Positive,Positive,Positive
less handsome character,Positive,Positive,Positive
ragebaitkid halu,Neutral,Neutral,Neutral
"Guys, when it comes to girls' games, they immediately blaspheme",Neutral,Neutral,Neutral
example person,Neutral,Neutral,Neutral
"because in the world there are lots of guys, your standards are not up to the mark, how can a girl get a guy who laughs, a guy who's cool, hahaha",Positive,Positive,Positive
read,Neutral,Neutral,Neutral
you're not handsome enough,Negative,Positive,Positive
You can arrange games specifically for girls,Neutral,Neutral,Neutral
attention seeker mentioned hahahahhah clown,Neutral,Neutral,Neutral
I haven't used play point yet,Neutral,Neutral,Neutral
"It's okay, so handsome, bro, people are indeed handsome",Positive,Positive,Positive
The dream of being hit by a handsome guy's bank account,Positive,Positive,Positive
choose her future husband,Neutral,Neutral,Neutral
How do you succeed like Bang Windah hehe on YouTube without getting any views?,Neutral,Neutral,Neutral
"I respect you, bro, Windah doesn't listen to people",Neutral,Neutral,Neutral
"Bro, play the female version of Crazy Ones",Negative,Negative,Negative
"Bro, Windah, play using a PC",Neutral,Neutral,Neutral
bro,Neutral,Neutral,Neutral
the game is cool,Negative,Positive,Negative
"That's right, the ff is casual",Negative,Positive,Positive
really genuine mood,Positive,Positive,Positive
hahaha,Positive,Positive,Positive
"Thank you bro, I see that my cellphone doesn't support downloading",Neutral,Neutral,Neutral
"Continue, don't be proud",Positive,Positive,Positive
play the game infinity nikki bang windah game male,Negative,Positive,Negative
"Bro, a tsundere girl admits that she likes Zayne and has a crush on Sylus",Neutral,Neutral,Neutral
laughing red face,Neutral,Neutral,Neutral
cheesy Sylus' wife,Negative,Neutral,Neutral
wow laptop,Positive,Positive,Positive
do you play the game?,Negative,Negative,Negative
emulators,Neutral,Neutral,Neutral
,Neutral,Neutral,Neutral
Sylus' wife's jealous moment,Neutral,Neutral,Neutral
"Bro, Kombek FC Mobile, miss the spin now, is the spin big or not?",Neutral,Neutral,Neutral
finished,Neutral,Neutral,Neutral
solo leveling gameplay,Neutral,Neutral,Neutral
"Bro, Windahhhh, I'm really proud to be a wise adult playing rest games, bro",Positive,Positive,Positive
carry on,Neutral,Neutral,Neutral
Bang char is a guy,Neutral,Neutral,Neutral
The emulator is heavy and the game is heavy,Negative,Negative,Negative
"Thank you bro, Windah, let's play GAMA",Neutral,Neutral,Neutral
"I didn't expect the gameplay to be good, the story is moving, I'm vn",Positive,Positive,Positive
I love you bro,Positive,Positive,Positive
hate mokondo comments,Negative,Negative,Negative
"bro, don't continue playing the homicipher game",Negative,Neutral,Negative
"Zayne, dear child, Windah",Neutral,Neutral,Neutral
Match Evelyn Sylus bro,Neutral,Neutral,Neutral
bro account,Neutral,Neutral,Neutral
"Calm down, bro, whatever game you're playing, I'm still watching it now, how about it, it's already boring and I'm not watching it.",Negative,Negative,Negative
"Play the FC Mobile game, bro",Negative,Negative,Negative
gg proud windahhh,Positive,Positive,Positive
"Bro, Windah, Main FC Mobile, Bro, Update Main OVR",Positive,Positive,Positive
ugh,Neutral,Neutral,Neutral
bye,Neutral,Neutral,Neutral
ashiprisilia indeed bro,Neutral,Neutral,Neutral
proud homicipherr,Positive,Positive,Positive
games,Neutral,Neutral,Neutral
"Bro Windah, I love you",Positive,Positive,Positive
"yeah, thank you, virtualhug",Neutral,Neutral,Neutral
there is nothing wrong with this game you guys are the problem let the girls play in peace duh,Negative,Negative,Negative
"It's really cute, Sis Agnes's MC visuals really suit Bang Windah's taste",Positive,Positive,Positive
worth buying DM proud in exchange for Aurum Pass tickets but that's it,Positive,Positive,Neutral
"thanks bro for reviewing the game, players lads, satisfied with watching your live, if you're confused about the game, bro, by the way, if you understand the story, the flow",Negative,Negative,Negative
"Hylos, why do you reward Bang Windah?",Neutral,Neutral,Neutral
stremer ready,Positive,Positive,Positive
wet auto girl,Negative,Negative,Negative
"bro, don't you play dynasty warrior origins?",Neutral,Neutral,Neutral
"bro, a suggestion for tomorrow when playing games using the internet is a bit rotten, the opening song is good for a laugh",Positive,Positive,Positive
Caleb will meet you later,Neutral,Neutral,Neutral
"It's really funny, really has a minus brain",Positive,Positive,Positive
"Bro, play Supersus, bro",Neutral,Neutral,Neutral
playing game,Negative,Negative,Negative
"don't talk about women women viewers, you can get cogan game, bro, you'll get married, cogan game, what happens to single guys, tuir",Negative,Negative,Negative
it's actually a girl's game but if a guy plays it's wrong it's like a girl's playing an otome mc game that's a guy if he plays it's just playing,Negative,Negative,Negative
homecoming story caleb donggg,Neutral,Neutral,Neutral
ha ha,Neutral,Neutral,Neutral
"You are an adult, handsome, beautiful, goals, live, trust, old friends, for example Kpopers, SNSD, Super Junior, have idol looks",Positive,Positive,Positive
healthy comments,Positive,Positive,Positive
"yes, eat and treat it's hilarious",Positive,Neutral,Positive
You think it's a shame not to watch Windah,Neutral,Positive,Neutral
"It's real, if you really have a soul mate, bro, good men and women meet according to what Lauhul Mahfudz wrote, pessimistic fyp tik tok, that fake social media standard.",Positive,Positive,Positive
what the heck,Neutral,Neutral,Neutral
insecure people,Negative,Negative,Negative
"bro, you're insecure about a fictional character",Negative,Negative,Negative
Yes,Neutral,Neutral,Neutral
wkwkwkwwk damn bro by the way take it seriously guys comment jokes sarcasm I know,Negative,Neutral,Neutral
"Yes, take care of your thoughts like you",Neutral,Neutral,Neutral
hahaha insecure fictional character,Negative,Negative,Negative
"Average face, no attitude, don't have an average face, take care of it so that your skin is smooth, no acne, clean, etc. OK, if you've fallen in love, your attitude will automatically make you more handsome, huahahahha",Positive,Positive,Positive
"I'm really afraid that if you're single, girls will only look physically",Negative,Negative,Negative
pin tutor,Neutral,Neutral,Neutral
haters detection,Neutral,Neutral,Neutral
apas,Neutral,Neutral,Neutral
Your fashion is bad,Negative,Negative,Negative
really insecure,Negative,Negative,Negative
buffoonery,Neutral,Neutral,Neutral
finally yepiiiiiiiiiiii,Neutral,Neutral,Neutral
hmmmm yes YouTuber,Neutral,Neutral,Neutral
"Heh, the MC character is Windah Fuji",Neutral,Neutral,Neutral
"I like Zayne, bro, Sigma Farhan",Neutral,Neutral,Neutral
gg bro windahhh,Neutral,Neutral,Neutral
continue the story sylus aim for likes,Neutral,Neutral,Neutral
"Bro, Windah, thanks for playing this game, can't play cellphone games, it doesn't support it",Negative,Positive,Negative
contents of the anjir woman,Neutral,Neutral,Neutral
big respect for you papa brandoo thank you so much,Positive,Positive,Neutral
Bang Windah main Moonlight Crush Indonesian language game story boyfriend,Negative,Negative,Negative
comment for a moment end like what is wrong with u,Negative,Neutral,Neutral
"Wow, the game play is good, yesterday's guy's game had a plot with a girl, big melon capital house, look at it, you're a toxic kid, how do you like it?",Negative,Positive,Negative
"bro, please, if you stream, don't care about the viewers enjoying playing the game, don't worry",Positive,Positive,Positive
bro like it,Neutral,Neutral,Neutral
part bangggghhh,Neutral,Neutral,Neutral
"When you pull, you get Caleb",Neutral,Neutral,Neutral
Thank you Emile,Neutral,Neutral,Neutral
"yeah, it's fun to play",Positive,Neutral,Positive
"ih, mc ak's brother, his surname is lockhart",Neutral,Neutral,Neutral
Cie grinned playing in it,Neutral,Neutral,Neutral
who help?,Neutral,Neutral,Neutral
"Yes, the target of the game is girls, it's normal to watch girls",Negative,Neutral,Negative
"The game is for girls, Bang Windah, it's live for girls, you know",Negative,Positive,Negative
so what are you afraid of competition?,Negative,Neutral,Neutral
"Thank you, bro, playing lads, I love Caleb, bro",Positive,Positive,Positive
proud to continue,Positive,Positive,Positive
wow,Positive,Positive,Positive
"sorry for not watching until I took care of it by the way, thanks bro Brando for playing the game",Negative,Negative,Negative
girls friends girls slayyy,Neutral,Neutral,Neutral
"Thank you for playing the game, great player, lads, price, response, bro, Windah, it was really fun, live yesterday, it was hilarious, it was really entertaining, successful, proud, proud of youu",Positive,Positive,Positive
nutorin download laptop ga,Neutral,Neutral,Neutral
thanks bro,Positive,Positive,Positive
gg trending,Neutral,Neutral,Neutral
UI student Rafayel,Neutral,Neutral,Neutral
finally,Neutral,Neutral,Neutral
cool,Positive,Positive,Positive
yeyyyyy,Neutral,Neutral,Neutral
I'm proud to like Sylus Zyne,Positive,Positive,Positive
"Am I really excited to see you, Bro, Windah looks really excited when playing the game",Positive,Positive,Positive
"Day request, Bro, Windah to play Lokapala",Neutral,Neutral,Neutral
gg,Neutral,Neutral,Neutral
"bro, try playing crazy one",Negative,Negative,Negative
"Very visual novel type, the game reads stories but doesn't like reading. Playing is the best. I'd say the BKP game is really scifi romance, bro.",Positive,Positive,Positive
Thank you very much bro for playing the game,Negative,Negative,Negative
perioddtt,Neutral,Neutral,Neutral
purrr,Neutral,Neutral,Neutral
ahahaha,Neutral,Neutral,Neutral
Bang Windah's part is really funny,Positive,Positive,Positive
yurrrrr,Neutral,Neutral,Neutral
yessss baddiesss,Neutral,Neutral,Neutral
yeahhhh,Neutral,Neutral,Neutral
njirrrrr,Neutral,Neutral,Neutral
hahahahaha,Positive,Positive,Positive
The average otome game is a visual novel model and the cons of live streaming are not dangerous,Negative,Negative,Negative
"Continue the story, bro",Neutral,Neutral,Neutral
"Bang Windah, please play Tears of Themis please",Neutral,Neutral,Neutral
"Thank you, Bro, Kepo Gamudeng Game, Bang Windah Main Tauu Sylus, he's handsome by the way",Positive,Positive,Positive
it's fun,Positive,Positive,Positive
yayyyy,Neutral,Neutral,Neutral
I think it's a crazy cool jir game,Negative,Negative,Negative
Bang Windah bucin Mamah Agnes,Neutral,Neutral,Neutral
"Game based on gender, played by men and women, entertaining game",Negative,Negative,Negative
"Finally bro, Windah played the game, sorry bro, I couldn't watch it yesterday",Negative,Negative,Negative
,Neutral,Neutral,Neutral
try bro windah full live stream grinning grinning salting ngahahahhaha,Positive,Positive,Positive
anjay,Neutral,Neutral,Neutral
It's really fun mop bro prat,Positive,Positive,Positive
"bro, please accept the request, lads pen friend",Neutral,Neutral,Neutral
"Thank you, proud Windaaahh",Positive,Positive,Positive
"Don't be blasphemous, bro, Windah, it's really popular, it's really viral, it's really funny",Positive,Positive,Positive
really bro,Positive,Positive,Positive
"Very respectful bro, Windah, I've been waiting for this gsme since yesterday. Thank you, bro, Windah for giving me fanservice, girl.",Positive,Positive,Positive
ee,Neutral,Neutral,Neutral
uninstall ken install hhhhhhhhh,Neutral,Neutral,Neutral
The max is just adding friends,Neutral,Neutral,Neutral
yingtze anjir w really late w don't know if he opened his profile because zzzz,Negative,Negative,Negative
"It's crazy, it's really fun, it's really fun to watch, bro, thank youuu",Neutral,Positive,Positive
"Thanks bro, played the game until I was willing to spend millions",Positive,Positive,Positive
"original game, good storyline, story gameplay, no wonder it's top not bad, isn't it?",Positive,Positive,Positive
"It's really funny, bro, Windah keeps saying that Sylus is cool, Sylus is a bad boy, etc. It's funny, Sylus reflexes screenshots, he even buys clothes, cool photos, thank you, bro, playing the game, Sylus, Zayne, Girlie, really watch it until the end, wait for the part, bro, unlock Caleb's story",Positive,Positive,Positive
finish bro,Neutral,Neutral,Neutral
i love you so much bro windahhh playing games,Positive,Positive,Positive
"Bro, Windah, girl, go to you to review Caleb, bro",Neutral,Neutral,Neutral
"bro, play cisini story banj",Neutral,Neutral,Neutral
"I'm laughing when I see the viewers, the guy is emoting and angry, facereddroopyeyesfacebluesmiling, anyway, finish love and deepspace, bro",Neutral,Neutral,Neutral
Please pretend you don't know,Neutral,Neutral,Neutral
"bro, bomb features, try this game, I'm afraid the viewers will be surprised by the features",Negative,Negative,Negative
thank you brother windah,Neutral,Neutral,Neutral
"Bro, Windah, continue homicipher",Neutral,Neutral,Neutral
yayyy post too,Neutral,Neutral,Neutral
I think this is a Nikke Portrait mode game with turn base gameplay that turns out to be hack n slash PGR JIR,Negative,Negative,Negative
cylusss,Neutral,Neutral,Neutral
many handsome guys in games are still handsome guys,Positive,Positive,Positive
"bro, try playing captivity",Neutral,Neutral,Neutral
"Anjay is trending, bro, I'm proud of you, as I expected, you get thanks, people like blaspheming you.",Positive,Positive,Positive
Anjass played,Neutral,Neutral,Neutral
"Bro, Windah didn't buy clothes, Sylus just bought a towel",Neutral,Neutral,Neutral
iezxsooizumi oh yeah wrong laugh sorry I meant towel,Negative,Negative,Negative
"To be honest, when I watched Bro Windah play this game, I didn't laugh out loud",Positive,Positive,Positive
That's your feature,Neutral,Neutral,Neutral
"Thanks bro for playing, even though I got fried when I played yesterday it crashed until I got deja vu again, still playing, enjoy respect",Positive,Positive,Positive
Thank you so much for playing the game,Negative,Negative,Negative
"Bro, play the fun Magic Pocket Pet game to fight Pokemon",Positive,Positive,Positive
"bro, request to play mass games or not",Neutral,Neutral,Neutral
Thank you bro Windah Ileyee,Neutral,Neutral,Neutral
sylus i lop u,Neutral,Neutral,Neutral
"Bro, Windows wore a Sukuse wig yesterday when playing Lads so that he wouldn't be handsome compared to the character in the game",Positive,Positive,Negative
it's really sad to live live grgr sleep,Negative,Negative,Negative
commented by Bang Windah Bjir's dormitory student,Neutral,Neutral,Neutral
Anjay doesn't crash anymore until Xavier's clothes become rainbowim proud of ur computer,Positive,Positive,Neutral
,Neutral,Neutral,Neutral
papa brandoo,Neutral,Neutral,Neutral
thank you bro windahhhfacepurplecryingfacepurplecryingfacepurplecrying,Neutral,Neutral,Neutral
windah slayer,Neutral,Neutral,Neutral
"Thank you very much, Windahhh",Positive,Neutral,Neutral
we love we respect bro windahhh,Positive,Positive,Positive
"bro, play crazy ones",Negative,Negative,Negative
"Thanks bro, Windahh, it's really exciting, I'm really looking forward to playing it sometime",Positive,Positive,Positive
"Thank you bro, Windah, let's play the game, bro, Windah",Negative,Neutral,Negative
Bang Windah's comedy is playing the Bokeff game,Negative,Negative,Negative
"I think people should at least watch it first, don't just talk about it, don't look for it, it's a game about low HR",Negative,Positive,Negative
sxyza omaga is called low level high school sma pylus garuda,Positive,Positive,Positive
carbide bits,Neutral,Neutral,Neutral
regiiibadut game bkp plays jokes,Negative,Negative,Negative
stupid fomo sir,Negative,Neutral,Negative
lightphocnix is ​​trying to find out about this bokef game,Negative,Negative,Negative
stupid,Negative,Negative,Negative
"saphiraabelia comedy game deck is entertaining to play, it's better to play Epep",Positive,Positive,Positive
"It's not clear, bro",Negative,Neutral,Neutral
trullycan emg gjls game lust,Negative,Negative,Negative
Suki,Neutral,Neutral,Neutral
"indeed from Bang Windah, playing the game of directing the bokef of sexy girls, Sono video, Bang Windah, blaspheme the game, don't do it if you think it's just a double standard bokef game, awkoawkoawkowako",Negative,Negative,Negative
you see a sexy girl,Positive,Positive,Neutral
unclean double standards,Neutral,Neutral,Neutral
ashiprisilia double standards what ytm team,Neutral,Neutral,Neutral
gg bang bocil sylus,Neutral,Neutral,Neutral
"cool, proud",Positive,Positive,Positive
"Yeayyy, wait for Caleb's story",Neutral,Neutral,Neutral
Thanks bro for playing this game especially for the cool and cool comments,Positive,Positive,Positive
"Bro, the female YouTuber finished watching the guy not finish",Neutral,Neutral,Neutral
finally laughed,Positive,Positive,Positive
bang stream dynasty warrior ga,Neutral,Neutral,Neutral
"Thank you sis, I've been playing games, I rarely see male gamers playing dating sim games, wait for the update, bro",Positive,Neutral,Neutral
Thank you bro for playing the game,Negative,Negative,Negative
Thank you bro for playing the game when my device supports playing lads bro Windah the best,Positive,Positive,Positive
ty bro by the way ignore bro,Neutral,Neutral,Neutral
Wow Windah pervert,Positive,Positive,Positive
"Waaaaa thanks Bangwin thanks a lot, I know how to play, so I don't like it, please judge, Bangwin, I'm welcome to review because Bangwin, I know how the POV is when playing the game",Positive,Positive,Positive
"Bro, be careful, the Gooner game is dead",Negative,Negative,Negative
"Bro, play crazy ones so the male fans don't get jealous",Negative,Negative,Negative
lovyu bangwin,Neutral,Neutral,Neutral
"Respect bro, keep going next bro, open another epic ending",Positive,Neutral,Neutral
This is a cool game for girls,Negative,Positive,Negative
"Alas, he likes watching, bro, Windah plays games, doesn't he play games, what games do he play or do he watch them?",Negative,Neutral,Neutral
"Thank you very much, bro, for playing the review of the LD game",Negative,Negative,Negative
"cper, try scrolling for a new comment, name ramm, honestly, I'm really annoyed if you can't comment, at least report it, bro.",Negative,Positive,Positive
related bro,Neutral,Neutral,Neutral
I swear it's so funny laughing live,Positive,Positive,Positive
yeayyy cool bro it's really funny hahaha thank you for playing the game bro excitedly waiting for the part,Positive,Positive,Positive
"bro, thanks for playing the game, watching the video, bro, Windah, enjoy watching the game",Negative,Negative,Negative
hilarious,Positive,Positive,Positive
lovyu,Neutral,Neutral,Neutral
"thanks, big respect",Positive,Positive,Positive
aw trending aw,Neutral,Neutral,Neutral
Rafayel guessed it was genuine,Positive,Positive,Positive
"hehe, I'm happy to play the game, thank you, bro, Windah",Positive,Positive,Positive
anjayyy trending game,Negative,Neutral,Negative
Try playing until the hunter contests,Neutral,Neutral,Neutral
cellphone games,Neutral,Neutral,Neutral
anjirrr really playing yessss,Positive,Positive,Positive
gat,Neutral,Neutral,Neutral
It's hard for girls to comment so it's hard to find comments from guys,Negative,Negative,Negative
Zayne is your husband,Neutral,Neutral,Neutral
,Neutral,Neutral,Neutral
respect,Neutral,Neutral,Neutral
"bro, play the endoparasite game bro",Negative,Positive,Negative
salting yeah,Neutral,Neutral,Neutral
loveee youuu poll bro windaah really love you,Positive,Positive,Positive
oh my,Neutral,Neutral,Neutral
"Continue, I'm proud of the story",Positive,Positive,Positive
finally,Neutral,Neutral,Neutral
vibes donghua,Neutral,Neutral,Neutral
p,Neutral,Neutral,Neutral
Thank you bro Windahh,Neutral,Neutral,Neutral
"bro, try out the s strike mode, the new efootball arena is exciting, bro, vs event too",Positive,Positive,Positive
"bro, drill, bro, forget to drag",Negative,Neutral,Neutral
"thank you, proud to playinnnnn",Positive,Positive,Positive
game password bro hahaha,Negative,Positive,Negative
,Neutral,Neutral,Neutral
trending bro,Neutral,Neutral,Neutral
thank you bro windah,Neutral,Neutral,Neutral
try crazy ones bro,Negative,Negative,Negative
Yeaayy bro Windahh mainn thanks a lot bro,Positive,Positive,Positive
"bro, it's really fun to play, bro, facebluesmilingfacebluesmiling",Positive,Positive,Positive
hate comments because the character is less competitive,Negative,Negative,Negative
"Bro, Zayne, thanks for playing the game",Negative,Positive,Negative
yo,Neutral,Neutral,Neutral
,Neutral,Neutral,Neutral
The engineer laughed,Positive,Positive,Positive
"bro, continue with FC Mobile because there are updates pls",Neutral,Neutral,Neutral
finally,Neutral,Neutral,Neutral
Li,Neutral,Neutral,Neutral
,Neutral,Neutral,Neutral
chat girl,Neutral,Positive,Neutral
"Thank you bro, you are really positive, your personal game is empty bro, the game characters really make you pay attention",Negative,Positive,Negative
"Thank you, Wind Lope Kebon",Neutral,Neutral,Neutral
"Bro, please continue watching the story",Neutral,Neutral,Neutral
"Cancel it, bro, that's fine",Positive,Positive,Positive
"Lots of yapping, but the game is cool",Negative,Positive,Negative
yeyyy,Neutral,Neutral,Neutral
seconds seconds niagara falls,Neutral,Neutral,Neutral
bro bear it,Neutral,Neutral,Neutral
sus,Neutral,Neutral,Neutral
"bro, playing the FC Mobile game, bro, toty event, bro, the players are great, bro",Positive,Positive,Positive
"I don't like sales, bro",Neutral,Neutral,Neutral
"Bro, lady boy, seeing you play character games makes you wet",Negative,Neutral,Negative
"Don't be the same as Jefri, handsome in real life, handsome sylus fantasy Ciwiciwi pick me",Positive,Positive,Positive
The male character's face is Dante Vergil Devil My Cry,Neutral,Neutral,Neutral
"Blaspheming the game without thinking with your brain, the girls version of the KY Gin game is serious. Respect Bang Windah's response",Negative,Positive,Negative
please bro,Neutral,Neutral,Neutral
p,Neutral,Neutral,Neutral
give me touch some grass please,Neutral,Neutral,Neutral
ffoairy likes like nega,Neutral,Neutral,Neutral
"ffoairy, it's true that guys nowadays have bad introspection, bro",Negative,Negative,Negative
nope,Neutral,Neutral,Neutral
anonyml sipaling bodycount alias bispak,Neutral,Neutral,Neutral
really really lady boy banc,Positive,Positive,Positive
Daffinzion is not kidding,Neutral,Neutral,Neutral
I'm surprised I read it,Positive,Positive,Positive
pickme palalo,Neutral,Neutral,Neutral
You'll pick me,Neutral,Neutral,Neutral
"Very serious, darling",Negative,Neutral,Neutral
you pick me suki,Neutral,Neutral,Neutral
"That's it, no lep lewd awoakwok",Neutral,Neutral,Neutral
"No, the viewers are minor, all of them are still at the Arijumanjing puberty stage",Negative,Negative,Neutral
"Wow, Jir Arijumanjing's game is really good",Positive,Positive,Positive
"Bro, Windah makes you watch the girls, bro",Neutral,Neutral,Neutral
"Yes, it's serious or not",Negative,Neutral,Neutral
Winda Uchiha,Neutral,Neutral,Neutral
the name of the game is the girls version,Negative,Negative,Negative
"You know, girls are really lustful",Positive,Positive,Positive
"Yes, the female character has bigger chest and head",Neutral,Neutral,Neutral
blaspheme fans of metal gear rising revengeance fanatical toxic fans metal gear rising revengeance fans tertoxic fanatics human history,Neutral,Neutral,Neutral
"Don't blaspheme, fine, fine, bro, Windah, playing like this, I'm disappointed, Bro, Windah, didn't invite Mama Agnes to play this game, no offense, chill",Negative,Negative,Negative
indeed facebluewideeyes,Neutral,Neutral,Neutral
"I personally despise games with too much fan service, guys",Positive,Neutral,Neutral
"mention it, try the game, mention it",Negative,Neutral,Negative
"finalglory bro, try to forget the five hearts under one roof game",Negative,Negative,Negative
finallglorynah people insult your reading achievements to the point of insulting other people's work,Negative,Positive,Negative
finalglory crazy ones bro no playstore no bet,Negative,Negative,Neutral
"thanks bro, Windah, for playing the women's segmentation game, next time if you use a negative mute ban bot, yes, hard moderator, healthy community, not toxic",Negative,Positive,Negative
I'm waiting for a real hilarious laugh,Positive,Positive,Positive
anjim problemmatic viewer,Neutral,Neutral,Neutral
keep going teng kyuu bro windahh,Neutral,Neutral,Neutral
select km,Neutral,Neutral,Neutral
next time you play baaang unlock the story,Neutral,Neutral,Neutral
After I watched this live I was Sigma Boy's motivation and was really good,Positive,Positive,Positive
thank you sis windahh,Neutral,Neutral,Neutral
games like gin mah girls watch compared to boys,Neutral,Neutral,Neutral
Rafayel left read,Neutral,Neutral,Neutral
"Oh, that's a really good marathon, it's a great time, hehe, thanks bro for playing the gin simulator",Positive,Positive,Positive
"Bro, Windah Zayne's girly, Zayne's playing, bro, Caleb's shaking, bro, he's shaking",Neutral,Neutral,Neutral
"Rafayel's girlfriend, Bang Scaramouche",Neutral,Neutral,Neutral
"bro, how do you download the PC game, it doesn't work, don't download the PC game",Negative,Negative,Negative
"Bro, the story is finished",Neutral,Neutral,Neutral
oh handsome huh,Positive,Positive,Positive
"Thank you bro, play the game, continue the story, bro, after completing the mission, the battle option appears, open orbit, field, grinding battle, it's hard, the battle is abysal chaos, sub battle story, mission with companion rawards, bang story, continue to meet Caleb under the title, Homecoming Wings, pilot, brief character, Xavier, Deepspace Hunter, Zayne, Akso Hospital doctor, Rafayel, hug, get to know Sylus, leader of the dark organization, Onychinus N Zone, Caleb, Colonel, Farspacefleet pilot, Thank you, bro, I like Sylus. really sweet like xixixixixi",Negative,Positive,Positive
"Thank you bro, I'm playing this game to see my husband",Negative,Negative,Negative
"Win to see Windah make sacrifices with purple DMs, nuker with red DMs. Try reading the story. Win connects. Reasons for Caleb's hands using robot hands are successful, trusss",Positive,Positive,Positive
"really respect, thank you bro windah",Positive,Positive,Positive
gg,Neutral,Neutral,Neutral
Sipp bro,Neutral,Neutral,Neutral
gg kakkkkk,Neutral,Neutral,Neutral
I'm just laughing,Neutral,Neutral,Neutral
the end of the fall,Neutral,Neutral,Neutral
"I'm proud, you're enthusiastic",Positive,Positive,Positive
it's like the five hearts game,Negative,Negative,Negative
"Bro Windha, keep going",Neutral,Neutral,Neutral
that doesn't cut your nails by the way sylus the man you are rawwrrr hahahha,Neutral,Neutral,Neutral
graphic remember dragon raja,Neutral,Neutral,Neutral
"Thank you bro, Windah for playing a beautiful game",Positive,Positive,Positive
dregs game,Negative,Positive,Negative
thank uuuu for playing the game proudly and stay healthy always,Positive,Positive,Positive
"Bro, I want to hug Caleb",Neutral,Neutral,Neutral
"Thank you for playing, bro, Windah",Neutral,Neutral,Neutral
"That's cool, bro, I'm a man, I didn't think about playing, I'm just waiting to see your reaction, bro",Positive,Positive,Positive
"Thank you for playing, bro, Windahhhh",Neutral,Neutral,Neutral
awww sylus qq,Positive,Positive,Neutral
"thanks bro, windah, the haters are quiet, thank you",Positive,Positive,Positive
bro,Neutral,Neutral,Neutral
"Hand it over, bro, Windah, playing small games, don't be sad, don't watch, girls need halu games, don't boys have halu prices",Negative,Neutral,Neutral
Cheer up bro Windah,Neutral,Neutral,Neutral
I laughed for a minute when the sylus parted,Positive,Positive,Positive
"yeah, stay",Neutral,Neutral,Neutral
"Ignore the hater talk, bro, enjoy the game with beautiful potential",Positive,Positive,Positive
"Thank you for playing the game I like, bro, my husband is Caleb and Sylus.",Negative,Neutral,Negative
"Bro, like my comment, bro",Neutral,Neutral,Neutral
"keep going, bro, don't you listen to the provok leaks, bro, you like game stories, bro, facebluewideeyesfacebluewideeyesfacebluewideeyes",Negative,Neutral,Neutral
I really miss Eri and Luminous,Positive,Positive,Positive
pest,Neutral,Neutral,Neutral
thank you for reviewing this game so well bro,Negative,Negative,Negative
pretend not to know it's crashing,Neutral,Neutral,Neutral
little rafayelll,Negative,Negative,Negative
fail potatocrash,Negative,Negative,Neutral
Use Scarlett Smooth,Positive,Positive,Positive
caleb,Neutral,Neutral,Neutral
windah jomoq,Neutral,Neutral,Neutral
deja vu,Neutral,Neutral,Neutral
"Busett, the comment is a girl",Neutral,Neutral,Neutral
watch enjoy great,Positive,Positive,Positive
"bro, play nikki bro",Neutral,Neutral,Neutral
"Bang Windah, thank you so much, I love you so much",Positive,Positive,Positive
"laugh, gepenk reflex laugh",Positive,Positive,Positive
thank you bro,Neutral,Neutral,Neutral
"Thanks bro, Windah plays my favorite game wahahahayougotthisyougotthisyougotthisyougotthis",Positive,Positive,Positive
ayasii,Neutral,Neutral,Neutral
congratulations bro memories star caleb,Neutral,Neutral,Neutral
Wait for Caleb bro,Neutral,Neutral,Neutral
"There's a lot of yapping about the battle game, I didn't expect it to be good",Positive,Positive,Positive
"What a cool game, faceredheartshapeyougotthis",Negative,Positive,Negative
You're hilarious,Positive,Positive,Positive
Jomoq shouted Jomoq,Neutral,Neutral,Neutral
whatever,Neutral,Neutral,Neutral
Suki why sir?,Neutral,Neutral,Neutral
What are you doing watching Windah Stream?,Neutral,Neutral,Neutral
"Many people liked my comment, Ma Bang Windah",Positive,Positive,Positive
hahahaha yeah great,Positive,Positive,Positive
"bro, play like gin, dong aeru",Neutral,Neutral,Neutral
hmm,Neutral,Neutral,Neutral
"It's great bro, watch lots of CW",Positive,Positive,Positive
girls girls,Neutral,Neutral,Neutral
"Thanks bro, let's play the next game",Negative,Positive,Negative
"Thank you bro, Windah, for playing the game, the girls are enthusiastic, bro",Positive,Positive,Negative
"Wow, didn't expect bro, Windah tried love and deepspace aoakqkqkkak",Positive,Positive,Positive
that's nice,Positive,Positive,Positive
I didn't get Caleb's painful signal,Negative,Neutral,Negative
Playing the game is really fun,Negative,Positive,Negative
big respect bro windah for playing the game thank you bro,Negative,Positive,Negative
"thanks, bro, Windah Gemoy, played the game, bro, bro",Negative,Positive,Positive
"bro, you're really cool, thank you bro for playing the game, you like it, bro, cowony",Negative,Positive,Positive
"This person is a bully, Bro Windah",Neutral,Neutral,Neutral
"sad, my cellphone won't play games, thank you bro for giving experience, female viewer, xavier lovers",Negative,Neutral,Negative
"Big respect, bro, thanks for playing the game",Negative,Positive,Negative
beautiful flame,Positive,Positive,Positive
there's nothing wrong with this game,Negative,Negative,Negative
Xavier bro,Neutral,Neutral,Neutral
Thank you bro for playing this game,Negative,Negative,Negative
"The criticism of APK BKP residents, Bang Windah, is not being listened to",Neutral,Neutral,Neutral
huh,Neutral,Neutral,Neutral
I really like Ma Jainul Ma Sulis,Positive,Positive,Positive
"Greetings for being professional, bro",Positive,Neutral,Neutral
Thanks bro Windahh,Positive,Positive,Positive
man teaches sigma man game,Negative,Positive,Negative
The grossness isn't really funny,Positive,Positive,Positive
"Cheer up bro, don't listen to the caper jokes from your Strimer",Neutral,Neutral,Neutral
"Cool bro, I like you",Positive,Positive,Positive
thank youuu bro windah biggggg loooove,Neutral,Neutral,Neutral
"Thank you bro, waiting to change the banner, I'm really laughing, luckily the viewers sawan guys weren't brutal when they announced the live glad, u educate them, thank you, bro, windows",Positive,Positive,Positive
"bro, if you pull companion b combat pull myth pair bro",Neutral,Neutral,Neutral
Thank you bro Windah,Neutral,Neutral,Neutral
It's crazy that it doesn't play until it's loud,Negative,Negative,Negative
I'm attracted to Zayne's video,Neutral,Neutral,Neutral
"Thank you so much, bro, Winah, playing the game, respects you so much, so yesterday, keep up the enthusiasm for streaming, bro, Win",Positive,Positive,Positive
"I'm good, Zayne laughed",Positive,Positive,Positive
"Thank you bro for playing the game, don't care if people like to fry, just do what you want, don't harm anyone's enthusiasm, bro, wait for more",Positive,Neutral,Positive
"thank you so much, bro, windah, dear papa brando, healthy bro",Positive,Neutral,Positive
"we bro, I'm staying",Neutral,Neutral,Neutral
jainul is not strong,Negative,Positive,Neutral
Isn't it really difficult?,Negative,Negative,Negative
calm,Positive,Positive,Positive
Event banners are cards like that,Neutral,Neutral,Neutral
"Zayne really made me really ughhh, bro, I was immediately attracted to laughing",Positive,Positive,Positive
sstrgz Asian mom's dream husband's daughter-in-law dreams,Neutral,Neutral,Neutral
"Thank you, Bro Windah, for entertaining women playing around and blaspheming little kids to death, support Bang Windah",Positive,Positive,Positive
streamer ready,Positive,Positive,Positive
"nice, bro",Positive,Positive,Positive
Thanks bro Windah,Positive,Positive,Positive
thank you and respect bro windah,Neutral,Neutral,Neutral
yayyyy brando plays ladsss,Neutral,Neutral,Neutral
right after the sylus took a screenshot,Positive,Positive,Positive
"bro, play minecraft",Neutral,Neutral,Neutral
my husband's girlfriend,Neutral,Neutral,Neutral
"Come on, gas spam rating B Play Store",Neutral,Neutral,Neutral
windah k ill doit my self,Negative,Neutral,Negative
love and deep crash,Positive,Positive,Positive
trending yeyeyeyeyeyy,Neutral,Neutral,Neutral
Thank you for playing the game bro,Negative,Negative,Negative
"Play games directly with girls, bro",Positive,Neutral,Neutral
"I'll try my handsome character, v",Positive,Positive,Positive
Last night I didn't watch the stream,Neutral,Neutral,Neutral
hello bro windah,Neutral,Neutral,Neutral
"unlock the cyborg story bro, I'm curious about the storyline",Negative,Neutral,Neutral
i know im pretty,Positive,Positive,Positive
ty bro windah luvv luvv I've been playing again trying to play,Neutral,Neutral,Neutral
unclean capers,Neutral,Neutral,Neutral
pfp clown,Neutral,Neutral,Neutral
little capers,Negative,Negative,Negative
"lightphocnix, you're caper",Neutral,Neutral,Neutral
Suki why sir?,Neutral,Neutral,Neutral
Junforone you bro,Neutral,Neutral,Neutral
Hilarious special games for girls,Positive,Positive,Positive
attention seeker,Neutral,Neutral,Neutral
dipapalipapalepale looking at the deck hahaha,Positive,Positive,Positive
"If you don't understand, it's better not to",Positive,Neutral,Positive
"ashiprisilia is a high mechanical game, right?",Positive,Positive,Positive
oh my,Neutral,Neutral,Neutral
aaaaaaa really nice,Positive,Positive,Positive
who?,Neutral,Neutral,Neutral
yyyeeyyyyy,Neutral,Neutral,Neutral
Windah's enthusiasm,Neutral,Neutral,Neutral
you bro,Neutral,Neutral,Neutral
"Neng, it's really great that Windah is playing, this city is not playing, I hope in the future, Windah is playing, I'll see the date, sylusss",Positive,Positive,Positive
thank you bro windahhh,Neutral,Neutral,Neutral
"What game do you want to play, Bro Windah, I support it because Bro Windah, I've already observed the game first, considering watching it, etc. Cheer up, bro.",Negative,Neutral,Negative
thank you bro,Neutral,Neutral,Neutral
there's nothing wrong with this game,Negative,Negative,Negative
"Bro, Evelyn Lockhart's name is Evelyn Imroatus",Neutral,Neutral,Neutral
"I'm really laughing because Bro Windah's reaction balances communication. Watch girls, for example, girls don't want to grab a man's chest with blue hair.",Positive,Positive,Positive
akkkk ak zayne's husband ayel sapier ama caleeeeeb sylus uga ueueueue,Neutral,Neutral,Neutral
"bad comments about the game, ugly faces, envy of the game characters",Negative,Negative,Negative
I've been playing this game for years,Negative,Negative,Negative
play the game thank you bro windah may god always bless you,Negative,Neutral,Negative
"It's really cool to play games on my cellphone, it doesn't support it, thank you bro, Windah, play the game and know the story",Negative,Positive,Negative
"ugh, I was late yesterday, cheer up, thank you, bro, play the tempest game, bro, play honestly, bro, people can't play halang device, bro, how's the story going, thank you, bro, it's healthy, bro, windows aylofyu",Positive,Positive,Positive
"Right, handsome guy in the game, bro",Positive,Positive,Positive
"Thank you, bro, playing the game, I can't see your expression, bro, keep up the enthusiasm",Negative,Positive,Negative
sh youtuber sarcastically smug bng windah,Neutral,Neutral,Neutral
"Wait for the part bro, thanks for playing lads",Positive,Positive,Positive
thanks bro for playing the game,Negative,Positive,Negative
"Wow, bro, I got my card, but it's okay, thank you, bro, the respect is cool, positive",Positive,Positive,Positive
thank you for playing bro,Neutral,Neutral,Neutral
"bro, you're handsome",Positive,Positive,Positive
"bro, play Simcity until the end bro",Neutral,Neutral,Neutral
The story is really good. I hope to read the D version of the Manhwa Romance. Unfortunately my cellphone doesn't support playing this game,Negative,Positive,Negative
"Thank you, I'm proud to have played the game, I love Papa Brandoo",Positive,Positive,Positive
"Bro, I'm playing a game",Negative,Negative,Negative
"It's safe bro, live isn't like live if it's safe, that's good",Positive,Positive,Positive
"Bro, you can play, focus on playing the story, jump and jump, not an insult, don't take part in the game, jump and jump, the story is like that, like it, I like it, bro, Windah enjoys the story game, but overall this game is good, girls, right, there's nothing wrong with this game, so thankfully I had time to play, reviewing the game, big respect for you, bro.",Negative,Negative,Negative
type go to bang windah president,Neutral,Neutral,Neutral
"Bro, Windah doesn't play games",Neutral,Neutral,Neutral
o,Neutral,Neutral,Neutral
Zayne bro,Neutral,Neutral,Neutral
"I was laughing while watching Bro Windah playing Lnds, thanks bro, playing the game is healthy bro",Positive,Positive,Positive
gg trending,Neutral,Neutral,Neutral
I'm curious to watch it because,Negative,Positive,Negative
hot,Positive,Positive,Positive
bro until I fell asleep,Neutral,Neutral,Neutral
hate inspiration,Negative,Negative,Negative
"bro, play the game couplecultivation saves the world",Negative,Neutral,Negative
"Thank you, bro, for playing the game, when I was playing the riot game, I really saw that you really enjoyed playing the game",Negative,Negative,Negative
yeyyy,Neutral,Neutral,Neutral
monitor happy ciwi thank you bro windah,Positive,Positive,Positive
"It's true that men and women are protesting, that's a double standard, sir",Positive,Positive,Neutral
Thank you bro for playing the game by the way Sylus Kuu is really handsome,Positive,Positive,Positive
Anjayyy Purma Bang Windah plays this game,Negative,Neutral,Negative
"female fans, bro",Neutral,Neutral,Neutral
Bang Rafayel is a cute girlfriend,Positive,Neutral,Neutral
please continue bro,Neutral,Neutral,Neutral
donghua,Neutral,Neutral,Neutral
respect to bang windah continue,Neutral,Neutral,Neutral
salting is hilarious,Positive,Positive,Positive
game bro,Negative,Negative,Negative
"Thank you, bro, for playing the Iloyvu game, bro",Negative,Negative,Negative
"Bro, try playing My Child Lebensborn, the simple story game will make you emotional",Negative,Neutral,Negative
,Neutral,Neutral,Neutral
"This is a really sweet girl, my type just loves to laugh",Positive,Positive,Positive
No,Neutral,Neutral,Neutral
gass ​​min bggg,Neutral,Neutral,Neutral
"I'm a guy, I'm Sylus",Neutral,Neutral,Neutral
"Thank you bro, Windah played the Halang game yesterday but tried to play, we all love Yuuu",Positive,Positive,Positive
thank you so much bro Windah congratulations guys guys don't respect bro Windah prove that he's wise respect female viewers we love you bro windah neng it's really not wrong to support people,Positive,Positive,Positive
"Watch the video, Bang Windah, watch the live chat",Positive,Positive,Positive
"I like it, Sayne",Neutral,Neutral,Neutral
it's fun,Positive,Positive,Positive
the flood of male comments is drowning,Neutral,Positive,Neutral
"Thank you very much, I'm proud to play this",Positive,Positive,Positive
"When you play this game, it's time to play Roblox when it doesn't arrive",Negative,Negative,Negative
cheer up bro,Neutral,Neutral,Neutral
"I was late watching, I rewatched it by the way, thank you bro for playing the game, have a happy day o",Positive,Positive,Negative
"Thank you bro, Windah for playing the game",Negative,Positive,Negative
salting the phone face to face,Neutral,Neutral,Neutral
"OK, girl's comment",Positive,Positive,Positive
Thanks bro Windows,Positive,Positive,Positive
believe in making advance anime games,Neutral,Neutral,Neutral
thank you bro,Neutral,Neutral,Neutral
gg windah guy windah still entertain girls edit pin windah cuyyyy,Neutral,Neutral,Neutral
"finally bro, retake the video",Neutral,Neutral,Neutral
Noctis' white hair final fantasy name Ganjar,Neutral,Positive,Neutral
"Don't make a mess, Bang Windah plays",Negative,Neutral,Neutral
catheesyy kg jir,Neutral,Neutral,Neutral
sylus,Neutral,Neutral,Neutral
homiciper la bro,Neutral,Neutral,Neutral
thank you bro windahh playing the game positive review of the game respect bro windahh,Negative,Positive,Negative
part banggg,Neutral,Neutral,Neutral
thanks for playing this game,Negative,Positive,Negative
"Bro, invite Sis Agnes to see the girl's reaction. I'm really curious about the Indonesian girl watching",Negative,Positive,Negative
cheap to buy bro,Positive,Positive,Neutral
cool inspiration,Positive,Positive,Positive
finallyyyy thank you bro windah,Neutral,Neutral,Neutral
"Laughing, female viewers, Bang Windah, saw all the live chat",Positive,Positive,Positive
Play last war bro,Neutral,Neutral,Neutral
thank you bro for playing this game,Negative,Negative,Negative
"Play again, bro, when you change the skill effect, you get a Paircard Solar card, which changes the playing skill effect, bro",Neutral,Neutral,Neutral
"Bro, thank you very much for saying that yesterday, strange guys, guys hated it, so I understand, didn't you ignore it?",Negative,Negative,Negative
"If you watch the game, it's really a girl's game",Negative,Positive,Negative
"Sus video, girls, guys, if you watch it, it's up to you",Neutral,Neutral,Neutral
omg yessshhh go bang windah love zaaynee,Positive,Positive,Positive
"yeah, omg it didn't delete, thanks bro",Positive,Positive,Positive
Rafayel bro,Neutral,Neutral,Neutral
"Bro, I really like it, this review is as I expected, bro, Windah, the review isn't weird, I'm really happy to ship, Bro, Windah, Sylus Zayne, hahaha",Positive,Positive,Positive
"Bro, you don't force requests for the glass delivery game, bro. If you play, Bang Windah, it's not that hard, bro.",Negative,Neutral,Negative
I'm chewing good morning everyone,Positive,Positive,Positive
thanks bro for playing the game,Negative,Positive,Negative
Thank you bro for playing the game,Negative,Negative,Negative
jellyfish catfish sleep leee,Neutral,Neutral,Neutral
yu yu trending,Neutral,Neutral,Neutral
"understand, please explain what the story is like",Neutral,Neutral,Neutral
"I'm proud of Bng Windah, his mental strength is strong enough to withstand being insulted by people x Cwo Insikur",Positive,Positive,Positive
"Come on guys, give me trending no",Neutral,Neutral,Neutral
curious,Negative,Negative,Negative
next part bro play,Neutral,Neutral,Neutral
move like an epep,Neutral,Neutral,Neutral
Bang Windah reviews the new version of Caleb's Battle,Positive,Positive,Positive
thank you for playing the game bro windahh my favorite streamer playing my favorite game nice,Positive,Positive,Positive
"Continue, bro, enjoy the gameplay, ignoring the stupid caper words",Negative,Neutral,Negative
"Bro, pls finish",Neutral,Neutral,Neutral
"thank you bro, windah, big respect",Neutral,Neutral,Neutral
"Look at the guy's character, he's exactly like me, bro, he's really different, I'm brutally cold",Negative,Negative,Negative
"cool, I like the character's style",Positive,Positive,Positive
It's strange to play boys' games,Negative,Negative,Negative
"thank you bro, windah be happy",Positive,Positive,Positive
"If I'm not mistaken, that's the story",Neutral,Neutral,Neutral
instructor,Neutral,Neutral,Neutral
infrastructure,Neutral,Neutral,Neutral
wozzgdash bad infrastructure guy blasphemes,Negative,Neutral,Neutral
insicur,Neutral,Neutral,Neutral
"ravenncruel is important, bro",Positive,Positive,Positive
Leon is proud,Positive,Positive,Positive
insecure dude,Negative,Negative,Negative
,Neutral,Neutral,Neutral
,Neutral,Neutral,Neutral
wth bro,Neutral,Neutral,Neutral
laugh,Positive,Positive,Positive
engineer,Neutral,Neutral,Neutral
insotoro,Neutral,Neutral,Neutral
"PP, you're a comic, bro",Positive,Positive,Positive
Uchiha windah,Neutral,Neutral,Neutral
engineer,Neutral,Neutral,Neutral
Insecure is a guy who wears a cool cover,Negative,Negative,Negative
I'm handsome,Positive,Positive,Positive
ballzoyy if you comment back,Neutral,Neutral,Neutral
ballzoyy looks so handsome little you,Positive,Positive,Positive
"It's cool, if YouTubers attack fries, hopefully they will always be patient and steadfast",Positive,Positive,Positive
test,Neutral,Neutral,Neutral
"Hey hey, guys, reading the comments, I said it's better to teach games so I can treat girls, okay?",Positive,Positive,Positive
"I really like the review, Bang Windah, loyal viewers, Bang Windah's review",Positive,Positive,Positive
"big respect, bro, windah viewers, always playing healthy game reviews, bro",Positive,Positive,Positive
I love Zayne bro,Positive,Positive,Positive
thanks bro,Positive,Positive,Positive
game bouty,Negative,Negative,Negative
"finally bro windah played the game, salute bro wise bro windah",Positive,Positive,Positive
"Bro, I'm a girl commenting",Neutral,Neutral,Neutral
"Bang Windah, a guy playing Sylus games with my husband",Neutral,Neutral,Neutral
aw hell nawh,Neutral,Neutral,Neutral
big thanks to brother windah thank you so so much mainnin game didnt gaf with those all boys comment i appreciate u bro healthy trus love youu,Positive,Positive,Positive
"Bro, try playing Detroit Become Human",Neutral,Neutral,Neutral
"bro, thanks for playing this game",Negative,Positive,Negative
"Thank you bro, stream the game, wait for the game stream, like watching it, bro, Windah, play the game, pay attention to the story, you're enthusiastic, bro, come on, Caleb's story is laughing",Negative,Neutral,Negative
girl knows,Neutral,Neutral,Neutral
"Thanks for playing bro, the part has been subbed",Positive,Positive,Positive
"The game is good, the story is male",Positive,Positive,Positive
The female commenter laughed,Positive,Positive,Positive
"the game world is used as a reference for rl, it's interesting, the game world, the characters have developed perfectly, teach yourself if you treat the game world, please wake up, humans are not perfect, humans are the nature of redflag",Negative,Positive,Negative
Hanx get straight to the point bro,Positive,Neutral,Neutral
"lh boty even though it's a game for girls, guys, it's for girls' fanservice",Negative,Negative,Negative
"If you play a girl, it's not strange if you play a strange boy, Yoshitoyuji",Negative,Negative,Negative
that's great,Positive,Positive,Positive
laugh,Positive,Positive,Positive
bro,Neutral,Neutral,Neutral
pin anjir,Neutral,Neutral,Neutral
,Neutral,Neutral,Neutral
What is Wanjay doing at dawn gin?,Neutral,Neutral,Neutral
,Neutral,Neutral,Neutral
trash game,Negative,Negative,Negative
thanks bro like the game love you,Positive,Positive,Positive
sorry bro I'm late,Negative,Negative,Negative
bro stay but thank u for playing this game big respect for u bro windah always be happy and healthy bro,Positive,Positive,Positive
what an ego bro,Neutral,Neutral,Neutral
"Thanks bro, Brandoo, I've played it and I've laughed a few times, thank you so much",Positive,Positive,Positive
"yeah, I'm late, I went to sleep and didn't wake up",Negative,Neutral,Negative
p,Neutral,Neutral,Neutral
"Thank you bro, Windah, playing the game, Windah, playing the game, don't know, Windah's game is playing well, bro, in terms of romance, battle fight, it's also okay",Negative,Positive,Negative
Neng is very peaceful,Positive,Positive,Positive
"The game isn't fun, bro",Negative,Positive,Negative
windah a few seconds handsome no homo ya gwevelyn mean,Negative,Negative,Negative
aaaaa thank you bro Windah for playing the game so I'm happy because yesterday I hope bro Windah played the game Lope Kebon Tree,Neutral,Positive,Negative
"bro, keep going",Neutral,Neutral,Neutral
yeyyyy,Neutral,Neutral,Neutral
no bro,Neutral,Neutral,Neutral
downfall of the trending era,Neutral,Neutral,Neutral
greatpppppp,Neutral,Neutral,Neutral
the battle is hard bro by the way zayne really is a man with facial features hahaha play immediately fall in love zayne caleb appears immediately shaking and laughing no matter how loyal zayne is to his infinity,Positive,Positive,Positive
"bro, play until dawn",Neutral,Neutral,Neutral
rich,Positive,Neutral,Neutral
pntzyxyy you're cool,Positive,Positive,Positive
chandramahudi is cool bet guwej,Positive,Positive,Positive
Your bastard is really cool,Positive,Positive,Positive
,Neutral,Neutral,Neutral
you,Neutral,Neutral,Neutral
"I hope bro, my crazy comments are really cool",Negative,Positive,Negative
"Suki, when I typed my crazy comments, was really cool",Negative,Negative,Negative
haha,Positive,Positive,Positive
"I laughed, I got social assistance capital",Positive,Positive,Positive
by the way thank you play the game brogg aksaokwao love bro windah coal rispekk really alapyu kebon bro,Positive,Positive,Positive
"Bro, I recommend the game Crazy Ones or the game Five Hearts",Negative,Negative,Negative
"Thank you bro, it's really nice bro, Windah to play",Positive,Positive,Positive
stop yapping wow evelyn,Positive,Positive,Positive
I'm sorry I'm late coyyy,Negative,Negative,Negative
"Bng, your muke is not related to the game feature, game player with male fans, dancing, saying something wrong, lost your channel, bro",Negative,Negative,Negative
girls in capers cuhhh,Neutral,Neutral,Neutral
"Well, the yapping simulator game, bro, has a lot of fighting, the rest is yapping",Negative,Positive,Negative
"I watched a lot of live chat, all the female viewers laughed",Positive,Positive,Positive
"Thank you bro, playing this game is healthy bro",Positive,Positive,Positive
Watch the girl likes games,Neutral,Neutral,Neutral
there's nothing wrong with this game,Negative,Negative,Negative
"aaaaaa thank you really bro, windahhhh play the game",Negative,Positive,Negative
There are lots of comments from girls,Neutral,Positive,Neutral
"Keep it up bro, I'm enjoying it",Positive,Positive,Positive
smooth editing,Positive,Positive,Neutral
"really cool gameplay, pc game, darling, otome game mc version, boy npc girl, I downloaded it",Negative,Negative,Negative
,Neutral,Neutral,Neutral
"Thank you, bro, good luck",Positive,Positive,Positive
five hearts is already playing,Neutral,Neutral,Neutral
"I said that, bro",Neutral,Neutral,Neutral
envy ryottaad,Neutral,Neutral,Neutral
ky Suki Suki guy,Neutral,Neutral,Neutral
"It's a dating sim, a boyfriend simulation",Neutral,Neutral,Neutral
otome games,Neutral,Neutral,Neutral
do you understand otome?,Neutral,Neutral,Neutral
"Yes, Suki's hilarious boyfriend simulation game",Positive,Neutral,Negative
I already know rpgotome is stupid,Negative,Negative,Negative
it's genuine bro,Positive,Positive,Positive
love windows bro,Positive,Positive,Positive
"Yes, if that's the case, otome galge",Neutral,Neutral,Neutral
draceempressa galge male players approach girls game,Negative,Negative,Negative
bang doujin bang meaning of doujin,Neutral,Neutral,Neutral
gurlsss,Neutral,Neutral,Neutral
jellyfish catfish playin leee,Neutral,Neutral,Neutral
Yeayyy finally,Neutral,Neutral,Neutral
"Thank you bro, Windah, let me review the game",Negative,Neutral,Negative
"oh no, just join the live chat",Positive,Positive,Positive
"bro, it's a game specifically for girls, bro, it's a game for girls, guys, bro, there's nothing wrong with the game, it's a good game, it's wrong to play it, bro, the guy is the MC, the girl plays with the guy, the boss will say guys don't play the game, the game is a girl's game, bro, I support it if you play the girl's streamer game, that makes sense.",Negative,Negative,Negative
I'm handsome,Positive,Positive,Positive
"I really like the reaction, Bang Windah, playing healthy and healthy, Bang Windah, success",Positive,Positive,Positive
"Bro, great outfit, choose a bjir towel",Positive,Positive,Neutral
next request play the game bro knowledge or know lady thx,Negative,Negative,Negative
thanks bro windahh,Positive,Positive,Positive
"Thank you, bro, I'm determined to play the game",Negative,Positive,Negative
Thank God,Neutral,Neutral,Neutral
"I'm a girl, I don't like games, my laugh is old, it's realistic, yes, look at the male characters, it doesn't bring any emotional fantasy, the gameplay is good, I watch it, but I'm handsome, my husband is in the real world, a conscious fantasy, but my husband is handsome, I laugh",Positive,Positive,Positive
Bocil finished watching,Neutral,Neutral,Neutral
we love you bro winduddd,Positive,Positive,Positive
thx u so much bro we are proud of u u really a kind and mature man,Positive,Positive,Positive
"The market is a girl if you say come on, let's fix it, mentally check it out",Negative,Neutral,Neutral
"gg bro, I haven't framed it yet",Neutral,Neutral,Neutral
it's strange to play a guy,Negative,Negative,Negative
"veeee, if guys play strange games, build relationships, romance characters, boys, girls, otome games, games specifically for girls",Negative,Negative,Negative
playing boy girl bro windah,Neutral,Neutral,Neutral
,Neutral,Neutral,Neutral
jetz d,Neutral,Neutral,Neutral
jetz,Neutral,Neutral,Neutral
ugh,Neutral,Neutral,Neutral
I'm handsome,Positive,Positive,Positive
"yes, hand over the fern",Neutral,Neutral,Neutral
climb,Neutral,Neutral,Neutral
"If you have a million characters, it's just a big loss",Neutral,Neutral,Neutral
"It's really exciting, bro, I actually laughed out loud seeing Bang Windah's expression when he was confused",Positive,Positive,Positive
keep your spirits up and look beautiful,Positive,Positive,Positive
"Bro, I'm also curious about watching After Work Playing Lads",Negative,Negative,Neutral
"bro, try playing man eater",Neutral,Neutral,Neutral
it's my husband,Neutral,Neutral,Neutral
I didn't expect that the RPG would only have a cool story,Positive,Positive,Positive
"bro, if you look at the battle effect, collect memories pair, don't try the abyssal chaos trial",Neutral,Neutral,Neutral
continue,Neutral,Neutral,Neutral
"Thank you, Josep",Neutral,Neutral,Neutral
Continue the game Tobrut Bang Heart in a Roof,Negative,Negative,Negative
"Thank you bro, Windahh",Neutral,Neutral,Neutral
"the battle is just right and it's hard to build a full one, demiiii",Positive,Positive,Positive
"Thank you, bro, for accompanying me to eat, see Caleb, bro",Neutral,Neutral,Neutral
"What a joke, this tantrum is the spirit of Windah's father, Big Respect, Windah's father, Coal",Neutral,Neutral,Neutral
"the screenshots are so funny, they're so sylus, bro windowsssss",Positive,Positive,Positive
it's dirty,Negative,Neutral,Neutral
Zayne bro,Neutral,Neutral,Neutral
"It's different between girls, boys and girls who are minimally perverted, but guys who are perverted",Negative,Negative,Negative
boys teach boys to love and deepspace so it's romanticsssssssssss okay okay okay,Positive,Positive,Positive
share,Neutral,Neutral,Neutral
let's go and play,Neutral,Neutral,Neutral
ryhan envy ryhanganteng,Neutral,Neutral,Neutral
otome games,Neutral,Neutral,Neutral
I'm jealous of playing on a potato phone,Neutral,Neutral,Neutral
normal male mochaners play games,Positive,Neutral,Neutral
boy watching eating v,Neutral,Neutral,Neutral
girl's comment,Neutral,Neutral,Neutral
"Just live, thanks bro, Windah, for playing this game, big respect, huhu",Negative,Positive,Negative
wowowow thanks bro,Positive,Positive,Positive
I hope the game was as normal as it was yesterday,Negative,Negative,Negative
thanks bro windah,Positive,Positive,Positive
"Thank you, bro, Windah for playing the game, I'm watching snacks, thank you, bro, Windah, for playing",Negative,Neutral,Negative
aaaaaa njir,Neutral,Neutral,Neutral
"Thank you for listening, please enter the player at the front of the channel",Neutral,Neutral,Neutral
"Bro, the video just looks at your expression",Neutral,Neutral,Neutral
Thank you bro for playing the game,Negative,Negative,Negative
"bro, play airstrike in the game legend gamehouse for your kids",Negative,Positive,Negative
"There's nothing wrong with an RPG game that has action, the graphics are cool, it's like that if a guy plays it",Negative,Positive,Positive
"Thank you bro, the streaming was really fun",Positive,Positive,Positive
bro play infinity nikki please,Neutral,Neutral,Neutral
,Neutral,Neutral,Neutral
positive masculinity respect,Positive,Positive,Positive
Bro next request Hakuoki laughed,Positive,Positive,Positive
gs bro,Neutral,Neutral,Neutral
"Please fill in the comments, bro, Windah, cwk, cwk",Neutral,Neutral,Neutral
It's a problem if you play strange boys' games,Negative,Negative,Negative
"Because of the toxic little viewers, did Windah ban him or not",Negative,Negative,Negative
"It's really exciting to watch, bro, Windah",Positive,Positive,Positive
"Bang Windah, thank you for providing food for playing homicipher games despite all the hate speeches and threats, healthy and healthy, bro",Positive,Positive,Positive
"great bro, wait for the otome games, there are lots of good ones hehe by the way after a million buys the features are really really good, your effort is really good",Positive,Positive,Positive
love brandoo no matter what happened,Positive,Positive,Positive
"Bro, I'm a guy, I like Sylus",Neutral,Neutral,Neutral
pls syluss me,Neutral,Neutral,Neutral
thankssss bro windahh,Neutral,Neutral,Neutral
good game visuals final fantasy takken ovt,Positive,Positive,Positive
thank uu bro windah for playing this game,Negative,Negative,Negative
I think the gameplay is poor,Negative,Positive,Negative
"I'm proud, the game is really epic, I like the graphic features",Positive,Positive,Positive
play x games,Neutral,Neutral,Neutral
"I play the game, it's really fun, no playstore, so play the game, bro, I love you",Neutral,Positive,Negative
Bang Windah main spec ops the line,Positive,Positive,Positive
aaaaa tinggal live bang live lg gakkkkk,Positive,Positive,Positive
"thanks for the review, bro, respect",Positive,Positive,Positive
I'm so excited aaaa,Positive,Positive,Positive
Thank you bro for playing the game,Negative,Negative,Negative
"Bro, Windah, play loads",Neutral,Neutral,Neutral
thanks for playing,Positive,Positive,Positive
Thank you bro for giving a positive response,Positive,Positive,Positive
Handsome,Positive,Positive,Positive
"Be enthusiastic, don't listen to the capeers you're watching, bro",Positive,Positive,Neutral
"bro, you don't want the fear and hunger game, bro, come on, bro",Negative,Neutral,Negative
crazy comments full of women,Negative,Negative,Negative
"Big thanks, bro, handsome Windah, you played this really emotional game",Positive,Positive,Positive
"Caleb ended up exploding, then thought he was a sweet potato when he exploded, but Colonel made a comeback",Positive,Positive,Positive
"Gaje game isn't fun, taste in games, damn bro, absurd games",Negative,Neutral,Negative
thanks bro,Positive,Positive,Positive
wait for the part,Neutral,Neutral,Neutral
great bro,Positive,Positive,Positive
oh how handsome,Positive,Positive,Positive
It's really amusing to read the guy's crazy comments in the game,Negative,Negative,Negative
So obey the girl viewers,Neutral,Neutral,Neutral
really handsome,Positive,Positive,Positive
"Bro, Windah, healthy and healthy",Positive,Positive,Positive
Am I a guy watching or not?,Neutral,Neutral,Neutral
"waaaaaaaaa, that's really great for playing this",Positive,Positive,Positive
"From your info, how old is Xavier?",Positive,Positive,Neutral
closing song,Neutral,Neutral,Neutral
I hope Bro Windah doesn't play games anymore,Neutral,Neutral,Neutral
"ryhanganteng doesn't have to be like that, I'm a fine, fine guy, bro, Windah main",Positive,Positive,Positive
"Yes, your taste is simple",Neutral,Neutral,Neutral
"So, this haluu game makes girls really goosebumps",Negative,Positive,Negative
boyfriend simulation game from a girl's perspective on choosing a guy explained by gin,Negative,Negative,Negative
This haluu game makes girls go crazy,Negative,Negative,Negative
haluuuu ryhanganteng guy,Neutral,Neutral,Neutral
"The target market is you guys, otome games, fan service games, big breasted naked girls, don't you brag about it?",Neutral,Neutral,Neutral
"Girls and boys have different tastes, girls like romantic games, boys like RPG games",Neutral,Neutral,Neutral
hello then it's just a game character,Negative,Neutral,Negative
hope for peace,Neutral,Neutral,Neutral
draceempressa hmm,Neutral,Neutral,Neutral
"thanks bro, you really have a lot of respect for breaking up, still playing the game, it's a game conflict, bro, windah, keep playing games, guys, bro, windah, gamers don't judge games, play the wrong gamers' names, proud of you, bro, windah, success",Positive,Positive,Positive
busettt comments full of girls,Positive,Positive,Positive
the battle is great,Positive,Positive,Positive
it's not a part,Neutral,Neutral,Neutral
"bro, if you use caleb, take a photo with caleb, the main story, the story is yellow, the name of caleb's homeback wings story, if you play caleb, use respect",Positive,Neutral,Neutral
Thanks bro for reviewing this game,Negative,Negative,Negative
"I support you, what do you play, bro, I want you to prepare and mateng if you play the game, you hate it, Bro, the fans of the game are men who act masculine",Negative,Negative,Negative
I love Windah a lot because I played my girl's favorite game,Positive,Positive,Positive
,Neutral,Neutral,Neutral
"Bro Windah, thank youuuu",Neutral,Neutral,Neutral
hello bro windahhh,Neutral,Neutral,Neutral
bro playing crazy guys,Negative,Negative,Negative
the game shows the leak of the year you worked,Negative,Negative,Negative
what a girl's comment,Neutral,Neutral,Neutral
"Thank you so much, proud Windah, it's really exciting",Positive,Positive,Positive
Bused clock hahaha,Positive,Positive,Positive
How scary is Brando's guts to not be afraid of roasting his haters for playing a controversial game,Negative,Negative,Negative
"Thank you, Bro Windah, dear Bro Windah",Neutral,Neutral,Neutral
"Thank you bro, Windah for watching the game",Negative,Neutral,Negative
I'm laughing at your expression,Neutral,Neutral,Neutral
cool nanda,Positive,Positive,Positive
"Indriaulia bjir, why are you here?",Neutral,Neutral,Neutral
"where's the joke, it's hilarious, millions after the stingy game, where does the game get the money from?",Negative,Positive,Negative
"The work of female players is a lot of work, bro",Neutral,Neutral,Neutral
I think I'm doing a great job,Positive,Positive,Positive
"Continue, proud to make a part",Positive,Positive,Positive
Thank you bro Windah,Neutral,Neutral,Neutral
"keep your spirits up, I'm proud to know that your intention is to entertain and netizens really like to troll others, hope your brain will think, watch this video",Positive,Positive,Positive
"Dear bro, Windah, by the way, viewers follow me when I follow, lads, I really respect you, bro, Windah, I'm cool",Positive,Positive,Positive
yep,Neutral,Neutral,Neutral
good luck boss,Positive,Positive,Positive
"Bro, try borrowing a review account",Neutral,Neutral,Neutral
"Bro, I like Zayne, all in Zayne, soft boy, great gentleman of the world",Positive,Positive,Positive
"It's okay bro, Windah, I support you",Positive,Positive,Positive
"Thank you, bro, for playing the game",Negative,Negative,Negative
I really feel sorry for Bang Windah's message,Negative,Positive,Positive
"Bro, Aylovyu, really support me for a long time, Saranheok",Positive,Positive,Positive
"Ouch, Caleb's a little shaky",Negative,Negative,Negative
"Thank you bro, enjoy playing, bro, thank you very much for playing",Positive,Positive,Neutral
"I'm proud to miss you, bro",Positive,Positive,Positive
"gg bro Windah, please comment, thank you bro Windah for playing the game",Negative,Neutral,Negative
next play the dating game crazy one,Negative,Negative,Negative
"bro, honestly, it's really fun, thank you, bro, play the Sunday req game, honestly, it's really cool, sii gg, Caleb's story will be tomorrow, bro, don't forget to keep gacha, ehehe, you know you got a star, so excited, bro",Positive,Positive,Positive
efootball bro,Neutral,Neutral,Neutral
YouTubers have a crush on Zayne,Neutral,Neutral,Neutral
stujuuu,Neutral,Neutral,Neutral
fyi the title is love and deep space but love and depression,Positive,Positive,Positive
"Bro, continue playing, bro, drag and harvest, bro",Negative,Neutral,Neutral
"Bro, Windah, thank you very much for playing this game, bro, you know, I'm not really excited, pls, I didn't expect it, thank you very much, really",Negative,Positive,Positive
"gin bang, play, just play snacks, listen to what you guys say to fomo, and your loyal viewers support you, basically focus on entertaining",Positive,Positive,Positive
thank you girls by the way play romantic horror game handsome ghost game title homicipher link video gurls next try caleb's story guys let's join discord rame indonesia looking for friends festival motionime fest coming soon,Negative,Negative,Negative
Continue leeeee thanks bro Windahhh,Positive,Positive,Positive
"I'm not sure if it's a perverted game, the response from people is that it's really good, the game is fun to play",Negative,Positive,Negative
"Thank you bro, Windahh, playing the game, I'm proud to entertain everyone",Positive,Positive,Positive
Thank you bro Windah,Neutral,Neutral,Neutral
Evelyn's name is proud,Positive,Positive,Positive
play simulator games bro,Neutral,Neutral,Neutral
"aaaa, thank you bro, you're healthy",Positive,Positive,Positive
"Keep up the enthusiasm, Lanang Gasuka fans",Neutral,Neutral,Neutral
really funny ancrittt expression bro windows awoakwoakwoak grinning luh bwangg,Positive,Positive,Positive
"bro, try playing the game evil within, it's like the fun last of us, it's a good game",Negative,Positive,Negative
"This game is like the developer's infinity game, it's fun to download",Negative,Negative,Negative
"it's fun, I like it",Positive,Positive,Positive
cheer up bro,Neutral,Neutral,Neutral
"Sagne, look at the male character, bro",Neutral,Neutral,Neutral
cute windy downfall,Positive,Neutral,Neutral
yesterday the banner protest was not there,Neutral,Negative,Neutral
love you bro windah main,Positive,Positive,Positive
Proud to continue Fear and Hunger bro,Positive,Positive,Positive
febrianputratriatama handsome febri,Positive,Positive,Positive
gg bro bocil sylus sorry spam sylus hehe thank you bro brando,Negative,Neutral,Neutral
lopyuuu bro windahh,Neutral,Neutral,Neutral
"thanks bro, for the review of the game I like, stay healthy, bro",Positive,Positive,Positive
no papa windah,Neutral,Neutral,Neutral
"Respect, thanks bro, Windah for playing",Positive,Positive,Positive
"really lopee, bro, beautiful",Positive,Positive,Positive
"bro, isn't it dragging?",Neutral,Neutral,Neutral
cool bro little boy rafayel,Positive,Positive,Positive
bro homichiper,Neutral,Neutral,Neutral
Gas playing games again bro,Neutral,Neutral,Neutral
proud to play the game homichiperrr plssss check it out banh sereettt,Positive,Positive,Positive
"Wow, just keep talking homichiper",Positive,Positive,Positive
gg bang bang rafayel caleb,Neutral,Neutral,Neutral
gg by the way bocil sylus bro,Neutral,Neutral,Neutral
gg bro little boy caleb,Negative,Neutral,Negative
"new account omg what a kid, Caleb you are such a cutie person",Positive,Positive,Positive
witch cry when bro,Neutral,Neutral,Neutral
windahbasudara thank you bro,Neutral,Neutral,Neutral
"Febrianputratriatama, yes, bro, he's really cute",Positive,Positive,Positive
"Bro, if you're looking for a cozy open world game like Genshin, try playing Infinity Nikki, don't force it",Negative,Neutral,Negative
gg bro little boy rafayel,Negative,Neutral,Negative
nice,Positive,Positive,Positive
Bang Windah main Moonlight Crush Indonesian language game story boyfriend,Negative,Negative,Negative
"Tengkiyu has given the spoiler bro, thinking about playing the game",Negative,Negative,Negative
"bro, please play the fear and hunger game, bro, kid, fear and hunger",Negative,Positive,Negative
"bro, wait for the caleb atory",Neutral,Neutral,Neutral
Sylus's wife is cool,Positive,Positive,Positive
continue playing games bro d,Neutral,Neutral,Neutral
"bro, continue the game bro, drag it bro, please make it as creative as possible and comment",Neutral,Neutral,Neutral
you're welcome actually xavier rafael team not your type caleb's goal is really cool huhu,Positive,Positive,Positive
"I'm playing, waiting for the part to arrive",Neutral,Neutral,Neutral
"Bro, promise I'll try Caleb's story",Neutral,Neutral,Neutral
ohmayygot,Neutral,Neutral,Neutral
"bro, continue pls",Neutral,Neutral,Neutral
I'm so stupid,Negative,Negative,Negative
"Very cool game, I like it bro",Positive,Positive,Negative
typo edit,Neutral,Neutral,Neutral
how do you play gem homichiper bro?,Neutral,Neutral,Neutral
"gg bro, thank you, continue laughing from Bocil Caleb",Neutral,Neutral,Neutral
thanks boy,Positive,Positive,Positive
keep going with your gameeee nyaaa,Neutral,Neutral,Neutral
"bro, I love you",Positive,Positive,Positive
Uchiha Windah was born,Neutral,Neutral,Neutral
watch gelo bro jt,Neutral,Neutral,Neutral
febrianputratriatama tastes in handsome people are different you say handsome people don't go for it,Positive,Positive,Positive
"Caleb, please bro",Neutral,Neutral,Neutral
marsellazuela legislative candidate running for office,Neutral,Neutral,Neutral
February,Neutral,Neutral,Neutral
windahbasudara stop spam handsome game game febri game halu acute pain enjoy serang bocil halu,Positive,Positive,Negative
windahbasudara gg bang bocil zayne,Neutral,Neutral,Neutral
thanks bro,Positive,Positive,Positive
"Caleb's story is really exciting, bro",Positive,Positive,Positive
gg excitedly waiting for Caleb's version,Positive,Neutral,Neutral
"Bro, Windah, download lad because of Cyborg Caleb, please continue, bro, the story is up to level so the story goes first",Positive,Neutral,Positive
"Wait for the live, don't be late for work",Negative,Negative,Negative
February,Neutral,Neutral,Neutral
gg bro little boy rafayel,Negative,Neutral,Negative
"bro, caleb's story bro",Neutral,Neutral,Neutral
keep going bro homicipher,Neutral,Neutral,Neutral
Ty bro,Neutral,Neutral,Neutral
"Bro, let's play while the special banner is Zayneee",Positive,Positive,Neutral
"windahbasudara bro windahh keep going calebb bro caleb's new skin is really cool, the effect is really cool",Positive,Positive,Positive
"Quick bro, try the story calebbb",Positive,Positive,Positive
"Bro, play please",Neutral,Neutral,Neutral
"bro, come on, call me bro",Neutral,Neutral,Neutral
,Neutral,Neutral,Neutral
"Baaanggg, come on, try the story, Caleebb, last March, Myth was released",Neutral,Neutral,Neutral
"Bro, if I'm not mistaken, it's Eve Sylus, bro",Neutral,Neutral,Neutral
,Neutral,Neutral,Neutral
girls,Neutral,Neutral,Neutral
thanks bro,Positive,Positive,Positive
cool bro,Positive,Positive,Positive
"bro, the homiciper game",Negative,Negative,Negative
remember the annoying minutes,Negative,Negative,Negative
Big collection of games for girls bro,Neutral,Neutral,Neutral
"thank you, bro, greetings from Bocil Rafayel",Neutral,Neutral,Neutral
"Bro, open the bond, Sylus MC sneaks into Sylus' room",Neutral,Neutral,Neutral
"Justhan eh yes, it's really funny bro",Positive,Positive,Positive
windahbasudara better play bro dripda continue the game,Positive,Positive,Positive
"It's a game that girls like to play, bro, it's a game that guys like to play",Negative,Negative,Negative
hilarious viannkaramoyy,Positive,Positive,Positive
viannkaramoyy anjir game for girls played this time homichiper,Negative,Positive,Negative
"It actually made the event really nasty, bro, really deep kissing",Negative,Positive,Positive
I'm salting,Neutral,Neutral,Neutral
wow yeah that's hilarious,Positive,Positive,Positive
mole king of world games,Neutral,Neutral,Neutral
wifeschwarzerrritter yapping clown,Neutral,Neutral,Neutral
Bang Windah's commotion is really funny,Positive,Positive,Positive
p,Neutral,Neutral,Neutral
adult scenes,Positive,Positive,Positive
re the dev,Neutral,Neutral,Neutral
nikki paper games lad infold,Neutral,Neutral,Neutral
"Raisa, try checking the features, etc. of Nikki Infold's music",Neutral,Neutral,Neutral
raisa infinity nikki infold shining nikki paper,Neutral,Neutral,Neutral
afraid to see meatballs,Negative,Negative,Negative
great great,Positive,Positive,Positive
youmok,Neutral,Neutral,Neutral
"cool, baksoagung doesn't care",Positive,Positive,Positive
trending guys,Neutral,Neutral,Neutral
"thanks for playing the gem bro, player lads, thanks",Positive,Positive,Positive
"Bro, try playing Infinity Nikki",Neutral,Neutral,Neutral
thank God the game didn't crash hahaha,Negative,Positive,Negative
sick kang greng windah coal overthinking,Negative,Negative,Negative
papa brando timakacii ya have played the game nyaaa,Negative,Negative,Negative
thank you bro windaaaaaaaaaaaaaaaaaaaaaaaaaaaaaaaaaaaa,Neutral,Neutral,Neutral
girl's comment,Neutral,Neutral,Neutral
Winbor downfall VAT era WIBU wine,Neutral,Neutral,Neutral
the game is over bro,Negative,Negative,Negative
yeahyyy,Neutral,Neutral,Neutral
hahaha zayneee,Positive,Positive,Positive
"It's the guy's turn to haluin, the Genshin Wuthering character says hello to you, bro, please touch the grass",Neutral,Neutral,Neutral
cool bro,Positive,Positive,Positive
miss the intro song Amjay plays on Sylus,Neutral,Neutral,Neutral
bro love,Positive,Positive,Positive
thank you bro windahh,Neutral,Neutral,Neutral
Comment using the anime's profile photo,Neutral,Neutral,Neutral
Windah prime mode keeps going through a storm of comments rejecting viewers,Neutral,Neutral,Neutral
"The game doesn't live up to my expectations. The battle is wow, the Final Fantasy character designs are really cool",Positive,Positive,Positive
love you bro,Positive,Positive,Positive
haluu devv space game characters,Negative,Negative,Negative
,Neutral,Neutral,Neutral
gg,Neutral,Neutral,Neutral
It's true that the windy sylus vibe is Itachi Sesshomaru Byakuya Sephiroth,Positive,Neutral,Neutral
mantaaaappppppp,Neutral,Neutral,Neutral
"I didn't expect Windah to put Evelyn's name because I was playing a game, I named the girl Evelyn",Negative,Positive,Negative
lov u bro windahhh play the game,Negative,Positive,Negative
"Bro, Windah plays unpossessed",Neutral,Neutral,Neutral
The part is Caleb's story,Neutral,Neutral,Neutral
it's really exciting bro,Positive,Positive,Positive
"The comment is that the girl is unclean, sir, sir, disguised as a fool",Neutral,Neutral,Neutral
I really laughed when I saw Bro Windah who couldn't help but laugh,Positive,Positive,Positive
"Hello, Windah",Neutral,Neutral,Neutral
thanks bro,Positive,Positive,Positive
cok song snail stall ning magetan,Neutral,Neutral,Neutral
bro guy,Neutral,Neutral,Neutral
How come I'm late opening my cellphone?,Negative,Neutral,Negative
why is the live chat missing guys?,Negative,Positive,Positive
new update even though I'm deaf,Positive,Positive,Positive
"I'm not looking forward to watching live, I'm not excited, bro",Negative,Positive,Positive
Captain Jenna,Neutral,Neutral,Neutral
so proud to play by the way zayne girlies i feel proud because zayne praises,Positive,Positive,Positive
Xavier Cloud Strife's face is really scary,Negative,Neutral,Negative
"Yes, mock me, Sulis has been taking vocal lessons for years",Neutral,Neutral,Neutral
practice,Neutral,Neutral,Neutral
tease,Neutral,Neutral,Neutral
taught by Luke Kieran,Neutral,Neutral,Neutral
I swear I was really shocked,Negative,Positive,Negative
It's not a waste to buy private lessons,Positive,Positive,Neutral
surprised to laugh like a discordant sound,Positive,Positive,Positive
"Bro, this guy likes Zayne",Neutral,Neutral,Neutral
it's really fun to entertain,Positive,Positive,Positive
"Bro, play gym simulator Roblox",Neutral,Neutral,Neutral
,Neutral,Neutral,Neutral
thank you brother windah you always be my favorite gamers respect bro,Positive,Positive,Positive
Play ken bang healthy games,Positive,Neutral,Positive
"There's nothing wrong with the game, it's the brain of incel guy Tay Kocheng",Negative,Negative,Negative
"Guys don't like it, get out of the way girls night with Windah Basudara",Neutral,Neutral,Neutral
"Thank you, bro, stay healthy and be healthy",Positive,Positive,Positive
Sylus Ganjar,Neutral,Neutral,Neutral
Cool,Positive,Positive,Positive
video cut guys,Neutral,Neutral,Neutral
Thank you bro for playing the game,Negative,Negative,Negative
Caleb is handsome bro windows,Positive,Positive,Positive
let him cook,Neutral,Neutral,Neutral
How come it doesn't crash bro?,Neutral,Neutral,Neutral
"Proud Windah, thanks for playing this, I love you, I'm proud to be healthy, always",Positive,Positive,Positive
"bro, the part doesn't continue the story bro",Neutral,Neutral,Neutral
sylusssssss muacccch,Neutral,Neutral,Neutral
"The story continues bro, there's a scene that continues with Caleb's story, oh yes, the figure of Grandma shows there",Neutral,Neutral,Neutral
"Thank you very much bro, Windah, let's continue the game, I'll wait",Negative,Neutral,Negative
"Go ahead, bro, let's continue",Neutral,Neutral,Neutral
"Go to the guys, bro",Neutral,Neutral,Neutral
"This is live, guys",Positive,Positive,Positive
"Thank you bro, Windah for playing the game, thank you so much",Negative,Positive,Negative
"Thank you bro, Windah gave me a nice review for the game Love and Deepspace, the game is really a good game, I played in terms of story, character, bgm, visual effects, event, features, really the best, interesting, playing wrong, top game Playstore",Positive,Positive,Positive
Where's the live chat bro?,Positive,Positive,Positive
Thank you so much for playing this game,Negative,Negative,Negative
jellyfish catfish watch nyaa female lee,Neutral,Neutral,Neutral
"ggwp, bro, I intend to review the game until the end of the day",Negative,Negative,Negative
"The MC's name is Windah Evelyn, Aww Loveyu's name is Windi",Positive,Neutral,Neutral
"Thanks bro, Windah will satisfy your girl's desires",Positive,Positive,Positive
"big respect, look at the content of the comments, the average girl, boy watching, is really curious, really respect, the content of the comments is cool",Positive,Positive,Positive
the live chat,Positive,Positive,Positive
"Thank you bro, Windahhh for your support, playing Lads is so cool, it's really fun, I can't believe I've played for hours, keep going, bro, meet Caleb Sylus Bucinn",Positive,Positive,Positive
"Maybe those people were at the event last January, bro, but their star cards weren't included in the gacha event",Neutral,Neutral,Neutral
thanks for playing,Positive,Positive,Positive
"Thank you, bro, for giving a positive review, letting the haters know that they are healthy, bro",Positive,Positive,Positive
Windah Salting is really funny,Positive,Positive,Positive
"aaah you're dead, Zayne is selling too much",Neutral,Neutral,Neutral
Don't continue the game lol,Positive,Positive,Positive
It's really cool and there's no chaos,Positive,Positive,Positive
"Yes, if a guy makes a fuss, he'll be a bitch",Neutral,Neutral,Neutral
"It's cool, what guy did you blame?",Positive,Positive,Positive
"Boys visit a stream specifically for girls' games, listen without commenting and laughing",Neutral,Neutral,Neutral
adsyt cool scroll try it,Positive,Positive,Positive
grepe sylus guys laugh out loud if they read the girls' comments,Positive,Positive,Positive
paysgege guys like that don't have double standards bro,Neutral,Neutral,Neutral
paysgege of the fair sex,Positive,Neutral,Neutral
bgggg,Neutral,Neutral,Neutral
thank you bro windah,Neutral,Neutral,Neutral
"gg, that's really good, bro, windah's enthusiasm",Positive,Positive,Positive
"Thank you, bro, Windaahhhh, I really like the positive response, I'm waiting for Caleb's next story",Positive,Positive,Positive
"Indeed, if you play the game for hours, you won't feel like the features are really great, thank you for reviewing the game",Neutral,Positive,Negative
cie full salting,Positive,Neutral,Neutral
anjayyyyy gege proud thanks for playing really entertaining little girl windah,Positive,Positive,Positive
"Bro, thank you for playing this game. I want to play it on a device that doesn't support it",Negative,Negative,Negative
"thank you so much bro, but the game gives positive feedback, it's a shame that the gacha didn't get a solar pair, so I'll try the battle, so it's cool, I hope it's part, it doesn't feel original until the hour, thank you, bro, healthy success",Positive,Positive,Positive
darling Windah,Neutral,Neutral,Neutral
respect bro windah,Neutral,Neutral,Neutral
"Thank you bro, Windah, play the waiting game for content, lads",Negative,Positive,Negative
"thank you, bro, windah, great enthusiasm, have a good rest",Positive,Positive,Positive
I love Zayne's husband,Positive,Positive,Positive
"Respect bro, thank you for playing the game and giving me positive feedback. Always support you, bro, stay healthy",Positive,Positive,Positive
thanks bro windowssss well support u always,Positive,Positive,Positive
friends girls,Neutral,Neutral,Neutral
yep,Neutral,Neutral,Neutral
download button,Neutral,Neutral,Neutral
"thanks a lot, bro, Windah, for playing the game of hating games for handsome guys, in fact, guys play according to their own tastes, for example, girlfriends play games, talking topics, laugh, once again, thanks to you, bro, Windah, for giving the stage, Ciwi viewers like to play otome gin games specifically for male viewers.",Positive,Positive,Positive
"It's a lot of effort, neon green girlfriend",Negative,Positive,Negative
"I'm really jealous, my guy is jealous of his character",Positive,Neutral,Positive
"I'm really disappointed that the game doesn't have any adult scenes, the MC has a beautiful design, Wibu, the ingredients for the adult scenes aren't fried",Negative,Positive,Positive
"Bro, Sylus, if you haven't seen it",Neutral,Neutral,Neutral
"Thank you bro, playing the game, the game is really fun to play, bro, Windah gave a positive opinion, the game of grab and pull, playing is an inspiration for teaching how to defend the mc, the girl is able to defend herself toughly against an enemy like that",Negative,Negative,Negative
sharks eat tomatoes,Neutral,Neutral,Neutral
"Bro, playing the part is really fun",Positive,Positive,Positive
laughing at play,Neutral,Neutral,Neutral
"Cool bro, Brando provides entertainment for Ciwi, Ciwi is happy",Positive,Positive,Positive
keep going bro thanks for playing this game,Negative,Positive,Negative
Thank you very much bro,Positive,Neutral,Neutral
Eplyin Nirmala,Neutral,Neutral,Neutral
rah,Neutral,Neutral,Neutral
lesgooooo,Neutral,Neutral,Neutral
thanks bro,Positive,Positive,Positive
thanks bro for playing the game,Negative,Positive,Negative
hihihihi it's so exciting to laugh watching this part two,Positive,Positive,Positive
"Since watching Bang Windah, playing the game of pulling guys, guys, guys, Sylus hopes to look after his body, SJSKSK",Negative,Neutral,Negative
ha ha,Neutral,Neutral,Neutral
"Thank you bro, Windah, play the game, don't forget to take a break, we always support you",Negative,Positive,Negative
"Thank you bro, Windah, really respect",Positive,Positive,Positive
,Neutral,Neutral,Neutral
"Just your waifu or your chara likes not making any noise, it's fine if it's just your turn, husbu or handsome, your chara is really noisy, even though Aliando is handsome, he still has a lot of praise for handsome artists.",Positive,Positive,Positive
"Play the original sis, the game is really exciting, the combat RPG has battle mode",Positive,Positive,Positive
"lolmoon yeah, I see how exciting the combat is, I think the otome rpg game is really interesting",Positive,Positive,Positive
handsome,Positive,Positive,Positive
Thanks,Positive,Positive,Positive
Sylus doesn't like straight guys who don't turn,Positive,Neutral,Neutral
,Neutral,Neutral,Neutral
Thank you bro for the game review,Negative,Positive,Negative
"Bro, try playing Crazy Ones which is similar to the game",Negative,Negative,Negative
"Bro, Windah is really cool",Positive,Positive,Positive
wait for the game bro,Negative,Neutral,Negative
"My wa group is busy, bro, playing games",Positive,Neutral,Neutral
thanks bro windahh,Positive,Positive,Positive
"Thank you for the positive comments, guys, the game is not wrong, the male judge is in charge of the game, the male person is healthy, okay?",Positive,Positive,Positive
player lads respect sm bang windah game prices games specifically for girls gin proud of you bro,Positive,Positive,Positive
next open story caleb bangggggg,Neutral,Neutral,Neutral
"Wait for the part, bro Windah",Neutral,Neutral,Neutral
"Wait for the part, bro Windah",Neutral,Neutral,Neutral
"Thank you bro, Windah, playing the game seconds change the clock gacoorrrrrrr",Negative,Neutral,Negative
"I'm so late watching it, sorry bro, I'm disappointed",Negative,Negative,Negative
sing songs by sarah brightman guys sing legendary seriosa uk,Positive,Positive,Positive
cool bro,Positive,Positive,Positive
"thank you, bro, windah, dear bangka, zayne, plek ketiplek",Neutral,Neutral,Neutral
"Best part, Caleb's story is really exciting",Positive,Positive,Positive
"bro, watched the live stream for a full hour, didn't download the device, thanks bro, the gameplay is really fun for review",Positive,Positive,Positive
"you're cool, bro, playing LDS games, you're spending money, Evelyn, I hope your fortune continues smoothly, thank you, thank you, I'm proud of you, my friend, huuu, beautiful friend, Evelyn, forgot to rest, bro, thank you for playing the game love and deepspace",Positive,Positive,Positive
wait for the next time to play the game bro,Negative,Positive,Negative
right on,Positive,Positive,Positive
I've been watching for hours,Neutral,Neutral,Neutral
yuck,Neutral,Neutral,Neutral
"Bro, thank you for playing the game. I hope you stay healthy and stay healthy",Positive,Positive,Positive
"proud, thank you for playing menuhin wl, I don't play this game on my cellphone, thank you, I'm proud again",Positive,Positive,Positive
"Thanks bro, free time to play games",Positive,Positive,Positive
"Thank you, bro, I'll crash, I'm really relieved to play until the clock, thank you, bro, Windah",Positive,Positive,Positive
dil basudara,Neutral,Neutral,Neutral
"Thank you, bro, playing the game, don't care about the evil comments of yesterday's people. Respect",Negative,Negative,Negative
Gamon Lee catfish jellyfish,Neutral,Neutral,Neutral
respect,Neutral,Neutral,Neutral
"respect to you, thanks bro, Windah for playing the game",Negative,Positive,Negative
there is nothing wrong with this game,Negative,Negative,Negative
by the way guys do you know the player ID bro windah ak maw add friend,Neutral,Neutral,Neutral
"Thank you bro, Windah didn't expect Windah until following the story, interested in success, bro",Positive,Positive,Neutral
"Thank you, bro, play the game, guys, watch it, bro, Windah, boy",Negative,Neutral,Negative
Zayne bro,Neutral,Neutral,Neutral
thank you so much bro windah,Positive,Neutral,Neutral
"thank you for playing love and deepspace bro, windah, it's really fun, bro, really enjoyed watching it by the way, the battle doesn't play the story, bro, the battle is definitely difficult to play the story",Positive,Positive,Positive
windah as khodam life evelyn gud ending protected evelyn blokx choose a guy wearing appropriate clothes,Positive,Neutral,Neutral
"Thank you, bro, Windah plays a lot of riot games",Neutral,Neutral,Neutral
"Bro Windahh, thank you for playing really well, Bro Windah, review story, card stories features, characters, FYI, my friends are confused, lads, the game story, the story is really deep, yapping, it's a laugh, my friend's advice, continue the story, play the game straight away, by the way, Rafayel's husband, bro, hehe, I'm annoyed, hehe, thank you, bro, Windahhh, success, by the way, be careful, if you comment negatively, I'll be angry",Negative,Positive,Negative
"Caleb's classmate, Bayu, plays musical instruments, bro",Neutral,Neutral,Neutral
overacting,Neutral,Neutral,Neutral
hungaryhusar is a real overkill,Positive,Positive,Positive
"aaahhh bro, thank you so much bro, Windah for playing the game",Negative,Negative,Negative
"Thank you bro, handsome handsome Tawan, playing the game, waiting for the gameplay to continue",Positive,Positive,Positive
thank you so much bro windahhhh,Positive,Neutral,Neutral
"good game but the fandom is controlling it so you don't play it when you play it, you're addicted to parts, you know now, your character is a double standard face girl",Negative,Positive,Negative
what a horror,Neutral,Neutral,Neutral
Please continue with the story until the characters are revealed,Neutral,Neutral,Neutral
"Sylus really looks like a bad boy but he really cares about everyone, love the interests, Green Flag, bro, only if Caleb Abu Abu was released yesterday, anyways, thanks bro, I forgot to take a break, bro, Windah",Positive,Positive,Positive
thanks bro windah,Positive,Positive,Positive
sleigh,Neutral,Neutral,Neutral
thanks for playing bro,Positive,Positive,Positive
"Very funny, thank you bro, playing the game, mwhehe, it's really fun, the crash scene is really exciting, thank you",Positive,Positive,Positive
thank you for playing love and deepspace bang windah i really enjoyed this livestreaming your reactions and commentaries are very entertaining to watch thank you for the good review,Positive,Positive,Positive
subhanallah for the comments,Neutral,Neutral,Neutral
The FC Mobile game bro,Negative,Negative,Negative
"Viewers, Bro, Windah, great girl",Positive,Positive,Positive
"Thank you a lot bro, I'm full of passion, I play gems, I don't really respect it, bro",Positive,Positive,Positive
I don't respect playing clock,Neutral,Neutral,Neutral
thank you bro,Neutral,Neutral,Neutral
"The epilogue is really good, bro Brando, that's it, mature bro, thank you for the gameplay",Positive,Positive,Positive
Thank you bro Windah,Neutral,Neutral,Neutral
"told me not to play the event, bro, the cards are quite vulgar, afraid of strange things, the minors are watching, I'm really looking forward to it, bro, Windah, playing the game, yesterday's timing was perfect.",Negative,Negative,Negative
"dawnnbreaker, did you hear Windah Stream's statement, didn't you really know what it was like, didn't you watch it, Windah said the game doesn't have an element, the number is a hug like that, then that scene last time, Windah, watched it live, looked at the number, but at least I didn't give it a full glimpse.",Negative,Positive,Negative
Fathur Rohman Asbun empty barrel makes a loud sound,Positive,Positive,Positive
"Alishaastri is blank, you didn't respond to my argument, it's proof that you're a face girl",Neutral,Neutral,Neutral
"Alishaastri, you're an empty barrel, you really don't know how to reply to my argument, you're quiet, it's funny to see a girl's face looking forward to playing the game again.",Negative,Positive,Negative
"Alishaastri is blank. You didn't respond to my argument, indicating that I'm a face girl",Neutral,Neutral,Neutral
"It's better if you watch the first live lads, bro, Rijad is anxious to find a way to hate girls",Negative,Positive,Positive
"The timing isn't right, bro",Positive,Positive,Positive
lightphocnix yeah that's the reason gin laughs like a template no reason to see windah live five heart undert one roof gk dating game girl version really spicy scene saty review,Negative,Negative,Negative
"It's funny, it's better if you look at what the banner looks like",Positive,Positive,Positive
You saw the love interest kissing make out event with MC,Positive,Positive,Positive
Watching yesterday's event was hilarious,Positive,Positive,Positive
yes weeb yes,Neutral,Neutral,Neutral
Caleb's greenflag redflag face is crazy,Negative,Negative,Negative
"wadnderer, that's what people say, if Caleb is like a yandere boy, yandere means possessive, like that, kill kill",Neutral,Neutral,Neutral
"Looks toxic, Caleb wadnderer but knows the motive for protecting back",Neutral,Neutral,Neutral
hi you wadnderer,Neutral,Neutral,Neutral
"Sylus looks like he's just a red flag, he's actually a green flag, he really teases MC",Neutral,Neutral,Negative
"Yes, the original sylus is really green, but Rafayel is like a baby girl",Positive,Positive,Positive
p,Neutral,Neutral,Neutral
"Caleb was used as an experiment by ever reading, he really had a chip implanted in his body, his lore really looks like a real yandere, personal",Positive,Positive,Positive
"Serenaklauvitz Sis Unlock Myth Control removes memory so it can't be accessed Professor I realized that removing the MC like that is indeed a bad job, ever. Next chapter Kaya Sylus appears with Caleb main story discussing Onychinus",Negative,Neutral,Neutral
caleb green flag lots of forest flags,Negative,Neutral,Negative
"caleb locks mc up so he doesn't get nasty, he's still aware of being obsessive like matthias manhwa cry or better yet beg",Negative,Neutral,Neutral
gg bang stream proper kmren sempet streamer maen gem always crashes by the way thanks a lot bro playing the game appreciate itt,Negative,Negative,Negative
new pfp,Positive,Neutral,Positive
thanks bro but I'm dating sms syluuuussss,Positive,Positive,Positive
Caleb's story is so exciting,Positive,Positive,Neutral
Thank you Papa Brandoo,Neutral,Neutral,Neutral
I'm so excited and I forget to rest,Positive,Positive,Positive
thank you bro windah,Neutral,Neutral,Neutral
"great, bro, Windah, turning it around, it's really chaotic, until it's cool, bro, gg, really salute you, Bro, Windah, hopefully in the future, gin, don't get tired of making a fuss, brothers and sisters",Positive,Positive,Positive
I'm laughing watching this,Neutral,Neutral,Neutral
game for wet girls,Negative,Negative,Negative
there's nothing wrong,Negative,Negative,Negative
thank you soooo much bro Windah really played the riot game and played it im really appreciated that thanks bro for making viewers cwe neng don't listen to people who don't like it bro just be yourself its your game right bro love papa Windah there's nothing wrong with the game,Negative,Positive,Positive
"Thank you bro, Windah for playing the game",Negative,Positive,Negative
"How delicious my rice is, bro",Positive,Positive,Positive
"Ty, bro, playing the game, forgot to take a break, bro",Negative,Neutral,Negative
bang cosplay sylus u ii a,Neutral,Neutral,Neutral
"here are the viewers, guys, guys, shallow comments yesterday, heard sen bang windah blio, wise, respect girls, you know, wholesome games think strangely, fix my brain so I don't think sexually all the time",Positive,Positive,Positive
"Thank you so much, thank you so much for giving me money, bro, up to a million more, I think this game thanks for making me happy",Positive,Positive,Positive
"Thank you, Papa Brando, for continuing to play this game",Negative,Neutral,Negative
"Thank you, bro, for playing the game, lads, support you, bro, Windah",Negative,Positive,Negative
I am a,Neutral,Neutral,Neutral
,Neutral,Neutral,Neutral
,Neutral,Neutral,Neutral
"think well, like looking at it when you look at it, bro, female player, don't think narrowly, your thoughts are narrow",Negative,Negative,Negative
it's a kid,Neutral,Neutral,Neutral
"Just call me nala, I'm not ignorant, it's true that old age is childish",Positive,Positive,Neutral
carbide fans,Neutral,Neutral,Neutral
"I'm a speechless guy, bro, Windah said it really",Positive,Neutral,Positive
"Windah's fanbase is like that, it's not just a game, it's just jokes like that",Negative,Neutral,Negative
"Shotaeru Yes, bro, normalization gives jokes so I think it's just a joke",Neutral,Neutral,Neutral
fomo salute bro win,Positive,Positive,Positive
mc game boys girls prno laugh,Negative,Negative,Negative
up,Neutral,Neutral,Neutral
"It's true, bro, it was really funny when you blasphemed yesterday",Positive,Positive,Positive
no sis,Neutral,Neutral,Neutral
Guys don't play like that,Neutral,Neutral,Neutral
"Eryoshinori, okay, I told you to play otome, it's really a female-oriented game",Positive,Positive,Positive
"Eryoshinori, bro, you're not insulting the game's target market for girls. It's not wrong if you don't play it normally",Positive,Negative,Negative
Eryoshinori told you to play gubluq,Neutral,Neutral,Neutral
Mole is the king of world games with billions of players,Neutral,Neutral,Neutral
Isisschwarzerrritter what's so funny,Positive,Positive,Positive
wifeschwarzerrritter why mole dh,Neutral,Neutral,Neutral
fomo,Neutral,Neutral,Neutral
The target game is that girls say jword jokes,Negative,Negative,Negative
"Helmiyahya jokes are annoying, streamers play games, play for personal pleasure, self-insert mc, girls, streamers, girls play male-oriented dating games like miside, love is all around under one roof, etc. then lesbians don't play, entertain the audience",Negative,Negative,Negative
helmiyahya jokes are supposed to be funny tho,Positive,Positive,Neutral
Helmiyahya actually questioned the jword but when a male viewer made an indecent comment on a female player,Neutral,Negative,Neutral
hilarious,Positive,Positive,Positive
"kevinprayuda recent comment, your brain is really ewa ewe don't know how to play the game",Negative,Negative,Negative
"thank you so much bro, play the game lads",Negative,Positive,Negative
"Thank you bro, Windah, good positive review, Zayne's wife is proud, my husband is her fav, bro, hehe",Positive,Positive,Positive
Thank you very much for the positive review,Positive,Positive,Positive
"Thank you, bro, playing my favorite game, thank you, respecting the live chat, nice to read, really disappointed, bro, Windah, playing the game, teaching and selling, hope you're healthy, bro, forgot to rest, Zayne's wife, aowkaowkaowkwowrill, coy",Positive,Positive,Positive
"Thank you, bro, for playing the game, I forgot Caleb's story, bro",Negative,Positive,Negative
"Wait for the continuation, bro, Caleb's story",Neutral,Neutral,Neutral
"Thank you for playing, bro, I want to play on my cellphone, it doesn't support playing, bro",Neutral,Neutral,Neutral
That's a really funny lyric,Positive,Positive,Positive
there's nothing wrong with this game Windah,Negative,Negative,Negative
k viewers just in hours danggg,Neutral,Neutral,Neutral
"Thank you bro, Windah for playing the banner",Neutral,Neutral,Neutral
dear bro windah,Neutral,Neutral,Neutral
"Thank you, bro, Windahhh, I really play, don't forget the capers, bro, don't forget to rest, darling, Papa Brandoo, lots of it",Positive,Positive,Positive
"absent, thanks bro, let's play next, wait for the part",Positive,Neutral,Positive
"Yeyyy, I like otome dating simulator games, bro",Neutral,Neutral,Neutral
lots of homework immediately came and laughed,Positive,Positive,Positive
"keep going, bro",Neutral,Neutral,Neutral
"thank you, proud windah, love youuuuh",Positive,Positive,Positive
"Ancient Eastern traditions, this game is not suitable for the country",Negative,Negative,Negative
"Bro, I have to play the judging game",Negative,Negative,Negative
"for real, it's not wrong, the game is hilarious, I don't really understand the original gameplay, how do you know how to blaspheme Jomakjomok?",Positive,Positive,Positive
"Don't comment first, okay?",Positive,Positive,Positive
"Gamer girls like the mobafps open world game, so it's interesting to play the game, look at it, bro, Windah plays it by the way, don't like the game, but think it's like a dating story simulation game, a little bit of action, but when you see it, it's crazy, the battle lads are so cool, download it.",Negative,Negative,Negative
I agree,Neutral,Neutral,Neutral
you're joking,Neutral,Neutral,Neutral
"Thanks bro for playing a low positive game, you forgot to take a break, bro",Positive,Positive,Positive
"bro, thanks for playing, bro, I know what the content of the game is, I like to play, block the cell phone, I know the guy while playing, I really enjoy following the story, bro, I really look handsome, thank you very much, bro, respect",Positive,Positive,Positive
"catfish jellyfish thanks, Lee",Positive,Positive,Positive
"bro, caleb's story bro",Neutral,Neutral,Neutral
watched until I fell asleep,Neutral,Neutral,Neutral
"Thank you bro, I've played this game, we love youuuuuuuuuuu",Positive,Positive,Positive
bro thank you so much play the safe place game ciwi ciwi by the way cwk big fan bro next time you finish the game open play the story until the end gg banh,Negative,Negative,Negative
"Thank you bro, Windah, I'm really touched, pleaseee huhu loveee",Positive,Positive,Positive
"Thank you bro, play the game well, respect female players",Negative,Positive,Negative
wow,Positive,Positive,Positive
bro hungry,Neutral,Neutral,Neutral
great tree,Positive,Positive,Positive
Continue the story bro,Neutral,Neutral,Neutral
teach boys girls games love and deepspace guys especially boys zayne good boy green flag gentleman thank you papa winda play the game star rating,Positive,Positive,Positive
"Thank you bro, Windah, play love and deepspace",Positive,Positive,Positive
woooooooooooooooooow,Neutral,Neutral,Neutral
evelyn congratulations zayne girlies,Neutral,Neutral,Neutral
Zayne is handsome bro,Positive,Positive,Positive
"Thank you, bro, Windah, review the game. Thank you for the spare hours. Try topping up a million. Mostly girls watch, comfortable, looking strange, it's okay, overall, live, female viewers, players, curious, the game is comfortable, successful, bro, Windah.",Positive,Positive,Negative
Tysm bro is really happy,Positive,Positive,Positive
emotional,Neutral,Neutral,Neutral
"bro, the game world of the characters has been built well, perfect",Positive,Positive,Positive
"Hanx, the world will take a lesson, if you understand, then you won't progress, bro",Neutral,Neutral,Neutral
anjr wowkwowkwo yes,Neutral,Neutral,Neutral
The world of utopia does not exist,Neutral,Neutral,Neutral
"The essence of gaming fandom is that if you don't shout loudly, it's cool, it's cool, yes, the fandom is banning it, yes, the banner is not appropriate, live, bro, Windah has been criticized by the fandom, it's bad, it's bad, it's time to go live, the comments are live, the fandom is afraid it will be bad, it's bad, people",Negative,Negative,Negative
"It's really funny, bro, it's beautiful to play",Positive,Positive,Positive
"It's really funny, bro, it's beautiful to play",Positive,Positive,Positive
part bang review caleb plss,Neutral,Neutral,Neutral
"It's really funny, bro, it's beautiful to play",Positive,Positive,Positive
"It's really funny, bro, it's beautiful to play",Positive,Positive,Positive
Thank you bro for teaching Sigma Rose Blackpink boyfriend,Positive,Neutral,Neutral
Thanks bro,Positive,Positive,Positive
"Thank you bro, I want to satisfy the desires of female viewers, I hope you are always healthy and happy, thank you bro, by the way, greetings, Zaynee girls",Positive,Positive,Positive
"wait, wait, xixi, thank you, bro, Windah, play the game by the way, keep going, Caleb, bro",Negative,Neutral,Negative
you're cool bro like ss ss,Positive,Positive,Positive
"Thank you, really enjoyed watching it",Positive,Positive,Positive
story caleb story homing wing caleb,Neutral,Neutral,Neutral
"Caleb's next story game is really good, I'm really curious",Positive,Positive,Positive
"proud of Windah, thank you so much for appreciating the game, I really appreciate the positive comments",Positive,Positive,Positive
"Thank you, bro, I played yesterday, lads, I was waiting to play the game, bro",Negative,Positive,Negative
gg thanks bro Windah entertain the girls dear girls bro Windah greetings sigma,Positive,Neutral,Positive
"Thank you bro, played the game until I made a million laughs bro",Negative,Positive,Negative
redeem the game code guys by the way thank you bro windah play the gameeee,Negative,Neutral,Negative
Thank you bro for playing by the way bang battle bang windah have opened the battle bounty bro type the level is hard it's hard to win the protocore card update wait for the part bro winnnddd,Positive,Positive,Positive
"I love you, bro, thank you",Positive,Positive,Positive
"Guys don't get angry this year, Bro Windah plays the anime version for girls, it's okay to change",Neutral,Neutral,Neutral
wow really yossy yossyaaaaa,Positive,Positive,Positive
yossyaaaaa really,Positive,Positive,Positive
"I'm a guy, I like the gameplay, I play RPG games, I like using girl characters instead of boys, it's cool, watching something like that, the game is good",Positive,Positive,Positive
gg mc,Neutral,Neutral,Neutral
gg evelyne violetta your parents are proud,Positive,Positive,Positive
Maniso's oppa likes basoso girls so old people are good at somersaults,Positive,Positive,Positive
ig eve,Neutral,Neutral,Neutral
gg evelynvioletta,Neutral,Neutral,Neutral
why care about low tbsp,Neutral,Neutral,Neutral
I'm a guy who supports Anjir,Neutral,Neutral,Neutral
"Honestly, if someone doesn't get angry first, Windah fans won't have a problem with the game, fans will say they're angry because Gin's game is bad for Windah.",Negative,Negative,Negative
"I'm not angry with the fanbase, I'm pretending to be stupid",Negative,Negative,Negative
capers,Neutral,Neutral,Neutral
viola,Neutral,Neutral,Neutral
It's funny to ban girls,Positive,Positive,Positive
"rivelika event banner, the memory card is not suitable for live streaming, bro, male fans despise the game players",Negative,Negative,Negative
Rivelika hah,Neutral,Neutral,Neutral
"rivelika yes, because the bomb guy playing, Bang Windah, insults this funny game, how can you not ban it from being played?",Negative,Positive,Negative
"Yesterday, this game's fandom beard burned, right?",Negative,Positive,Negative
"yes, you girl, this fandom is a tantrum game, yes, comments are not appropriate, come on, bro, use logic, fahmyjomokdikit",Negative,Neutral,Negative
fahmyjomokdikit gay denial stop yapping,Positive,Positive,Positive
I'm a guy who doesn't care about efootball games,Neutral,Neutral,Neutral
king mole king of world games,Neutral,Neutral,Neutral
Istrischwarzerrritter caper deck gd cares,Neutral,Neutral,Neutral
"It's funny, don't you think this game is a laughing game?",Negative,Positive,Negative
evve,Neutral,Neutral,Neutral
dirty game,Negative,Negative,Negative
"kikiohgs, it's better to laugh at children, sexualize stress, stress",Positive,Positive,Positive
Deepspace bestgift hope this helps,Neutral,Neutral,Neutral
"wow, thanks, add pull feiro",Positive,Positive,Positive
Rafayel guessed it was genuine,Positive,Positive,Positive
thanks bro for playing,Positive,Positive,Positive
thank you bro windahh,Neutral,Neutral,Neutral
"darling, bro, thank you, bro, for supporting listening to Bocil Caper Poko. Thank you for the hours, Zayne",Positive,Neutral,Neutral
Guys watching Bang Windag's fans,Neutral,Neutral,Neutral
"Thank you bro, Windah, let me review the game, watch playing the game on your cellphone, support",Negative,Negative,Negative
aahhh I really like it girlsss love lovee,Positive,Positive,Positive
"Bro, using the emulator is really smooth",Positive,Positive,Positive
"It's natural that girls really like games, it's really good, it's beautiful, boys' games are wrong when playing games, I love this game",Positive,Positive,Positive
"thanks bro for playing the game, I'm really grateful to see this game in person, it's true that I can't play with the problem of cellphone RAM",Negative,Positive,Negative
wait for the continuation,Neutral,Neutral,Neutral
are you late bro?,Negative,Negative,Negative
"Oh, how handsome Sylus Pranowo is",Positive,Positive,Positive
Thank you bro Windah,Neutral,Neutral,Neutral
"thank you bro, windah for playing the game, appreciate the effort for playing lads for hours straight viewer malaysia again thank you bro",Negative,Negative,Negative
At night I dream about Calebzayne and Sylus,Neutral,Neutral,Neutral
thank you bro respect,Neutral,Neutral,Neutral
"Sylus Zayne's legal wife says thank you, enjoy playing the game, bro",Positive,Positive,Negative
syluuuussssfaceredheartshapefaceredheartshapefaceredheartshape,Neutral,Neutral,Neutral
"Thank you bro, Windah for playing my favorite game, really really",Positive,Positive,Positive
"Your comments can't respect people's opinions wow, wow, I'm just at school",Positive,Positive,Positive
"Guys like it, please play fun games, it's normal, don't force people who don't like it, like it",Positive,Positive,Neutral
"Very good, full battle RPG battle mode",Positive,Positive,Positive
"I'm a guy, I play games, I'm curious, I play and discuss so far, I have fun games when I battle against wanderers, hahah, I like scifi story themes",Positive,Positive,Neutral
cwe cwo play the game combat ny story the graphics are good n player plays infinity nikki cwe cwo can play,Positive,Positive,Positive
"There's nothing wrong with playing this game, just to find out",Negative,Negative,Negative
haha numbalin former player sacrificed by Satan,Positive,Positive,Positive
It's a good battle if men like a bit of a weird female simulation,Positive,Positive,Positive
"the fighting scene is good, the romance story makes you laugh",Positive,Positive,Positive
ha ha ha,Neutral,Neutral,Neutral
"I'm a man, I don't like it bro",Neutral,Neutral,Neutral
"Do you like it when you type it's wrong for a guy to play games, bro, bro, Viannkaramoyy's sentence",Negative,Neutral,Neutral
viannkaramoyy got it bro,Neutral,Neutral,Neutral
succor,Neutral,Neutral,Neutral
man I'm a game worth playing,Negative,Negative,Negative
"Pras, if it's not worth it, let me tell you",Negative,Negative,Neutral
You're playing laughing,Neutral,Neutral,Neutral
"Jexi, yes the anjir got it",Neutral,Neutral,Neutral
you time,Neutral,Positive,Neutral
you laugh sometimes,Positive,Positive,Positive
"Bagassboyy, bro, you got it",Neutral,Neutral,Neutral
"Ishida or not, Mr. Uryu",Neutral,Neutral,Neutral
date huh?,Neutral,Neutral,Neutral
your carineli,Neutral,Neutral,Neutral
thank you bro windah,Neutral,Neutral,Neutral
"Guys, I enjoy the game. Kudos to you for bringing the game, Bang Windah, by the way, Sephiroth is really cool",Negative,Positive,Negative
"Exclaimed, thank you so proud to laugh",Positive,Positive,Positive
Sylus bro,Neutral,Neutral,Neutral
"Crazy handsome, Sylus is really spreading anw, thank you bro, Windah for your time, I hope you are always healthy",Positive,Positive,Positive
"Zayne, darling",Neutral,Neutral,Neutral
ID bro windah guys add,Neutral,Neutral,Neutral
Thank you bro for playing the game lad,Negative,Negative,Negative
"bro, try playing the game live so you can focus bro, don't yap",Negative,Negative,Negative
"It's really fun to play, bro",Positive,Positive,Positive
thankkk youuu banggg biggg respecttt,Neutral,Neutral,Neutral
thank you bro windah,Neutral,Neutral,Neutral
Thank you bro Windah,Neutral,Neutral,Neutral
"Thank you bro for playing the love game, bro",Positive,Positive,Positive
"bro, thank you, I'll play it next time, I'll watch live, bro, it's really a loplop night, bro, I hope Bro Windah plays LND again, well, support u no matter what",Positive,Positive,Positive
"Come on bro, Caleb's part of the story",Neutral,Neutral,Neutral
Watch until you finally like my comment,Neutral,Neutral,Neutral
Thank you so much for following the female viewers,Positive,Positive,Positive
"Thank you for playing, bro, thank you for the positive response to this game, it's always healthy",Positive,Positive,Positive
"Bro, the lore of the otome game is really complicated",Negative,Negative,Negative
Leon is a remake but it's a tapered version for me,Neutral,Neutral,Neutral
"Kievputrajabbar, yes, but the sylus is really cool with Sephiroth",Positive,Positive,Positive
kievputrajabbar vergil dante devil my cry or not,Neutral,Neutral,Neutral
yeah sephirot short hair anyway miss final fantasy,Neutral,Neutral,Neutral
xavier cloud strife,Neutral,Neutral,Neutral
Githa Xavier Cloud Strife white hair version,Neutral,Neutral,Neutral
"For me, Mr. Uryu's facial structure is ryuken when I don't wear glasses",Neutral,Neutral,Neutral
one wing angel mentioned,Neutral,Neutral,Neutral
reannesaurus trs xavier the exsoldier cloud strife,Neutral,Neutral,Neutral
If I look at the Vibeny Dio Brando sylus,Neutral,Neutral,Neutral
Go to Han,Neutral,Neutral,Neutral
"go, bro",Neutral,Neutral,Neutral
stujuu,Neutral,Neutral,Neutral
I don't understand,Neutral,Neutral,Neutral
"It's really fun, bro, Windahh, playing the pgen game, bro",Negative,Positive,Negative
"Thank you, it's a pleasure to watch live jamm",Positive,Positive,Positive
thank you bro,Neutral,Neutral,Neutral
"thank you, bro, stay healthy always",Positive,Positive,Positive
"Yes, gurl, thank you, Bro Windah",Neutral,Neutral,Neutral
thank you bro windaahhh,Neutral,Neutral,Neutral
very proud,Positive,Positive,Positive
there's nothing wrong,Negative,Negative,Negative
gg bro windah,Neutral,Neutral,Neutral
thanks for playing,Positive,Positive,Positive
thank you bro windahhh,Neutral,Neutral,Neutral
special game for boys,Negative,Positive,Negative
ss or not,Neutral,Neutral,Neutral
gg,Neutral,Neutral,Neutral
"Thank you bro, Windah, since Green Flag saw Zayne",Negative,Neutral,Negative
thank you bro,Neutral,Neutral,Neutral
"Bro, play Omori",Neutral,Neutral,Neutral
"gg bro Windah, thank you for the positive neutral comment, I hope Bang Windah can shut up the caper men and insult them first",Positive,Positive,Positive
"Thanks for playing, have a good rest",Positive,Positive,Positive
Strimer panic buying,Neutral,Neutral,Neutral
"Look at the photo reflex sylus, bro",Neutral,Neutral,Neutral
salusss,Neutral,Neutral,Neutral
"Bro, Windah pen learns Zayne's kt",Neutral,Neutral,Neutral
"thanks bro, windaahh, until the million top up is over, it's fun for girls to janlup girllssnyaa",Positive,Positive,Positive
Thank you bro Windah,Neutral,Neutral,Neutral
Like,Neutral,Neutral,Neutral
Thank you bro Windah,Neutral,Neutral,Neutral
"Thank you bro, I've been absent",Neutral,Neutral,Neutral
"Thank you bro, Windahhh, I hope I get Zayne's B card",Neutral,Neutral,Neutral
gg,Neutral,Neutral,Neutral
"There's nothing wrong with the core game depending on the mindset of the people playing, respect Bro Windah",Negative,Negative,Negative
will you play this again kind sir at least until calebs character reveal pretty please,Positive,Neutral,Neutral
there's absolutely nothing wrong sigma really bro windah,Negative,Negative,Negative
"There's nothing wrong with this game, thank you, bro, Windah, hopefully the part",Negative,Negative,Negative
thanks bro windah,Positive,Positive,Positive
"Thank you bro, Windah, playing the game, strange comments, strange, thank you. There is nothing wrong in this game",Negative,Negative,Negative
thank you bro windah,Neutral,Neutral,Neutral
girls husbu lads,Neutral,Neutral,Neutral
"Thank you very much, Greetings Sylus girlfriend",Positive,Neutral,Neutral
"thank you, proud respect",Positive,Positive,Positive
thank you bro windah,Neutral,Neutral,Neutral
thank you bro windah girls girls player lads yall awesome,Positive,Positive,Positive
"yeah, that's wrong, it's exciting",Negative,Positive,Negative
"Yes, this game has good graphics",Positive,Positive,Positive
"It's not wrong, the feature graphics are okay, the dating game for girls, my mindset is a guy, yes, I'm amused by a girl's game, I'm the player who plays, I'm angry, if a guy is amused, he doesn't like the game, the price of the game is not for men, the market for women is amused by watching Five Under Roof, yes, if that's the case",Negative,Negative,Negative
"I wasn't amused watching the five under proof game, but watched it until the end, hanx",Negative,Negative,Negative
I'm amused if I don't watch Hanx,Neutral,Neutral,Neutral
to say that this game isn't something that females want to do is extremely disingenuous,Negative,Negative,Negative
thank you bro windah,Neutral,Neutral,Neutral
oh handsome,Positive,Positive,Positive
"Thank you bro, Windah for reviewing the game",Negative,Negative,Negative
Zayne bro,Neutral,Neutral,Neutral
"Evelyn is cute, bro, you have a crush",Positive,Neutral,Neutral
"Thank you bro for playing, lads",Neutral,Neutral,Neutral
lets go teach men sigma games,Neutral,Neutral,Neutral
"Thank you bro, Windah for playing the game Love and Deep Space",Positive,Positive,Positive
respect bro gg love you,Positive,Positive,Positive
"bro, make a battle bomb part, try battle main story, like giving a basic tutorial for laughing",Positive,Positive,Positive
"gg, bro, Windah likes games",Neutral,Neutral,Neutral
"Thank you bro, Windah for playing the game but still in good spirits, bro",Positive,Positive,Positive
"bro, sorry I'm late",Negative,Negative,Negative
Bang Windah Ken Sylus,Neutral,Neutral,Neutral
boyfriend like Zayne,Neutral,Neutral,Neutral
thanks bro windaahhhh love you bro,Positive,Positive,Positive
gg,Neutral,Neutral,Neutral
"Thank you bro, Windah, I'm really confused about the game, it's not downloading, it's really not downloading, the main thing is, thank you bro",Negative,Positive,Negative
"Bro, thanks for playing the game, I'm the girl's representative, really, salute you because you've played the game for healthy girls, Bro, wait for the next streaming, lads",Positive,Positive,Positive
The game makes you really miss playing it again,Negative,Positive,Negative
"Thank you, Windah, play the game, enjoy the gameplay",Neutral,Positive,Negative
"Thank you, Bro, Windah, I played the game yesterday, I was waiting for the hour, watching the computer, watching, Bro, Windah, playing lnds, I swear, it's really fun, laugh, laugh, gel jawg, love you kebon bang fingerrednumberonefingerrednumberonefingerrednumberonefingerrednumberone",Positive,Positive,Positive
"Thank you, bro, for the review, I really like it, I think it's open, bro, Windah, thank you, bro, very enthusiastic, bro",Positive,Positive,Positive
Thank you bro Windah,Neutral,Neutral,Neutral
"Very nice bro, Windah played the game, positive response, thank you very much, proud, forgot to take a break",Positive,Positive,Positive
"Thank you very much, bro, keep up the good work",Positive,Positive,Positive
"That's crazy, thanks for the watch",Negative,Negative,Negative
gg,Neutral,Neutral,Neutral
hello bro thanks a lot for playing the game really enjoyed watching it or not playing the game bro I'm curious about the game paying thanks bro by the way you are handsome bro,Positive,Positive,Negative
"Thank you, Papa Brando, bro, when you watched live",Positive,Positive,Positive
p adu no hunter beautiful,Positive,Positive,Positive
thank you so much bro windah i love you so much thanks for the review,Positive,Positive,Positive
thank you sm bro winnnnnn,Neutral,Neutral,Neutral
"Salute, bro, Windah, cheer up, bro Brando",Neutral,Neutral,Neutral
crazy to the point where the girls can't stop laughing,Negative,Negative,Negative
"Respect bro, thank you for playing",Neutral,Neutral,Neutral
thank you bro windah above all the characters say green flag but ure the one the green forest for this,Negative,Negative,Negative
"Thank you very much, Windah",Positive,Neutral,Neutral
thank you bro,Neutral,Neutral,Neutral
Rest,Neutral,Positive,Neutral
Thank you bro Windah,Neutral,Neutral,Neutral
"Thank you bro, Windah, playing the game, my eyes are refreshing when I see a handsome boy, waiting for the part, bro, I'm really curious, Caleb",Positive,Positive,Positive
bnagg req playing shining nikki the game is good like lads infold too beautiful dress up game suitable for boys and girls because of the male characters too,Positive,Positive,Negative
soon love and deepspace part ya papa brandoo,Positive,Positive,Positive
bang character name windah basudara,Neutral,Neutral,Neutral
Zayne is your husband,Neutral,Neutral,Neutral
"bro, grinding, bro, seriously, I want to see you playing cards, cats, watching kindled, if grinding is complicated, borrow someone's account, bro, then review the features",Negative,Negative,Negative
gg topup jt bro windah donating can get a game bro,Negative,Neutral,Negative
"So playing and reviewing positive games, great respect for you",Positive,Positive,Positive
thanks papa brandoo,Positive,Positive,Positive
Thank you for the review bro,Neutral,Neutral,Neutral
pin,Neutral,Neutral,Neutral
"Thank you bro, review card Caleb",Neutral,Neutral,Neutral
player love and deepspace really neng for playing the game thank you bro for entertaining us and thank you bro windah,Positive,Positive,Positive
thank you bro windahh,Neutral,Neutral,Neutral
"aaaa, thanks bro, Wind got scammed many times",Positive,Positive,Positive
"Thank you so much bro, I'm really touched",Positive,Positive,Positive
thank you for the review,Neutral,Neutral,Neutral
Thank you bro for your effort in playing the clock,Neutral,Neutral,Neutral
wow haha ​​thanks bro,Positive,Positive,Positive
Sylus is your girlfriend,Neutral,Neutral,Neutral
wait part,Neutral,Neutral,Neutral
jellyfish catfish thank you le laugh lopyu bro thank you,Positive,Positive,Positive
I've never been absent,Neutral,Neutral,Neutral
thank you bro,Neutral,Neutral,Neutral
respect bro,Neutral,Neutral,Neutral
thank you bro windah,Neutral,Neutral,Neutral
love you bro windah,Positive,Positive,Positive
thank you bro windahhhh i love you so muchhhh,Positive,Positive,Positive
gacorr proud,Positive,Positive,Positive
omggg thank you bro,Neutral,Neutral,Neutral
Thank you bro Windah,Neutral,Neutral,Neutral
please be in a good mood to watch,Positive,Positive,Positive
thank you bro windahhh,Neutral,Neutral,Neutral
watch until the end bro,Neutral,Neutral,Neutral
"Thank you, Brando",Neutral,Neutral,Neutral
"Thank you, I'm proud of Windahhh, there's nothing wrong with the game and yesterday's event, it's really sensitive, bro, huaaa, thanks",Positive,Positive,Positive
shark eats panda i love you bro windah,Positive,Positive,Positive
I'm crazy watching this game until I fall asleep laughing,Negative,Negative,Negative
"Everyone loves you, bro, Windah",Neutral,Neutral,Neutral
"Thank you bro, I'm satisfied I haven't topped up laughing yet",Positive,Neutral,Neutral
"Thank you, bro, playing games, lads, forgot to take a break",Neutral,Positive,Neutral
thanks bro,Positive,Positive,Positive
Thank you bro Windahhh,Neutral,Neutral,Neutral
"Thank you bro, Windahhh, great",Positive,Positive,Positive
thanks bro,Positive,Positive,Positive
Makas bro love the gameplay and respectfull comments mwahh,Positive,Positive,Positive
played,Neutral,Positive,Neutral
bang game forno cowo pengefong game five hearts under one roof,Negative,Negative,Negative
Thank you bro for the review,Neutral,Neutral,Neutral
gg bro,Neutral,Neutral,Neutral
thank you bro love you so much,Positive,Positive,Positive
Ges pnya ID bang windah,Neutral,Neutral,Neutral
thank youuu bro windaahhh,Neutral,Neutral,Neutral
thank you bro windahhhh,Neutral,Neutral,Neutral
"Very good words, bro, thanks for playing the game",Positive,Positive,Positive
thanks a lot bro windahhhh,Positive,Positive,Positive
"thank you bro, wait for the part",Neutral,Neutral,Neutral
thank you bro,Neutral,Neutral,Neutral
"Thank you bro, Windahh, I'm so proud",Positive,Positive,Positive
cool bro,Positive,Positive,Positive
thank you bro,Neutral,Neutral,Neutral
didn't laugh for a second,Positive,Positive,Positive
"Thank you bro, Windah, love you, always Zayne and Sylus' girlfriend",Positive,Positive,Positive
"Thanks to yesterday's YouTuber frying flour in sweet and sour sauce, there's nothing wrong with the game",Negative,Negative,Negative
Thank you bro Windahhh,Neutral,Neutral,Neutral
"Bro, please reply to my comment, bro, please",Neutral,Neutral,Neutral
Thank you bro for playing the game,Negative,Negative,Negative
Xavier is your girlfriend,Neutral,Neutral,Neutral
"Thank you very much, Windahhh",Positive,Neutral,Neutral
beautiful bro,Positive,Positive,Positive
"Bro, Windah, do you want me hahaha",Positive,Positive,Positive
Thanks for playing the game bro,Negative,Positive,Negative
,Neutral,Neutral,Neutral
thank you bro windah,Neutral,Neutral,Neutral
thank you bro windahh,Neutral,Neutral,Neutral
Thank you bro for playing the game,Negative,Negative,Negative
Thanks bro for playing the game,Negative,Positive,Negative
thank you bro windahh,Neutral,Neutral,Neutral
"Continue with Caleb's story, bro, type yes",Neutral,Neutral,Neutral
"The banner is really dangerous, bro, let me see my wild girl if it was streamed with yesterday's banner",Negative,Negative,Negative
"muhammadilhamdlil what kind of banner is that, sorry bro",Positive,Positive,Negative
"ouwisz hot banner, bro, it's okay",Positive,Positive,Positive
"The banner is dangerous, bro. Yesterday the banner focused on Caleb's cyborg",Negative,Negative,Negative
"Yes, it's my turn to comment positively",Positive,Neutral,Neutral
YouTubers fry until they're inter-commune bro wlwkwk,Neutral,Neutral,Neutral
si,Neutral,Neutral,Neutral
Lily,Neutral,Neutral,Neutral
auliacahaya waduuu meet you aullll,Neutral,Neutral,Neutral
Yes,Neutral,Neutral,Neutral
yeah,Neutral,Neutral,Neutral
Yes,Neutral,Neutral,Neutral
Yes,Neutral,Neutral,Neutral
I'll just type,Neutral,Neutral,Neutral
ak si yes,Neutral,Neutral,Neutral
Yes,Neutral,Neutral,Neutral
Yes,Neutral,Neutral,Neutral
"yes, aim",Neutral,Neutral,Neutral
yeah,Neutral,Neutral,Neutral
Yes,Neutral,Neutral,Neutral
ingyahh,Neutral,Neutral,Neutral
Yes,Neutral,Neutral,Neutral
Yes,Neutral,Neutral,Neutral
,Neutral,Neutral,Neutral
son,Neutral,Neutral,Neutral
Yes,Neutral,Neutral,Neutral
Yes,Neutral,Neutral,Neutral
stujuuu,Neutral,Neutral,Neutral
ita,Neutral,Neutral,Neutral
Yes,Neutral,Neutral,Neutral
yeah,Neutral,Neutral,Neutral
Yes,Neutral,Neutral,Neutral
yeah,Neutral,Neutral,Neutral
yes please like calebb,Neutral,Neutral,Neutral
Yes,Neutral,Neutral,Neutral
Yes,Neutral,Neutral,Neutral
Yes,Neutral,Neutral,Neutral
Yes,Neutral,Neutral,Neutral
Yes,Neutral,Neutral,Neutral
Yes,Neutral,Neutral,Neutral
Yes,Neutral,Neutral,Neutral
yeah,Neutral,Neutral,Neutral
Yes,Neutral,Neutral,Neutral
Yes,Neutral,Neutral,Neutral
Yes,Neutral,Neutral,Neutral
Yes,Neutral,Neutral,Neutral
Yes,Neutral,Neutral,Neutral
yeaaaaaaa,Neutral,Neutral,Neutral
yeah,Neutral,Neutral,Neutral
yeah,Neutral,Neutral,Neutral
yeah,Neutral,Neutral,Neutral
Yes,Neutral,Neutral,Neutral
yeah,Neutral,Neutral,Neutral
yeah letsgo,Neutral,Neutral,Neutral
Yes,Neutral,Neutral,Neutral
Yes,Neutral,Neutral,Neutral
Yes,Neutral,Neutral,Neutral
Yes,Neutral,Neutral,Neutral
yeah ugh,Neutral,Neutral,Neutral
yeah,Neutral,Neutral,Neutral
yeah,Neutral,Neutral,Neutral
Yes,Neutral,Neutral,Neutral
Yes,Neutral,Neutral,Neutral
Yes,Neutral,Neutral,Neutral
yeah,Neutral,Neutral,Neutral
yes darling,Neutral,Neutral,Neutral
Yes,Neutral,Neutral,Neutral
Yes,Neutral,Neutral,Neutral
aim,Neutral,Neutral,Neutral
"Yes, yes, yes",Neutral,Neutral,Neutral
Yes,Neutral,Neutral,Neutral
,Neutral,Neutral,Neutral
Yes,Neutral,Neutral,Neutral
Yes,Neutral,Neutral,Neutral
Yes,Neutral,Neutral,Neutral
Yes,Neutral,Neutral,Neutral
Yes,Neutral,Neutral,Neutral
Yes,Neutral,Neutral,Neutral
yeah,Neutral,Neutral,Neutral
Yes,Neutral,Neutral,Neutral
Yes,Neutral,Neutral,Neutral
Yes,Neutral,Neutral,Neutral
Yes,Neutral,Neutral,Neutral
yeah,Neutral,Neutral,Neutral
Yes,Neutral,Neutral,Neutral
yeah,Neutral,Neutral,Neutral
Yes,Neutral,Neutral,Neutral
yes bro,Neutral,Neutral,Neutral
Yes,Neutral,Neutral,Neutral
nope,Neutral,Neutral,Neutral
Yes,Neutral,Neutral,Neutral
yeah,Neutral,Neutral,Neutral
Yes,Neutral,Neutral,Neutral
Yes,Neutral,Neutral,Neutral
"yeah, it's real",Positive,Neutral,Positive
Yes,Neutral,Neutral,Neutral
Yes,Neutral,Neutral,Neutral
Yes,Neutral,Neutral,Neutral
Yes,Neutral,Neutral,Neutral
Yes,Neutral,Neutral,Neutral
yeah plsss,Neutral,Neutral,Neutral
Yes,Neutral,Neutral,Neutral
Yes,Neutral,Neutral,Neutral
Yes,Neutral,Neutral,Neutral
Yes,Neutral,Neutral,Neutral
Yes,Neutral,Neutral,Neutral
"Yes, bro Brando",Neutral,Neutral,Neutral
yeah gasss,Neutral,Neutral,Neutral
Yes,Neutral,Neutral,Neutral
yes,Neutral,Neutral,Neutral
Yes,Neutral,Neutral,Neutral
Yes,Neutral,Neutral,Neutral
Ingyh,Neutral,Neutral,Neutral
Yes,Neutral,Neutral,Neutral
Yes,Neutral,Neutral,Neutral
yeah,Neutral,Neutral,Neutral
Yes,Neutral,Neutral,Neutral
Yes,Neutral,Neutral,Neutral
Yes,Neutral,Neutral,Neutral
Yes,Neutral,Neutral,Neutral
Yes,Neutral,Neutral,Neutral
Yes,Neutral,Neutral,Neutral
Yes,Neutral,Neutral,Neutral
y,Neutral,Neutral,Neutral
Yes,Neutral,Neutral,Neutral
yeah,Neutral,Neutral,Neutral
yeh,Neutral,Neutral,Neutral
Yes,Neutral,Neutral,Neutral
Yes,Neutral,Neutral,Neutral
Yes,Neutral,Neutral,Neutral
Yes,Neutral,Neutral,Neutral
yeah,Neutral,Neutral,Neutral
yeah,Neutral,Neutral,Neutral
yeah,Neutral,Neutral,Neutral
Yes,Neutral,Neutral,Neutral
go to lexcier,Neutral,Neutral,Neutral
Yes,Neutral,Neutral,Neutral
Yes,Neutral,Neutral,Neutral
yeah,Neutral,Neutral,Neutral
yeah,Neutral,Neutral,Neutral
Yes,Neutral,Neutral,Neutral
Crystal,Neutral,Neutral,Neutral
yeah,Neutral,Neutral,Neutral
yeah,Neutral,Neutral,Neutral
Yes,Neutral,Neutral,Neutral
yeah,Neutral,Neutral,Neutral
Yes,Neutral,Neutral,Neutral
Yes,Neutral,Neutral,Neutral
yeah,Neutral,Neutral,Neutral
yeah,Neutral,Neutral,Neutral
Yes,Neutral,Neutral,Neutral
uppp,Neutral,Neutral,Neutral
Yes,Neutral,Neutral,Neutral
Yes,Neutral,Neutral,Neutral
yeah,Neutral,Neutral,Neutral
yeah,Neutral,Neutral,Neutral
Yes,Neutral,Neutral,Neutral
yeah,Neutral,Neutral,Neutral
Yes,Neutral,Neutral,Neutral
Yes,Neutral,Neutral,Neutral
,Neutral,Neutral,Neutral
Yes,Neutral,Neutral,Neutral
Yes,Neutral,Neutral,Neutral
yyyyaaaa,Neutral,Neutral,Neutral
yeah,Neutral,Neutral,Neutral
type yes,Neutral,Neutral,Neutral
Yes,Neutral,Neutral,Neutral
Yes,Neutral,Neutral,Neutral
Yes,Neutral,Neutral,Neutral
yeah,Neutral,Neutral,Neutral
Yes,Neutral,Neutral,Neutral
Yes,Neutral,Neutral,Neutral
Yes,Neutral,Neutral,Neutral
tf,Neutral,Neutral,Neutral
agreeeee,Neutral,Neutral,Neutral
Yes,Neutral,Neutral,Neutral
yyyyaaaa,Neutral,Neutral,Neutral
Yes,Neutral,Neutral,Neutral
Yes,Neutral,Neutral,Neutral
Yes,Neutral,Neutral,Neutral
Yes,Neutral,Neutral,Neutral
Yes,Neutral,Neutral,Neutral
Yes,Neutral,Neutral,Neutral
Yes,Neutral,Neutral,Neutral
Yes,Neutral,Neutral,Neutral
Yes,Neutral,Neutral,Neutral
Yes,Neutral,Neutral,Neutral
yoooiiiiii,Neutral,Neutral,Neutral
Yes,Neutral,Neutral,Neutral
yeah,Neutral,Neutral,Neutral
I agree,Neutral,Neutral,Neutral
nope,Neutral,Neutral,Neutral
yeah,Neutral,Neutral,Neutral
Yes,Neutral,Neutral,Neutral
Yes,Neutral,Neutral,Neutral
yeah,Neutral,Neutral,Neutral
Yes,Neutral,Neutral,Neutral
yeah,Neutral,Neutral,Neutral
Yes,Neutral,Neutral,Neutral
Yes,Neutral,Neutral,Neutral
yeah,Neutral,Neutral,Neutral
,Neutral,Neutral,Neutral
Yes,Neutral,Neutral,Neutral
I agree,Neutral,Neutral,Neutral
Yes,Neutral,Neutral,Neutral
yeah,Neutral,Neutral,Neutral
Yes,Neutral,Neutral,Neutral
Yes,Neutral,Neutral,Neutral
yep,Neutral,Neutral,Neutral
yeaaaaaaa,Neutral,Neutral,Neutral
yessss,Neutral,Neutral,Neutral
yeah,Neutral,Neutral,Neutral
p,Neutral,Neutral,Neutral
Yes,Neutral,Neutral,Neutral
Yes,Neutral,Neutral,Neutral
yeah,Neutral,Neutral,Neutral
yeaaaaaaaaaaaaa,Neutral,Neutral,Neutral
bang bang,Neutral,Neutral,Neutral
Yes,Neutral,Neutral,Neutral
Yes,Neutral,Neutral,Neutral
yeah,Neutral,Neutral,Neutral
Yes,Neutral,Neutral,Neutral
Yes,Neutral,Neutral,Neutral
Yes,Neutral,Neutral,Neutral
Yes,Neutral,Neutral,Neutral
Yes,Neutral,Neutral,Neutral
,Neutral,Neutral,Neutral
Yes,Neutral,Neutral,Neutral
yeah,Neutral,Neutral,Neutral
Yes,Neutral,Neutral,Neutral
Yes,Neutral,Neutral,Neutral
yeah,Neutral,Neutral,Neutral
Yes,Neutral,Neutral,Neutral
Yes,Neutral,Neutral,Neutral
Yes,Neutral,Neutral,Neutral
yo,Neutral,Neutral,Neutral
yeah,Neutral,Neutral,Neutral
yeaaaaaaa,Neutral,Neutral,Neutral
I don't agree,Neutral,Neutral,Neutral
Yes,Neutral,Neutral,Neutral
Yes,Neutral,Neutral,Neutral
Yes,Neutral,Neutral,Neutral
Yes,Neutral,Neutral,Neutral
Yes,Neutral,Neutral,Neutral
aim,Neutral,Neutral,Neutral
Yes,Neutral,Neutral,Neutral
Yes,Neutral,Neutral,Neutral
yeah lets go up,Neutral,Neutral,Neutral
Yes,Neutral,Neutral,Neutral
yes,Neutral,Neutral,Neutral
yes yes like like it,Neutral,Neutral,Neutral
Yes,Neutral,Neutral,Neutral
,Neutral,Neutral,Neutral
Yes,Neutral,Neutral,Neutral
Yes,Neutral,Neutral,Neutral
"yeah, really",Positive,Neutral,Positive
yeah,Neutral,Neutral,Neutral
Yes,Neutral,Neutral,Neutral
Yes,Neutral,Neutral,Neutral
Yes,Neutral,Neutral,Neutral
Yes,Neutral,Neutral,Neutral
Yes,Neutral,Neutral,Neutral
Yes,Neutral,Neutral,Neutral
Yes,Neutral,Neutral,Neutral
yes yes yes yes yes,Neutral,Neutral,Neutral
yes yes yes go,Neutral,Neutral,Neutral
Yes,Neutral,Neutral,Neutral
Yes,Neutral,Neutral,Neutral
yeah,Neutral,Neutral,Neutral
Yes,Neutral,Neutral,Neutral
Yes,Neutral,Neutral,Neutral
yeah,Neutral,Neutral,Neutral
go guy,Neutral,Neutral,Neutral
Yes,Neutral,Neutral,Neutral
Yes,Neutral,Neutral,Neutral
Yes,Neutral,Neutral,Neutral
yeah,Neutral,Neutral,Neutral
Yes,Neutral,Neutral,Neutral
Yes,Neutral,Neutral,Neutral
yeah,Neutral,Neutral,Neutral
Yes,Neutral,Neutral,Neutral
Yes,Neutral,Neutral,Neutral
yeah,Neutral,Neutral,Neutral
b aj it's cool,Positive,Positive,Positive
yeah,Neutral,Neutral,Neutral
Yes,Neutral,Neutral,Neutral
Yes,Neutral,Neutral,Neutral
yeah,Neutral,Neutral,Neutral
yesss,Neutral,Neutral,Neutral
Yes,Neutral,Neutral,Neutral
Yes,Neutral,Neutral,Neutral
Yes,Neutral,Neutral,Neutral
yeah,Neutral,Neutral,Neutral
Yes,Neutral,Neutral,Neutral
yes,Neutral,Neutral,Neutral
Yes,Neutral,Neutral,Neutral
Yes,Neutral,Neutral,Neutral
Yes,Neutral,Neutral,Neutral
Yes,Neutral,Neutral,Neutral
yeah,Neutral,Neutral,Neutral
yeah,Neutral,Neutral,Neutral
Yes,Neutral,Neutral,Neutral
Yes,Neutral,Neutral,Neutral
yeaaaaaaa,Neutral,Neutral,Neutral
Yes,Neutral,Neutral,Neutral
Yes,Neutral,Neutral,Neutral
yeah,Neutral,Neutral,Neutral
yeah,Neutral,Neutral,Neutral
Yes,Neutral,Neutral,Neutral
Yes,Neutral,Neutral,Neutral
Yes,Neutral,Neutral,Neutral
Yes,Neutral,Neutral,Neutral
Yes,Neutral,Neutral,Neutral
Yes,Neutral,Neutral,Neutral
Yes,Neutral,Neutral,Neutral
yeah,Neutral,Neutral,Neutral
Yes,Neutral,Neutral,Neutral
Yes,Neutral,Neutral,Neutral
Yes,Neutral,Neutral,Neutral
Yes,Neutral,Neutral,Neutral
yeah,Neutral,Neutral,Neutral
that's right,Positive,Positive,Positive
yeah,Neutral,Neutral,Neutral
yeah,Neutral,Neutral,Neutral
Yes,Neutral,Neutral,Neutral
Yes,Neutral,Neutral,Neutral
yeah,Neutral,Neutral,Neutral
Yes,Neutral,Neutral,Neutral
yeah,Neutral,Neutral,Neutral
Yes,Neutral,Neutral,Neutral
Yes,Neutral,Neutral,Neutral
Yes,Neutral,Neutral,Neutral
Yes,Neutral,Neutral,Neutral
yeah,Neutral,Neutral,Neutral
Yes,Neutral,Neutral,Neutral
Yes,Neutral,Neutral,Neutral
yeah,Neutral,Neutral,Neutral
Yes,Neutral,Neutral,Neutral
yeah,Neutral,Neutral,Neutral
Yes,Neutral,Neutral,Neutral
,Neutral,Neutral,Neutral
please really agree,Positive,Neutral,Positive
Yes,Neutral,Neutral,Neutral
yeah,Neutral,Neutral,Neutral
Yes,Neutral,Neutral,Neutral
yeaaaaaaaaa,Neutral,Neutral,Neutral
yeah,Neutral,Neutral,Neutral
"yes, really",Positive,Neutral,Positive
yeah,Neutral,Neutral,Neutral
Yes,Neutral,Neutral,Neutral
aim,Neutral,Neutral,Neutral
yeah yeah yeah yeah,Neutral,Neutral,Neutral
I agree,Neutral,Neutral,Neutral
yeeaaa,Neutral,Neutral,Neutral
yeah,Neutral,Neutral,Neutral
yeah,Neutral,Neutral,Neutral
yeaaaaappp,Neutral,Neutral,Neutral
Yes,Neutral,Neutral,Neutral
yeah,Neutral,Neutral,Neutral
yeah yeah yeah,Neutral,Neutral,Neutral
yeah,Neutral,Neutral,Neutral
Yes,Neutral,Neutral,Neutral
Yes,Neutral,Neutral,Neutral
Yes,Neutral,Neutral,Neutral
Yes,Neutral,Neutral,Neutral
yeah,Neutral,Neutral,Neutral
yeah,Neutral,Neutral,Neutral
yeah,Neutral,Neutral,Neutral
yeah,Neutral,Neutral,Neutral
Yes,Neutral,Neutral,Neutral
yeah,Neutral,Neutral,Neutral
littlebodystupidbrain yeah,Neutral,Neutral,Neutral
yes by the way choi crystal mentioned,Neutral,Neutral,Neutral
Yes,Neutral,Neutral,Neutral
Yes,Neutral,Neutral,Neutral
Yes,Neutral,Neutral,Neutral
yeah,Neutral,Neutral,Neutral
Yes,Neutral,Neutral,Neutral
Yes,Neutral,Neutral,Neutral
yes plsssssss,Neutral,Neutral,Neutral
yeah,Neutral,Neutral,Neutral
Yes,Neutral,Neutral,Neutral
Yes,Neutral,Neutral,Neutral
yes,Neutral,Neutral,Neutral
Yes,Neutral,Neutral,Neutral
Yes,Neutral,Neutral,Neutral
Yes,Neutral,Neutral,Neutral
Yes,Neutral,Neutral,Neutral
yeah,Neutral,Neutral,Neutral
Yes,Neutral,Neutral,Neutral
Yes,Neutral,Neutral,Neutral
Yes,Neutral,Neutral,Neutral
Yes,Neutral,Neutral,Neutral
"Yes, go to Windahh, Caleb, Bang Windahh",Neutral,Neutral,Neutral
Yes,Neutral,Neutral,Neutral
Yes,Neutral,Neutral,Neutral
yeaaaaaaaaaa,Neutral,Neutral,Neutral
yeah,Neutral,Neutral,Neutral
Yes,Neutral,Neutral,Neutral
Yes,Neutral,Neutral,Neutral
Yes,Neutral,Neutral,Neutral
Yes,Neutral,Neutral,Neutral
yeah yeah,Neutral,Neutral,Neutral
Yes,Neutral,Neutral,Neutral
yeaaaaaaaaaa,Neutral,Neutral,Neutral
Yes,Neutral,Neutral,Neutral
Yes,Neutral,Neutral,Neutral
Yes,Neutral,Neutral,Neutral
Yes,Neutral,Neutral,Neutral
Yes,Neutral,Neutral,Neutral
Yes,Neutral,Neutral,Neutral
Yes,Neutral,Neutral,Neutral
Yes,Neutral,Neutral,Neutral
ja,Neutral,Neutral,Neutral
Yes,Neutral,Neutral,Neutral
Yes,Neutral,Neutral,Neutral
"yes, that's really it",Positive,Neutral,Positive
Yes,Neutral,Neutral,Neutral
Yes,Neutral,Neutral,Neutral
yeah,Neutral,Neutral,Neutral
Yes,Neutral,Neutral,Neutral
Yes,Neutral,Neutral,Neutral
yeah,Neutral,Neutral,Neutral
Yes,Neutral,Neutral,Neutral
"yeah, continue",Neutral,Neutral,Neutral
Yes,Neutral,Neutral,Neutral
aim,Neutral,Neutral,Neutral
Yes,Neutral,Neutral,Neutral
Yes,Neutral,Neutral,Neutral
Yes,Neutral,Neutral,Neutral
yeah,Neutral,Neutral,Neutral
Yes,Neutral,Neutral,Neutral
Yes,Neutral,Neutral,Neutral
up,Neutral,Neutral,Neutral
Yes,Neutral,Neutral,Neutral
Yes,Neutral,Neutral,Neutral
"Really, the story is really exciting, Zayne appears like in the next chapter, Sylus, Caleb",Positive,Positive,Positive
Yes,Neutral,Neutral,Neutral
seeeeeeee,Neutral,Neutral,Neutral
Yes,Neutral,Neutral,Neutral
Yes,Neutral,Neutral,Neutral
yeah,Neutral,Neutral,Neutral
yeah,Neutral,Neutral,Neutral
yeah,Neutral,Neutral,Neutral
I agree,Neutral,Neutral,Neutral
yeah,Neutral,Neutral,Neutral
Yes,Neutral,Neutral,Neutral
yeah,Neutral,Neutral,Neutral
Yes,Neutral,Neutral,Neutral
yeah,Neutral,Neutral,Neutral
yeah,Neutral,Neutral,Neutral
Yes,Neutral,Neutral,Neutral
Yes,Neutral,Neutral,Neutral
Yes,Neutral,Neutral,Neutral
yeah,Neutral,Neutral,Neutral
Yes,Neutral,Neutral,Neutral
yeah,Neutral,Neutral,Neutral
Yes,Neutral,Neutral,Neutral
yes,Neutral,Neutral,Neutral
Yes,Neutral,Neutral,Neutral
Yes,Neutral,Neutral,Neutral
yeah,Neutral,Neutral,Neutral
no,Neutral,Neutral,Neutral
Yes,Neutral,Neutral,Neutral
Yes,Neutral,Neutral,Neutral
Yes,Neutral,Neutral,Neutral
yeah,Neutral,Neutral,Neutral
yeah,Neutral,Neutral,Neutral
Yes,Neutral,Neutral,Neutral
Yes,Neutral,Neutral,Neutral
Yes,Neutral,Neutral,Neutral
Yes,Neutral,Neutral,Neutral
Yes,Neutral,Neutral,Neutral
yes or no yes yeaaaaaaaa,Neutral,Neutral,Neutral
Yes,Neutral,Neutral,Neutral
Yes,Neutral,Neutral,Neutral
Yes,Neutral,Neutral,Neutral
Yes,Neutral,Neutral,Neutral
yeah,Neutral,Neutral,Neutral
Yes,Neutral,Neutral,Neutral
Yes,Neutral,Neutral,Neutral
"Yes, go to Soojunggg",Neutral,Neutral,Neutral
Yes,Neutral,Neutral,Neutral
Yes,Neutral,Neutral,Neutral
Yes,Neutral,Neutral,Neutral
Yes,Neutral,Neutral,Neutral
Yes,Neutral,Neutral,Neutral
g,Neutral,Neutral,Neutral
Yes,Neutral,Neutral,Neutral
Yes,Neutral,Neutral,Neutral
Yes,Neutral,Neutral,Neutral
yeah,Neutral,Neutral,Neutral
Yes,Neutral,Neutral,Neutral
s,Neutral,Neutral,Neutral
yeah,Neutral,Neutral,Neutral
Yes,Neutral,Neutral,Neutral
"Yes, please tell me, Bro, Windah will open the homecoming wings so that Caleb can open them",Neutral,Neutral,Neutral
yyw,Neutral,Neutral,Neutral
yeah,Neutral,Neutral,Neutral
yeah,Neutral,Neutral,Neutral
Yes,Neutral,Neutral,Neutral
Yes,Neutral,Neutral,Neutral
Yes,Neutral,Neutral,Neutral
annoying,Negative,Negative,Negative
yes,Neutral,Neutral,Neutral
Yes,Neutral,Neutral,Neutral
Yes,Neutral,Neutral,Neutral
Yes,Neutral,Neutral,Neutral
yeah,Neutral,Neutral,Neutral
agreeeee,Neutral,Neutral,Neutral
Yes,Neutral,Neutral,Neutral
yeah,Neutral,Neutral,Neutral
yep,Neutral,Neutral,Neutral
Yes,Neutral,Neutral,Neutral
yeah,Neutral,Neutral,Neutral
I agree,Neutral,Neutral,Neutral
Yes,Neutral,Neutral,Neutral
yeah,Neutral,Neutral,Neutral
yeah,Neutral,Neutral,Neutral
yeah,Neutral,Neutral,Neutral
yeah yeah yeah yeah,Neutral,Neutral,Neutral
Yes,Neutral,Neutral,Neutral
Yes,Neutral,Neutral,Neutral
yeah,Neutral,Neutral,Neutral
Yes,Neutral,Neutral,Neutral
Yes,Neutral,Neutral,Neutral
Yes,Neutral,Neutral,Neutral
yeah,Neutral,Neutral,Neutral
yeah,Neutral,Neutral,Neutral
Yes,Neutral,Neutral,Neutral
Yes,Neutral,Neutral,Neutral
Yes,Neutral,Neutral,Neutral
Yes,Neutral,Neutral,Neutral
yeah,Neutral,Neutral,Neutral
Yes,Neutral,Neutral,Neutral
Yes,Neutral,Neutral,Neutral
Yes,Neutral,Neutral,Neutral
Yes,Neutral,Neutral,Neutral
yeah,Neutral,Neutral,Neutral
Yes,Neutral,Neutral,Neutral
Yes,Neutral,Neutral,Neutral
Yes,Neutral,Neutral,Neutral
yes pls,Neutral,Neutral,Neutral
I agree,Neutral,Neutral,Neutral
Yes,Neutral,Neutral,Neutral
yeah,Neutral,Neutral,Neutral
Yes,Neutral,Neutral,Neutral
"littlebodystupidbrain agree, come on bro",Neutral,Neutral,Neutral
Yes,Neutral,Neutral,Neutral
Yes,Neutral,Neutral,Neutral
"yeah, yeah",Neutral,Neutral,Neutral
,Neutral,Neutral,Neutral
yeah,Neutral,Neutral,Neutral
Yes,Neutral,Neutral,Neutral
Yes,Neutral,Neutral,Neutral
Yes,Neutral,Neutral,Neutral
yeaaaaaaaaa,Neutral,Neutral,Neutral
yeah,Neutral,Neutral,Neutral
Yes,Neutral,Neutral,Neutral
no,Neutral,Neutral,Neutral
g,Neutral,Neutral,Neutral
no,Neutral,Neutral,Neutral
no,Neutral,Neutral,Neutral
,Neutral,Neutral,Neutral
,Neutral,Neutral,Neutral
no,Neutral,Neutral,Neutral
no,Neutral,Neutral,Neutral
no,Neutral,Neutral,Neutral
there's nothing wrong,Negative,Negative,Negative
Thank you bro Windaaaaaaaaaaaaaaaaaaaaaaaaaaaaaaaa,Neutral,Neutral,Neutral
gg bro windahhh thank you very much speak up girl love and deep space,Positive,Positive,Positive
thank you bro,Neutral,Neutral,Neutral
"Bro, handsome windah",Positive,Positive,Positive
mmmm,Neutral,Neutral,Neutral
Thank you bro Windaah,Neutral,Neutral,Neutral
"The game is cool, it's fun to be curious",Positive,Positive,Negative
"thank uuu bro, windah for playing this game",Negative,Negative,Negative
"thank you bro, thank you",Neutral,Neutral,Neutral
thank you bro windah,Neutral,Neutral,Neutral
"Thank you, bro Windaahhh",Neutral,Neutral,Neutral
thanks bro,Positive,Positive,Positive
Thank you bro Brando for the game,Negative,Neutral,Negative
Very sigma bro,Positive,Neutral,Neutral
thank you bro,Neutral,Neutral,Neutral
bang fits the deepspace character,Neutral,Neutral,Neutral
very funny,Positive,Positive,Positive
,Neutral,Neutral,Neutral
keep it up caleb bro really like caleb,Positive,Positive,Positive
really late,Negative,Negative,Negative
yeyyyyyy,Neutral,Neutral,Neutral
steady,Positive,Positive,Positive
thanks gurl,Positive,Positive,Positive
it's really fun,Positive,Positive,Positive
great time laughing,Positive,Positive,Positive
"Honestly, I can't stand it",Positive,Positive,Positive
Bang Windah is amazed by Zayne,Neutral,Neutral,Neutral
thank you bro windah yasssh gurlll,Neutral,Neutral,Neutral
"I like salting, bro",Neutral,Neutral,Neutral
Handsome Zayneee,Positive,Positive,Positive
"Enjoy playing the game, bro, there is nothing wrong, enjoy",Negative,Negative,Negative
"gg bro, let's unlock Caleb",Neutral,Neutral,Neutral
Sylus is really handsome,Positive,Positive,Positive
"bro, thanks bro",Positive,Positive,Positive
"thanks for the review bro, there's nothing wrong in it",Negative,Positive,Negative
role model indeed,Neutral,Neutral,Neutral
"Thank you bro for playing the game, we love you and always support you",Positive,Positive,Positive
"Thank you for playing the game, stay healthy and happy",Positive,Positive,Positive
what a game,Negative,Negative,Negative
"Hey, beautiful",Positive,Positive,Positive
your face is cute fika,Positive,Positive,Neutral
fika,Neutral,Neutral,Neutral
ugh,Neutral,Neutral,Neutral
askedvondegurechaff what's so strange about your bkp game huh,Negative,Negative,Negative
I asked vondegurechaff,Neutral,Neutral,Neutral
first,Positive,Neutral,Neutral
thanks bro for playing this game,Negative,Positive,Negative
I'm proud bro,Positive,Positive,Positive
gg,Neutral,Neutral,Neutral
sigma signa boy,Neutral,Neutral,Neutral
"thank you bro, forgot to rest, kite shark, i love you, bro, windah",Positive,Positive,Positive
great spirit,Positive,Positive,Positive
"Thank you bro, playing the game is really fun",Negative,Positive,Negative
gg,Neutral,Neutral,Neutral
Bro Windah is cool,Positive,Positive,Positive
waaaaahhh thank you bro for playing the tysm game,Negative,Negative,Negative
"gg, bro, Windah, by the way, a really cool guy",Positive,Positive,Positive
deepspace reedem code,Neutral,Neutral,Neutral
"That's great bro, wasted watching until hours heheheh",Positive,Positive,Positive
"bro, thanks",Positive,Positive,Positive
"thanks bro, wait for the part",Positive,Positive,Positive
Sylus Zayne's wife,Neutral,Neutral,Neutral
Thank you bro for playing the game,Negative,Negative,Negative
it's a good game bro,Positive,Positive,Positive
cool bro sigma,Positive,Positive,Positive
gg bro windah,Neutral,Neutral,Neutral
Thank you for playing the game,Negative,Negative,Negative
hello bro windah,Neutral,Neutral,Neutral
"Bro, playing the yellow Caleb chapter is unlocked",Neutral,Neutral,Neutral
cool bro,Positive,Positive,Positive
"Bro, I've watched it a lot",Neutral,Neutral,Neutral
"Yes bro, it's really exciting, the story is complete",Positive,Positive,Positive
"respect bro, love you",Positive,Positive,Positive
"Thank you for playing gems, bro, what's a game?",Negative,Negative,Negative
crazy bro gg,Negative,Neutral,Negative
wait for the part bro,Neutral,Neutral,Neutral
Thank you for trying the game bro,Negative,Negative,Negative
p,Neutral,Neutral,Neutral
proud pin,Positive,Positive,Positive
pu,Neutral,Neutral,Neutral
proud to be late,Positive,Positive,Positive
"Ignore the capers, bro, by the way, let's play the game bro, entertain the girls",Negative,Neutral,Negative
Thank you very much for accompanying me and playing the game,Negative,Negative,Negative
Sylus choked,Neutral,Neutral,Neutral
really enthusiastic about the content,Positive,Positive,Positive
"Yes, Bro, Windah feels at home playing the game",Negative,Neutral,Negative
likes otome games,Neutral,Neutral,Neutral
aim,Neutral,Neutral,Neutral
upp,Neutral,Neutral,Neutral
"Thank you so much, I've been waiting for the week",Positive,Neutral,Neutral
"Thank you, bro, playing the game, laughing and entertaining me",Positive,Positive,Positive
"Thank you bro, playing makes your girl happy, healthy, bro, good luck, bro",Positive,Positive,Positive
wait for the part,Neutral,Neutral,Neutral
there's nothing wronggggg,Neutral,Neutral,Neutral
by the way,Neutral,Neutral,Neutral
baanggg windaaaa wopppyuuuuu,Neutral,Neutral,Neutral
thank you bro game review big respect for u,Negative,Positive,Negative
"I really like playing it, thank you",Positive,Positive,Positive
wow use emottt,Positive,Positive,Positive
sylus yep,Neutral,Neutral,Neutral
wow,Positive,Positive,Positive
"Sad story, Caleb isn't",Negative,Neutral,Neutral
thank you bro,Neutral,Neutral,Neutral
bro,Neutral,Neutral,Neutral
Sylus is very handsome,Positive,Positive,Positive
respect bro windah,Neutral,Neutral,Neutral
omgoooot,Neutral,Neutral,Neutral
,Neutral,Neutral,Neutral
"thank you, proud to play, lad",Positive,Positive,Positive
story caleb homecoming ep deh meet caleb,Neutral,Neutral,Neutral
sad game just closes romance,Negative,Negative,Negative
damn you're a ninja,Neutral,Neutral,Neutral
thanks bro,Positive,Positive,Positive
p adu no hunter beautiful,Positive,Positive,Positive
yep,Neutral,Neutral,Neutral
schema again,Neutral,Neutral,Neutral
"Thank you, bro, play the game, dear bro, Windah",Negative,Neutral,Negative
"Seriously, don't comment",Negative,Neutral,Neutral
Thank you bro for the review,Neutral,Neutral,Neutral
cool,Positive,Positive,Positive
thank you bro,Neutral,Neutral,Neutral
Ily is cool,Positive,Positive,Positive
thanks bro,Positive,Positive,Positive
join,Neutral,Neutral,Neutral
Zayne bro,Neutral,Neutral,Neutral
p,Neutral,Neutral,Neutral
bro,Neutral,Neutral,Neutral
,Neutral,Neutral,Neutral
gg bro,Neutral,Neutral,Neutral
"bro, first comment",Positive,Neutral,Neutral
sylus body,Neutral,Neutral,Neutral
,Neutral,Neutral,Neutral
Zayne my future husband,Neutral,Neutral,Neutral
"Bro, his ID is a friend",Neutral,Neutral,Neutral
"go, bro",Neutral,Neutral,Neutral
hello bwanggg,Neutral,Neutral,Neutral
,Neutral,Neutral,Neutral
,Neutral,Neutral,Neutral
oi,Neutral,Neutral,Neutral
thank you bro windah,Neutral,Neutral,Neutral
bro love,Positive,Positive,Positive
,Neutral,Neutral,Neutral
first,Positive,Neutral,Neutral
You're welcome Dreinaaa,Positive,Positive,Positive
hallow dreina,Neutral,Neutral,Neutral
,Neutral,Neutral,Neutral
